SequenceID;SiteId;Month;Value;Surface;Sampling;BaseTemperature;MondayIsDayOff;TuesdayIsDayOff;WednesdayIsDayOff;ThursdayIsDayOff;FridayIsDayOff;SaturdayIsDayOff;SundayIsDayOff;AvgTemperature
1;1;2014-09-01;2865027.007630894;1387.2051194130663;15.0;18.0;False;False;False;False;False;True;True;16.227282433689336
1;1;2014-10-01;3381805.859848168;1387.2051194130663;15.0;18.0;False;False;False;False;False;True;True;14.53081529820492
1;1;2014-11-01;3234250.390740649;1387.2051194130663;15.0;18.0;False;False;False;False;False;True;True;12.603836181081192
1;1;2014-12-01;1790775.791101756;1387.2051194130663;15.0;18.0;False;False;False;False;False;True;True;9.994714275622268
1;1;2015-01-01;2960420.327252937;1387.2051194130663;15.0;18.0;False;False;False;False;False;True;True;9.817247733789548
1;1;2015-02-01;4040169.195595687;1387.2051194130663;15.0;18.0;False;False;False;False;False;True;True;8.827408379093514
1;1;2015-03-01;5072238.1813464;1387.2051194130663;15.0;18.0;False;False;False;False;False;True;True;12.60792026996771
1;1;2015-04-01;3746686.64796775;1387.2051194130663;15.0;18.0;False;False;False;False;False;True;True;14.895697905434822
1;1;2015-05-01;6467708.833292013;1387.2051194130663;15.0;18.0;False;False;False;False;False;True;True;17.141654142366107
1;1;2015-06-01;5925894.702874758;1387.2051194130663;15.0;18.0;False;False;False;False;False;True;True;19.39294481553273
1;1;2015-07-01;6779721.154528084;1387.2051194130663;15.0;18.0;False;False;False;False;False;True;True;21.53785193429267
1;1;2015-08-01;7119788.210106807;1387.2051194130663;15.0;18.0;False;False;False;False;False;True;True;20.49907454866584
2;1;2015-10-01;4844021.775461494;1387.2051194130663;15.0;18.0;False;False;False;False;False;True;True;14.792289238072366
2;1;2015-11-01;6097309.439090613;1387.2051194130663;15.0;18.0;False;False;False;False;False;True;True;12.474742852144688
2;1;2015-12-01;5315746.841816691;1387.2051194130663;15.0;18.0;False;False;False;False;False;True;True;10.585770904643011
2;1;2016-01-01;6434360.106546794;1387.2051194130663;15.0;18.0;False;False;False;False;False;True;True;10.044430381276952
3;1;2016-03-01;1894297.80072303;1387.2051194130663;15.0;18.0;False;False;False;False;False;True;True;12.515167674172917
3;1;2016-04-01;4557559.905320732;1387.2051194130663;15.0;18.0;False;False;False;False;False;True;True;15.29589403743588
3;1;2016-05-01;7095296.32311617;1387.2051194130663;15.0;18.0;False;False;False;False;False;True;True;16.96185797726271
3;1;2016-06-01;6454905.617924751;1387.2051194130663;15.0;18.0;False;False;False;False;False;True;True;19.401180382433072
3;1;2016-07-01;2313997.130763126;1387.2051194130663;15.0;18.0;False;False;False;False;False;True;True;21.32305825008297
3;1;2016-08-01;1538845.5376728491;1387.2051194130663;15.0;18.0;False;False;False;False;False;True;True;20.742745780697103
3;1;2016-09-01;4651754.2993587125;1387.2051194130663;15.0;18.0;False;False;False;False;False;True;True;19.343314778472426
3;1;2016-10-01;4787912.797098399;1387.2051194130663;15.0;18.0;False;False;False;False;False;True;True;15.324236311387889
3;1;2016-11-01;1049330.521972754;1387.2051194130663;15.0;18.0;False;False;False;False;False;True;True;12.177426391472933
3;1;2016-12-01;2346917.4006637703;1387.2051194130663;15.0;18.0;False;False;False;False;False;True;True;9.090210333213026
3;1;2017-01-01;4487127.504925587;1387.2051194130663;15.0;18.0;False;False;False;False;False;True;True;8.220158448422033
3;1;2017-02-01;2117078.023284792;1387.2051194130663;15.0;18.0;False;False;False;False;False;True;True;11.089617159986588
3;1;2017-03-01;2404908.794764702;1387.2051194130663;15.0;18.0;False;False;False;False;False;True;True;13.587104379909494
4;1;2017-05-01;6190562.686111517;1387.2051194130663;15.0;18.0;False;False;False;False;False;True;True;17.435992917198842
4;1;2017-06-01;5592668.516080994;1387.2051194130663;15.0;18.0;False;False;False;False;False;True;True;20.887620035041337
4;1;2017-07-01;6915694.153990231;1387.2051194130663;15.0;18.0;False;False;False;False;False;True;True;21.37875162596229
4;1;2017-08-01;3232228.7100804923;1387.2051194130663;15.0;18.0;False;False;False;False;False;True;True;22.11828355029739
5;2;2013-01-01;90403.77553483644;6098.278376070084;30.0;18.0;False;False;False;False;False;True;True;19.8990625
5;2;2013-02-01;93439.5413625106;6098.278376070084;30.0;18.0;False;False;False;False;False;True;True;19.80264672036824
5;2;2013-03-01;89228.82263878844;6098.278376070084;30.0;18.0;False;False;False;False;False;True;True;19.36294416243655
5;2;2013-04-01;88241.67846352712;6098.278376070084;30.0;18.0;False;False;False;False;False;True;True;17.364994775339603
5;2;2013-05-01;108509.19080283372;6098.278376070084;30.0;18.0;False;False;False;False;False;True;True;13.89990234375
5;2;2013-06-01;105553.3743999444;6098.278376070084;30.0;18.0;False;False;False;False;False;True;True;12.174669379450664
5;2;2013-07-01;110253.08803354976;6098.278376070084;30.0;18.0;False;False;False;False;False;True;True;11.18313492063492
5;2;2013-08-01;100529.79096365752;6098.278376070084;30.0;18.0;False;False;False;False;False;True;True;12.50439121756487
5;2;2013-09-01;97095.6416915584;6098.278376070084;30.0;18.0;False;False;False;False;False;True;True;13.403461296412836
5;2;2013-10-01;88015.08141837538;6098.278376070084;30.0;18.0;False;False;False;False;False;True;True;14.881902017291065
5;2;2013-11-01;79354.06908659227;6098.278376070084;30.0;18.0;False;False;False;False;False;True;True;17.075417661097852
5;2;2013-12-01;70835.38268742317;6098.278376070084;30.0;18.0;False;False;False;False;False;True;True;18.418869013271784
5;2;2014-01-01;78163.6623825728;6098.278376070084;30.0;18.0;False;False;False;False;False;True;True;18.78124639353722
5;2;2014-02-01;92222.61183933978;6098.278376070084;30.0;18.0;False;False;False;False;False;True;True;19.962148337595902
5;2;2014-03-01;83829.77881377707;6098.278376070084;30.0;18.0;False;False;False;False;False;True;True;17.988184438040346
5;2;2014-04-01;97817.60248910234;6098.278376070084;30.0;18.0;False;False;False;False;False;True;True;17.506773618538325
5;2;2014-05-01;105295.08956062447;6098.278376070084;30.0;18.0;False;False;False;False;False;True;True;13.840854010386613
5;2;2014-06-01;107246.27392614794;6098.278376070084;30.0;18.0;False;False;False;False;False;True;True;13.154751942618052
5;2;2014-07-01;102682.36198840685;6098.278376070084;30.0;18.0;False;False;False;False;False;True;True;10.983542788749252
5;2;2014-08-01;97538.8034094916;6098.278376070084;30.0;18.0;False;False;False;False;False;True;True;11.60546737213404
5;2;2014-09-01;85708.56898634172;6098.278376070084;30.0;18.0;False;False;False;False;False;True;True;13.24576372315036
5;2;2014-10-01;73310.7112102165;6098.278376070084;30.0;18.0;False;False;False;False;False;True;True;14.346902142443543
5;2;2014-11-01;73112.3432991992;6098.278376070084;30.0;18.0;False;False;False;False;False;True;True;15.31779761904762
5;2;2014-12-01;53301.72499523536;6098.278376070084;30.0;18.0;False;False;False;False;False;True;True;17.984139941690962
5;2;2015-01-01;50432.18662547727;6098.278376070084;30.0;18.0;False;False;False;False;False;True;True;20.649048991354466
5;2;2015-02-01;53589.36362882252;6098.278376070084;30.0;18.0;False;False;False;False;False;True;True;19.82436224489796
5;2;2015-03-01;52305.22807426299;6098.278376070084;30.0;18.0;False;False;False;False;False;True;True;19.43068508923432
5;2;2015-04-01;50055.0360595478;6098.278376070084;30.0;18.0;False;False;False;False;False;True;True;16.772195704057278
5;2;2015-05-01;56005.4353318531;6098.278376070084;30.0;18.0;False;False;False;False;False;True;True;13.855230125523011
5;2;2015-06-01;64824.53136857863;6098.278376070084;30.0;18.0;False;False;False;False;False;True;True;12.297559523809523
5;2;2015-07-01;70975.16152377341;6098.278376070084;30.0;18.0;False;False;False;False;False;True;True;10.622837370242214
5;2;2015-08-01;68115.47188009096;6098.278376070084;30.0;18.0;False;False;False;False;False;True;True;11.31544289044289
5;2;2015-09-01;62659.02227209187;6098.278376070084;30.0;18.0;False;False;False;False;False;True;True;12.454692169754932
5;2;2015-10-01;51902.12774031998;6098.278376070084;30.0;18.0;False;False;False;False;False;True;True;14.424841498559076
5;2;2015-11-01;52831.17277320776;6098.278376070084;30.0;18.0;False;False;False;False;False;True;True;15.858672248803828
5;2;2015-12-01;47522.67777018949;6098.278376070084;30.0;18.0;False;False;False;False;False;True;True;17.91863425925926
5;2;2016-01-01;45986.102295207216;6098.278376070084;30.0;18.0;False;False;False;False;False;True;True;20.525678015002885
5;2;2016-02-01;43744.53312613058;6098.278376070084;30.0;18.0;False;False;False;False;False;True;True;21.563023110555903
5;2;2016-03-01;44001.5117534737;6098.278376070084;30.0;18.0;False;False;False;False;False;True;True;19.81026837806301
5;2;2016-04-01;44016.08310153902;6098.278376070084;30.0;18.0;False;False;False;False;False;True;True;17.087387387387388
5;2;2016-05-01;50553.83761624312;6098.278376070084;30.0;18.0;False;False;False;False;False;True;True;16.075188405797103
5;2;2016-06-01;58598.22817072384;6098.278376070084;30.0;18.0;False;False;False;False;False;True;True;12.745892857142856
5;2;2016-07-01;59785.752621409134;6098.278376070084;30.0;18.0;False;False;False;False;False;True;True;11.652359033371692
5;2;2016-08-01;63271.84232726219;6098.278376070084;30.0;18.0;False;False;False;False;False;True;True;11.373993095512082
5;2;2016-09-01;48018.232978861546;6098.278376070084;30.0;18.0;False;False;False;False;False;True;True;13.462537224538416
5;2;2016-10-01;41443.81434491037;6098.278376070084;30.0;18.0;False;False;False;False;False;True;True;14.758640552995391
5;2;2016-11-01;39862.57936339922;6098.278376070084;30.0;18.0;False;False;False;False;False;True;True;16.029455445544553
5;2;2016-12-01;31546.61691284836;6098.278376070084;30.0;18.0;False;False;False;False;False;True;True;17.61
5;2;2017-01-01;35959.98957797474;6098.278376070084;30.0;18.0;False;False;False;False;False;True;True;18.732857142857146
5;2;2017-02-01;38404.879497104295;6098.278376070084;30.0;18.0;False;False;False;False;False;True;True;20.08558673469388
5;2;2017-03-01;40518.319905786666;6098.278376070084;30.0;18.0;False;False;False;False;False;True;True;19.31521613832853
5;2;2017-04-01;37744.62627701808;6098.278376070084;30.0;18.0;False;False;False;False;False;True;True;17.355833333333333
5;2;2017-05-01;51424.10802480661;6098.278376070084;30.0;18.0;False;False;False;False;False;True;True;13.696133871898445
5;2;2017-06-01;53557.30428038737;6098.278376070084;30.0;18.0;False;False;False;False;False;True;True;12.110883944678292
5;2;2017-07-01;57004.26046213902;6098.278376070084;30.0;18.0;False;False;False;False;False;True;True;11.127665706051872
5;2;2017-08-01;54590.42436376483;6098.278376070084;30.0;18.0;False;False;False;False;False;True;True;12.441841491841492
5;2;2017-09-01;50412.85292265534;6098.278376070084;30.0;18.0;False;False;False;False;False;True;True;13.468102932375825
6;3;2013-01-01;6432109.769688007;10556.293605272658;5.0;18.0;False;False;False;False;False;True;False;19.8990625
6;3;2013-02-01;7493260.9641358685;10556.293605272658;5.0;18.0;False;False;False;False;False;True;False;19.80264672036824
6;3;2013-03-01;6677824.858571018;10556.293605272658;5.0;18.0;False;False;False;False;False;True;False;19.36294416243655
6;3;2013-04-01;7122516.939166544;10556.293605272658;5.0;18.0;False;False;False;False;False;True;False;17.364994775339603
6;3;2013-05-01;7252253.893774094;10556.293605272658;5.0;18.0;False;False;False;False;False;True;False;13.89990234375
6;3;2013-06-01;6591355.883901301;10556.293605272658;5.0;18.0;False;False;False;False;False;True;False;12.174669379450664
6;3;2013-07-01;4939440.191195467;10556.293605272658;5.0;18.0;False;False;False;False;False;True;False;11.18313492063492
6;3;2013-08-01;6738368.117346045;10556.293605272658;5.0;18.0;False;False;False;False;False;True;False;12.50439121756487
6;3;2013-09-01;7174357.789698715;10556.293605272658;5.0;18.0;False;False;False;False;False;True;False;13.403461296412836
6;3;2013-10-01;6981715.365812768;10556.293605272658;5.0;18.0;False;False;False;False;False;True;False;14.881902017291065
6;3;2013-11-01;6370694.972257224;10556.293605272658;5.0;18.0;False;False;False;False;False;True;False;17.075417661097852
6;3;2013-12-01;5504360.274360489;10556.293605272658;5.0;18.0;False;False;False;False;False;True;False;18.418869013271784
7;6;2013-01-01;30877.64468502808;9150.19537329732;30.0;18.0;False;False;False;False;False;True;True;19.8990625
7;6;2013-02-01;35492.13551519911;9150.19537329732;30.0;18.0;False;False;False;False;False;True;True;19.80264672036824
7;6;2013-03-01;35482.345588412674;9150.19537329732;30.0;18.0;False;False;False;False;False;True;True;19.36294416243655
7;6;2013-04-01;33148.47180821448;9150.19537329732;30.0;18.0;False;False;False;False;False;True;True;17.364994775339603
7;6;2013-05-01;36889.58318342522;9150.19537329732;30.0;18.0;False;False;False;False;False;True;True;13.89990234375
7;6;2013-06-01;35395.46600847062;9150.19537329732;30.0;18.0;False;False;False;False;False;True;True;12.174669379450664
7;6;2013-07-01;36223.630443558;9150.19537329732;30.0;18.0;False;False;False;False;False;True;True;11.18313492063492
7;6;2013-08-01;33314.302349644546;9150.19537329732;30.0;18.0;False;False;False;False;False;True;True;12.50439121756487
7;6;2013-09-01;32472.2168887894;9150.19537329732;30.0;18.0;False;False;False;False;False;True;True;13.403461296412836
7;6;2013-10-01;30497.324325385067;9150.19537329732;30.0;18.0;False;False;False;False;False;True;True;14.881902017291065
7;6;2013-11-01;31777.172470310823;9150.19537329732;30.0;18.0;False;False;False;False;False;True;True;17.075417661097852
7;6;2013-12-01;26425.155870523417;9150.19537329732;30.0;18.0;False;False;False;False;False;True;True;18.418869013271784
7;6;2014-01-01;26431.200828828096;9150.19537329732;30.0;18.0;False;False;False;False;False;True;True;18.78124639353722
7;6;2014-02-01;28340.422109545667;9150.19537329732;30.0;18.0;False;False;False;False;False;True;True;19.962148337595902
7;6;2014-03-01;29554.21067389828;9150.19537329732;30.0;18.0;False;False;False;False;False;True;True;17.988184438040346
7;6;2014-04-01;27914.519035608857;9150.19537329732;30.0;18.0;False;False;False;False;False;True;True;17.506773618538325
7;6;2014-05-01;29561.043847184126;9150.19537329732;30.0;18.0;False;False;False;False;False;True;True;13.840854010386613
7;6;2014-06-01;30860.831322429844;9150.19537329732;30.0;18.0;False;False;False;False;False;True;True;13.154751942618052
7;6;2014-07-01;31588.89600296565;9150.19537329732;30.0;18.0;False;False;False;False;False;True;True;10.983542788749252
7;6;2014-08-01;30562.78157815376;9150.19537329732;30.0;18.0;False;False;False;False;False;True;True;11.60546737213404
7;6;2014-09-01;30201.370696693823;9150.19537329732;30.0;18.0;False;False;False;False;False;True;True;13.24576372315036
7;6;2014-10-01;27887.517549940243;9150.19537329732;30.0;18.0;False;False;False;False;False;True;True;14.346902142443543
7;6;2014-11-01;26476.98359526037;9150.19537329732;30.0;18.0;False;False;False;False;False;True;True;15.31779761904762
7;6;2014-12-01;22573.72174805805;9150.19537329732;30.0;18.0;False;False;False;False;False;True;True;17.984139941690962
7;6;2015-01-01;23831.23958905203;9150.19537329732;30.0;18.0;False;False;False;False;False;True;True;20.649048991354466
7;6;2015-02-01;27042.9176584535;9150.19537329732;30.0;18.0;False;False;False;False;False;True;True;19.82436224489796
7;6;2015-03-01;26961.81441904598;9150.19537329732;30.0;18.0;False;False;False;False;False;True;True;19.43068508923432
7;6;2015-04-01;24679.380673293887;9150.19537329732;30.0;18.0;False;False;False;False;False;True;True;16.772195704057278
7;6;2015-05-01;27609.250655906253;9150.19537329732;30.0;18.0;False;False;False;False;False;True;True;13.855230125523011
7;6;2015-06-01;28938.200518416463;9150.19537329732;30.0;18.0;False;False;False;False;False;True;True;12.297559523809523
7;6;2015-07-01;28672.74139778611;9150.19537329732;30.0;18.0;False;False;False;False;False;True;True;10.622837370242214
7;6;2015-08-01;28747.971274168867;9150.19537329732;30.0;18.0;False;False;False;False;False;True;True;11.31544289044289
7;6;2015-09-01;28563.87906388309;9150.19537329732;30.0;18.0;False;False;False;False;False;True;True;12.454692169754932
7;6;2015-10-01;25911.011000697672;9150.19537329732;30.0;18.0;False;False;False;False;False;True;True;14.424841498559076
7;6;2015-11-01;27035.229059499576;9150.19537329732;30.0;18.0;False;False;False;False;False;True;True;15.858672248803828
7;6;2015-12-01;22027.12508061065;9150.19537329732;30.0;18.0;False;False;False;False;False;True;True;17.91863425925926
7;6;2016-01-01;22419.433931660347;9150.19537329732;30.0;18.0;False;False;False;False;False;True;True;20.525678015002885
7;6;2016-02-01;25623.444284371697;9150.19537329732;30.0;18.0;False;False;False;False;False;True;True;21.563023110555903
7;6;2016-03-01;24649.08048857599;9150.19537329732;30.0;18.0;False;False;False;False;False;True;True;19.81026837806301
7;6;2016-04-01;22192.45923616689;9150.19537329732;30.0;18.0;False;False;False;False;False;True;True;17.087387387387388
7;6;2016-05-01;24426.083675282345;9150.19537329732;30.0;18.0;False;False;False;False;False;True;True;16.075188405797103
7;6;2016-06-01;27269.98457108201;9150.19537329732;30.0;18.0;False;False;False;False;False;True;True;12.745892857142856
7;6;2016-07-01;26611.558594970367;9150.19537329732;30.0;18.0;False;False;False;False;False;True;True;11.652359033371692
7;6;2016-08-01;27358.437154571737;9150.19537329732;30.0;18.0;False;False;False;False;False;True;True;11.373993095512082
7;6;2016-09-01;26344.83196675895;9150.19537329732;30.0;18.0;False;False;False;False;False;True;True;13.462537224538416
7;6;2016-10-01;25394.34937952697;9150.19537329732;30.0;18.0;False;False;False;False;False;True;True;14.758640552995391
7;6;2016-11-01;25191.27139607659;9150.19537329732;30.0;18.0;False;False;False;False;False;True;True;16.029455445544553
7;6;2016-12-01;22967.222079663818;9150.19537329732;30.0;18.0;False;False;False;False;False;True;True;17.61
7;6;2017-01-01;22199.08182791428;9150.19537329732;30.0;18.0;False;False;False;False;False;True;True;18.732857142857146
7;6;2017-02-01;22534.396249940342;9150.19537329732;30.0;18.0;False;False;False;False;False;True;True;20.08558673469388
7;6;2017-03-01;25681.757498377432;9150.19537329732;30.0;18.0;False;False;False;False;False;True;True;19.31521613832853
7;6;2017-04-01;23058.35317145077;9150.19537329732;30.0;18.0;False;False;False;False;False;True;True;17.355833333333333
7;6;2017-05-01;26534.27527076552;9150.19537329732;30.0;18.0;False;False;False;False;False;True;True;13.696133871898445
7;6;2017-06-01;25220.86089336101;9150.19537329732;30.0;18.0;False;False;False;False;False;True;True;12.110883944678292
7;6;2017-07-01;24160.196713078367;9150.19537329732;30.0;18.0;False;False;False;False;False;True;True;11.127665706051872
7;6;2017-08-01;25933.74754933526;9150.19537329732;30.0;18.0;False;False;False;False;False;True;True;12.441841491841492
7;6;2017-09-01;24710.010954895504;9150.19537329732;30.0;18.0;False;False;False;False;False;True;True;13.468102932375825
7;6;2017-10-01;23311.773858801826;9150.19537329732;30.0;18.0;False;False;False;False;False;True;True;14.982342758222735
8;7;2015-11-01;9069615.051710296;15168.12597088516;30.0;18.0;False;False;False;False;False;True;True;15.858672248803828
8;7;2015-12-01;8093548.583037887;15168.12597088516;30.0;18.0;False;False;False;False;False;True;True;17.91863425925926
8;7;2016-01-01;9304295.968157472;15168.12597088516;30.0;18.0;False;False;False;False;False;True;True;20.525678015002885
8;7;2016-02-01;8267939.7360059535;15168.12597088516;30.0;18.0;False;False;False;False;False;True;True;21.563023110555903
8;7;2016-03-01;8006376.786988119;15168.12597088516;30.0;18.0;False;False;False;False;False;True;True;19.81026837806301
8;7;2016-04-01;8299077.754143807;15168.12597088516;30.0;18.0;False;False;False;False;False;True;True;17.087387387387388
8;7;2016-05-01;8414480.75423868;15168.12597088516;30.0;18.0;False;False;False;False;False;True;True;16.075188405797103
8;7;2016-06-01;9875472.88795922;15168.12597088516;30.0;18.0;False;False;False;False;False;True;True;12.745892857142856
8;7;2016-07-01;10643700.101680154;15168.12597088516;30.0;18.0;False;False;False;False;False;True;True;11.652359033371692
8;7;2016-08-01;11972157.497043964;15168.12597088516;30.0;18.0;False;False;False;False;False;True;True;11.373993095512082
8;7;2016-09-01;10100693.551444491;15168.12597088516;30.0;18.0;False;False;False;False;False;True;True;13.462537224538416
8;7;2016-10-01;8985439.27917969;15168.12597088516;30.0;18.0;False;False;False;False;False;True;True;14.758640552995391
8;7;2016-11-01;9822268.362965344;15168.12597088516;30.0;18.0;False;False;False;False;False;True;True;16.029455445544553
9;7;2017-01-01;8986083.770378895;15168.12597088516;30.0;18.0;False;False;False;False;False;True;True;18.732857142857146
9;7;2017-02-01;8876372.37646526;15168.12597088516;30.0;18.0;False;False;False;False;False;True;True;20.08558673469388
9;7;2017-03-01;8795866.992772104;15168.12597088516;30.0;18.0;False;False;False;False;False;True;True;19.31521613832853
9;7;2017-04-01;8790717.956022967;15168.12597088516;30.0;18.0;False;False;False;False;False;True;True;17.355833333333333
10;8;2013-03-01;44114.970080047824;22221.85184655245;30.0;18.0;False;False;False;False;False;True;True;15.529918864097365
10;8;2013-04-01;47922.346707428536;22221.85184655245;30.0;18.0;False;False;False;False;False;True;True;12.176507276507277
10;8;2013-05-01;53605.22730022924;22221.85184655245;30.0;18.0;False;False;False;False;False;True;True;8.974507874015748
10;8;2013-06-01;50424.92733930048;22221.85184655245;30.0;18.0;False;False;False;False;False;True;True;6.506002034587995
10;8;2013-07-01;42532.62981364668;22221.85184655245;30.0;18.0;False;False;False;False;False;True;True;7.381175298804781
10;8;2013-08-01;50771.921044384806;22221.85184655245;30.0;18.0;False;False;False;False;False;True;True;8.9333
10;8;2013-09-01;42026.18152826637;22221.85184655245;30.0;18.0;False;False;False;False;False;True;True;9.261601513240857
10;8;2013-10-01;48249.3742314439;22221.85184655245;30.0;18.0;False;False;False;False;False;True;True;12.100980957876514
10;8;2013-11-01;41443.46094822329;22221.85184655245;30.0;18.0;False;False;False;False;False;True;True;13.667045454545454
10;8;2013-12-01;24090.616235491663;22221.85184655245;30.0;18.0;False;False;False;False;False;True;True;15.937167630057804
10;8;2014-01-01;20738.821871476222;22221.85184655245;30.0;18.0;False;False;False;False;False;True;True;15.868869565217391
10;8;2014-02-01;26532.190320107435;22221.85184655245;30.0;18.0;False;False;False;False;False;True;True;16.198976327575178
10;8;2014-03-01;35741.51891837058;22221.85184655245;30.0;18.0;False;False;False;False;False;True;True;13.696422388920949
10;8;2014-04-01;36188.89032019064;22221.85184655245;30.0;18.0;False;False;False;False;False;True;True;12.24434523809524
10;8;2014-05-01;43094.22803782099;22221.85184655245;30.0;18.0;False;False;False;False;False;True;True;9.409322524609149
10;8;2014-06-01;47740.57604808972;22221.85184655245;30.0;18.0;False;False;False;False;False;True;True;7.530755395683453
10;8;2014-07-01;38198.794239908544;22221.85184655245;30.0;18.0;False;False;False;False;False;True;True;6.611337732453509
10;8;2014-08-01;42178.1398832616;22221.85184655245;30.0;18.0;False;False;False;False;False;True;True;6.910718492343934
10;8;2014-09-01;41922.1765598035;22221.85184655245;30.0;18.0;False;False;False;False;False;True;True;8.802032277346084
10;8;2014-10-01;43162.16397224224;22221.85184655245;30.0;18.0;False;False;False;False;False;True;True;11.041642228739002
10;8;2014-11-01;39303.97981186237;22221.85184655245;30.0;18.0;False;False;False;False;False;True;True;13.459499702203694
10;8;2014-12-01;25055.02920281894;22221.85184655245;30.0;18.0;False;False;False;False;False;True;True;15.122605140186916
10;8;2015-01-01;22056.53761775804;22221.85184655245;30.0;18.0;False;False;False;False;False;True;True;17.759237875288683
10;8;2015-02-01;28006.4363160936;22221.85184655245;30.0;18.0;False;False;False;False;False;True;True;15.922671804752728
10;8;2015-03-01;39957.05762612997;22221.85184655245;30.0;18.0;False;False;False;False;False;True;True;15.26048526863085
10;8;2015-04-01;39012.68511726936;22221.85184655245;30.0;18.0;False;False;False;False;False;True;True;12.772062350119905
10;8;2015-05-01;46313.69509516731;22221.85184655245;30.0;18.0;False;False;False;False;False;True;True;9.414147521160825
10;8;2015-06-01;49679.29638510876;22221.85184655245;30.0;18.0;False;False;False;False;False;True;True;6.55
10;8;2015-07-01;40162.86059934991;22221.85184655245;30.0;18.0;False;False;False;False;False;True;True;6.010803004043906
10;8;2015-08-01;50030.07065190862;22221.85184655245;30.0;18.0;False;False;False;False;False;True;True;6.6272303206997085
10;8;2015-09-01;43067.00300654237;22221.85184655245;30.0;18.0;False;False;False;False;False;True;True;8.13377245508982
10;8;2015-10-01;44103.32902027282;22221.85184655245;30.0;18.0;False;False;False;False;False;True;True;11.952497096399537
10;8;2015-11-01;42589.2309215471;22221.85184655245;30.0;18.0;False;False;False;False;False;True;True;13.301617735170762
10;8;2015-12-01;22649.738926386213;22221.85184655245;30.0;18.0;False;False;False;False;False;True;True;14.927858386535114
10;8;2016-01-01;19562.04055061133;22221.85184655245;30.0;18.0;False;False;False;False;False;True;True;15.967570686670513
10;8;2016-02-01;28610.74200304564;22221.85184655245;30.0;18.0;False;False;False;False;False;True;True;18.907658505963592
10;8;2016-03-01;34522.78041518572;22221.85184655245;30.0;18.0;False;False;False;False;False;True;True;15.287236533957843
10;8;2016-04-01;32645.0613304288;22221.85184655245;30.0;18.0;False;False;False;False;False;True;True;12.010755287009063
10;8;2016-05-01;39076.58824279229;22221.85184655245;30.0;18.0;False;False;False;False;False;True;True;11.781156069364163
10;8;2016-06-01;47778.46881523886;22221.85184655245;30.0;18.0;False;False;False;False;False;True;True;7.952033492822966
10;8;2016-07-01;37687.33144612997;22221.85184655245;30.0;18.0;False;False;False;False;False;True;True;6.499073537927041
10;8;2016-08-01;45292.09229139645;22221.85184655245;30.0;18.0;False;False;False;False;False;True;True;6.226182237600924
10;8;2016-09-01;42994.29973185908;22221.85184655245;30.0;18.0;False;False;False;False;False;True;True;10.040453460620524
10;8;2016-10-01;39595.69011279948;22221.85184655245;30.0;18.0;False;False;False;False;False;True;True;11.74324480369515
10;8;2016-11-01;38471.67632549776;22221.85184655245;30.0;18.0;False;False;False;False;False;True;True;13.545910780669145
10;8;2016-12-01;21332.12445726931;22221.85184655245;30.0;18.0;False;False;False;False;False;True;True;15.3485878962536
10;8;2017-01-01;19314.656777910688;22221.85184655245;30.0;18.0;False;False;False;False;False;True;True;16.539868499701136
10;8;2017-02-01;21804.09071502096;22221.85184655245;30.0;18.0;False;False;False;False;False;True;True;16.616005121638924
10;8;2017-03-01;32219.900686017914;22221.85184655245;30.0;18.0;False;False;False;False;False;True;True;14.2964161849711
11;9;2013-01-01;2347.1196533195425;14588.849015258602;30.0;18.0;False;False;False;False;False;True;True;17.459414225941423
11;9;2013-02-01;3387.9637790672514;14588.849015258602;30.0;18.0;False;False;False;False;False;True;True;16.084536082474227
11;9;2013-03-01;4333.50919796047;14588.849015258602;30.0;18.0;False;False;False;False;False;True;True;15.529918864097365
11;9;2013-04-01;2772.8581047058137;14588.849015258602;30.0;18.0;False;False;False;False;False;True;True;12.176507276507277
11;9;2013-05-01;3115.719453753332;14588.849015258602;30.0;18.0;False;False;False;False;False;True;True;8.974507874015748
11;9;2013-06-01;3478.106571809903;14588.849015258602;30.0;18.0;False;False;False;False;False;True;True;6.506002034587995
11;9;2013-07-01;3364.9749222744763;14588.849015258602;30.0;18.0;False;False;False;False;False;True;True;7.381175298804781
11;9;2013-08-01;3507.30194173109;14588.849015258602;30.0;18.0;False;False;False;False;False;True;True;8.9333
11;9;2013-09-01;3117.9285494867213;14588.849015258602;30.0;18.0;False;False;False;False;False;True;True;9.261601513240857
11;9;2013-10-01;2747.2790116289;14588.849015258602;30.0;18.0;False;False;False;False;False;True;True;12.100980957876514
11;9;2013-11-01;2599.1019495944306;14588.849015258602;30.0;18.0;False;False;False;False;False;True;True;13.667045454545454
11;9;2013-12-01;2262.730941736335;14588.849015258602;30.0;18.0;False;False;False;False;False;True;True;15.937167630057804
11;9;2014-01-01;2201.9464506612344;14588.849015258602;30.0;18.0;False;False;False;False;False;True;True;15.868869565217391
11;9;2014-02-01;2909.0194316336256;14588.849015258602;30.0;18.0;False;False;False;False;False;True;True;16.198976327575178
11;9;2014-03-01;3816.08674893908;14588.849015258602;30.0;18.0;False;False;False;False;False;True;True;13.696422388920949
11;9;2014-04-01;2911.0970730737345;14588.849015258602;30.0;18.0;False;False;False;False;False;True;True;12.24434523809524
11;9;2014-05-01;2756.7609526917163;14588.849015258602;30.0;18.0;False;False;False;False;False;True;True;9.409322524609149
11;9;2014-06-01;3079.478497367144;14588.849015258602;30.0;18.0;False;False;False;False;False;True;True;7.530755395683453
11;9;2014-07-01;4547.695416691835;14588.849015258602;30.0;18.0;False;False;False;False;False;True;True;6.611337732453509
11;9;2014-08-01;3785.5726753102304;14588.849015258602;30.0;18.0;False;False;False;False;False;True;True;6.910718492343934
11;9;2014-09-01;3535.2724678319064;14588.849015258602;30.0;18.0;False;False;False;False;False;True;True;8.802032277346084
11;9;2014-10-01;3324.398270298672;14588.849015258602;30.0;18.0;False;False;False;False;False;True;True;11.041642228739002
11;9;2014-11-01;2803.806493407297;14588.849015258602;30.0;18.0;False;False;False;False;False;True;True;13.459499702203694
11;9;2014-12-01;2150.9652154197715;14588.849015258602;30.0;18.0;False;False;False;False;False;True;True;15.122605140186916
11;9;2015-01-01;2830.836681020293;14588.849015258602;30.0;18.0;False;False;False;False;False;True;True;17.759237875288683
11;9;2015-02-01;3719.765543897243;14588.849015258602;30.0;18.0;False;False;False;False;False;True;True;15.922671804752728
11;9;2015-03-01;4511.533410618671;14588.849015258602;30.0;18.0;False;False;False;False;False;True;True;15.26048526863085
11;9;2015-04-01;2840.566625002717;14588.849015258602;30.0;18.0;False;False;False;False;False;True;True;12.772062350119905
11;9;2015-05-01;3398.8874956333807;14588.849015258602;30.0;18.0;False;False;False;False;False;True;True;9.414147521160825
11;9;2015-06-01;3411.100202205688;14588.849015258602;30.0;18.0;False;False;False;False;False;True;True;6.55
11;9;2015-07-01;3675.953981145096;14588.849015258602;30.0;18.0;False;False;False;False;False;True;True;6.010803004043906
11;9;2015-08-01;3758.5411058889;14588.849015258602;30.0;18.0;False;False;False;False;False;True;True;6.6272303206997085
11;9;2015-09-01;3411.964922803638;14588.849015258602;30.0;18.0;False;False;False;False;False;True;True;8.13377245508982
11;9;2015-10-01;2881.1197781742003;14588.849015258602;30.0;18.0;False;False;False;False;False;True;True;11.952497096399537
11;9;2015-11-01;2526.881869767883;14588.849015258602;30.0;18.0;False;False;False;False;False;True;True;13.301617735170762
11;9;2015-12-01;1196.594045059442;14588.849015258602;30.0;18.0;False;False;False;False;False;True;True;14.927858386535114
11;9;2016-01-01;1582.1939866146065;14588.849015258602;30.0;18.0;False;False;False;False;False;True;True;15.967570686670513
11;9;2016-02-01;2052.6453445983443;14588.849015258602;30.0;18.0;False;False;False;False;False;True;True;18.907658505963592
11;9;2016-03-01;2719.866350971972;14588.849015258602;30.0;18.0;False;False;False;False;False;True;True;15.287236533957843
12;10;2013-01-01;450541.2575557648;6393.671250655899;30.0;18.0;False;False;False;False;False;True;True;17.459414225941423
12;10;2013-02-01;544856.4985073622;6393.671250655899;30.0;18.0;False;False;False;False;False;True;True;16.084536082474227
12;10;2013-03-01;708993.1140205408;6393.671250655899;30.0;18.0;False;False;False;False;False;True;True;15.529918864097365
12;10;2013-04-01;1690489.8379601452;6393.671250655899;30.0;18.0;False;False;False;False;False;True;True;12.176507276507277
12;10;2013-05-01;1882674.0134761648;6393.671250655899;30.0;18.0;False;False;False;False;False;True;True;8.974507874015748
12;10;2013-06-01;1950337.99028398;6393.671250655899;30.0;18.0;False;False;False;False;False;True;True;6.506002034587995
12;10;2013-07-01;1789817.3222673829;6393.671250655899;30.0;18.0;False;False;False;False;False;True;True;7.381175298804781
12;10;2013-08-01;1886481.40089192;6393.671250655899;30.0;18.0;False;False;False;False;False;True;True;8.9333
12;10;2013-09-01;1775102.8218246172;6393.671250655899;30.0;18.0;False;False;False;False;False;True;True;9.261601513240857
12;10;2013-10-01;1677718.2401008762;6393.671250655899;30.0;18.0;False;False;False;False;False;True;True;12.100980957876514
12;10;2013-11-01;1632438.760092533;6393.671250655899;30.0;18.0;False;False;False;False;False;True;True;13.667045454545454
12;10;2013-12-01;1255764.915785116;6393.671250655899;30.0;18.0;False;False;False;False;False;True;True;15.937167630057804
12;10;2014-01-01;1011716.4936521496;6393.671250655899;30.0;18.0;False;False;False;False;False;True;True;15.868869565217391
13;10;2014-03-01;1781906.1213582484;6393.671250655899;30.0;18.0;False;False;False;False;False;True;True;13.696422388920949
13;10;2014-04-01;1667655.3464879843;6393.671250655899;30.0;18.0;False;False;False;False;False;True;True;12.24434523809524
13;10;2014-05-01;1799348.4651266655;6393.671250655899;30.0;18.0;False;False;False;False;False;True;True;9.409322524609149
13;10;2014-06-01;1846854.487539582;6393.671250655899;30.0;18.0;False;False;False;False;False;True;True;7.530755395683453
14;10;2014-08-01;1893228.5333171813;6393.671250655899;30.0;18.0;False;False;False;False;False;True;True;6.910718492343934
14;10;2014-09-01;1835852.323308852;6393.671250655899;30.0;18.0;False;False;False;False;False;True;True;8.802032277346084
14;10;2014-10-01;1801679.0363608147;6393.671250655899;30.0;18.0;False;False;False;False;False;True;True;11.041642228739002
14;10;2014-11-01;1693792.6003260596;6393.671250655899;30.0;18.0;False;False;False;False;False;True;True;13.459499702203694
14;10;2014-12-01;1297616.2593642145;6393.671250655899;30.0;18.0;False;False;False;False;False;True;True;15.122605140186916
14;10;2015-01-01;1376415.2356565944;6393.671250655899;30.0;18.0;False;False;False;False;False;True;True;17.759237875288683
14;10;2015-02-01;1572101.8235974945;6393.671250655899;30.0;18.0;False;False;False;False;False;True;True;15.922671804752728
14;10;2015-03-01;1869529.2630895984;6393.671250655899;30.0;18.0;False;False;False;False;False;True;True;15.26048526863085
14;10;2015-04-01;1715895.7126052508;6393.671250655899;30.0;18.0;False;False;False;False;False;True;True;12.772062350119905
14;10;2015-05-01;1781209.6275572926;6393.671250655899;30.0;18.0;False;False;False;False;False;True;True;9.414147521160825
14;10;2015-06-01;1898149.076835076;6393.671250655899;30.0;18.0;False;False;False;False;False;True;True;6.55
14;10;2015-07-01;1804391.30879684;6393.671250655899;30.0;18.0;False;False;False;False;False;True;True;6.010803004043906
15;10;2015-09-01;1841654.534651184;6393.671250655899;30.0;18.0;False;False;False;False;False;True;True;8.13377245508982
15;10;2015-10-01;1666274.1792017042;6393.671250655899;30.0;18.0;False;False;False;False;False;True;True;11.952497096399537
15;10;2015-11-01;1627675.902291376;6393.671250655899;30.0;18.0;False;False;False;False;False;True;True;13.301617735170762
15;10;2015-12-01;1342163.5585547471;6393.671250655899;30.0;18.0;False;False;False;False;False;True;True;14.927858386535114
16;12;2016-06-01;10053298.19972579;33676.246551396136;15.0;18.0;False;False;False;False;False;True;True;16.89741935483871
16;12;2016-07-01;9911894.70142384;33676.246551396136;15.0;18.0;False;False;False;False;False;True;True;16.74620938628159
16;12;2016-08-01;10787167.537217133;33676.246551396136;15.0;18.0;False;False;False;False;False;True;True;16.844284128745837
16;12;2016-09-01;12291412.06664495;33676.246551396136;15.0;18.0;False;False;False;False;False;True;True;17.448981900452488
16;12;2016-10-01;10771796.328900537;33676.246551396136;15.0;18.0;False;False;False;False;False;True;True;16.633552631578947
16;12;2016-11-01;9368882.019683683;33676.246551396136;15.0;18.0;False;False;False;False;False;True;True;13.484117647058824
16;12;2016-12-01;6911395.630224602;33676.246551396136;15.0;18.0;False;False;False;False;False;True;True;10.897364953886694
16;12;2017-01-01;9253938.210208245;33676.246551396136;15.0;18.0;False;False;False;False;False;True;True;9.956507592190889
16;12;2017-02-01;9082271.550511053;33676.246551396136;15.0;18.0;False;False;False;False;False;True;True;12.562375249501
16;12;2017-03-01;9040191.313307509;33676.246551396136;15.0;18.0;False;False;False;False;False;True;True;13.51030042918455
16;12;2017-04-01;9455301.116243938;33676.246551396136;15.0;18.0;False;False;False;False;False;True;True;14.617142857142856
16;12;2017-05-01;9485096.404521411;33676.246551396136;15.0;18.0;False;False;False;False;False;True;True;15.475721925133689
16;12;2017-06-01;8702451.81451595;33676.246551396136;15.0;18.0;False;False;False;False;False;True;True;17.155467869222097
17;12;2017-08-01;10064938.673173882;33676.246551396136;15.0;18.0;False;False;False;False;False;True;True;18.50348204570185
17;12;2017-09-01;10551977.087847969;33676.246551396136;15.0;18.0;False;False;False;False;False;True;True;20.10880713489409
17;12;2017-10-01;10451976.936088195;33676.246551396136;15.0;18.0;False;False;False;False;False;True;True;16.982056892778992
18;13;2014-07-01;1740802.8415152873;891.4878498328047;15.0;18.0;False;False;False;False;False;True;True;26.544117647058822
18;13;2014-08-01;2533064.372280669;891.4878498328047;15.0;18.0;False;False;False;False;False;True;True;24.06451612903226
18;13;2014-09-01;2632634.647626514;891.4878498328047;15.0;18.0;False;False;False;False;False;True;True;21.38372093023256
18;13;2014-10-01;2028957.3929746784;891.4878498328047;15.0;18.0;False;False;False;False;False;True;True;8.127536231884058
18;13;2014-11-01;3368375.7594797136;891.4878498328047;15.0;18.0;False;False;False;False;False;True;True;12.32375
18;13;2014-12-01;3706605.547069402;891.4878498328047;15.0;18.0;False;False;False;False;False;True;True;6.978985507246377
18;13;2015-01-01;4667858.669955398;891.4878498328047;15.0;18.0;False;False;False;False;False;True;True;5.602912621359224
18;13;2015-02-01;5275582.510467822;891.4878498328047;15.0;18.0;False;False;False;False;False;True;True;1.2837606837606836
18;13;2015-03-01;3380148.3193353484;891.4878498328047;15.0;18.0;False;False;False;False;False;True;True;13.904195804195805
18;13;2015-04-01;4871621.703950162;891.4878498328047;15.0;18.0;False;False;False;False;False;True;True;18.73564727954972
18;13;2015-05-01;4100435.174875498;891.4878498328047;15.0;18.0;False;False;False;False;False;True;True;21.68765432098765
18;13;2015-06-01;4552166.979427312;891.4878498328047;15.0;18.0;False;False;False;False;False;True;True;25.939772727272725
18;13;2015-07-01;4639010.624284631;891.4878498328047;15.0;18.0;False;False;False;False;False;True;True;24.72077922077922
19;13;2015-09-01;5562134.078754083;891.4878498328047;15.0;18.0;False;False;False;False;False;True;True;19.599107142857143
19;13;2015-10-01;3348736.6356525896;891.4878498328047;15.0;18.0;False;False;False;False;False;True;True;14.520731707317074
19;13;2015-11-01;3552261.3885440137;891.4878498328047;15.0;18.0;False;False;False;False;False;True;True;12.836697247706422
19;13;2015-12-01;3709457.3776416713;891.4878498328047;15.0;18.0;False;False;False;False;False;True;True;8.705882352941176
20;13;2016-02-01;2751324.476513334;891.4878498328047;15.0;18.0;False;False;False;False;False;True;True;12.271604938271604
20;13;2016-03-01;3391264.821514433;891.4878498328047;15.0;18.0;False;False;False;False;False;True;True;19.22
20;13;2016-04-01;3319584.2751371283;891.4878498328047;15.0;18.0;False;False;False;False;False;True;True;19.764864864864865
20;13;2016-05-01;3469566.447942142;891.4878498328047;15.0;18.0;False;False;False;False;False;True;True;24.87719298245614
20;13;2016-06-01;3777177.714877864;891.4878498328047;15.0;18.0;False;False;False;False;False;True;True;24.27536231884058
20;13;2016-07-01;3637401.2199956616;891.4878498328047;15.0;18.0;False;False;False;False;False;True;True;24.93653846153846
20;13;2016-08-01;4095265.0234798784;891.4878498328047;15.0;18.0;False;False;False;False;False;True;True;26.17567567567568
20;13;2016-09-01;3789713.7912884015;891.4878498328047;15.0;18.0;False;False;False;False;False;True;True;16.998148148148147
20;13;2016-10-01;3244053.877357775;891.4878498328047;15.0;18.0;False;False;False;False;False;True;True;20.97826086956522
20;13;2016-11-01;3334245.7668663254;891.4878498328047;15.0;18.0;False;False;False;False;False;True;True;11.93529411764706
20;13;2016-12-01;3080473.909546832;891.4878498328047;15.0;18.0;False;False;False;False;False;True;True;5.401312649164678
20;13;2017-01-01;2103017.4697207087;891.4878498328047;15.0;18.0;False;False;False;False;False;True;True;12.195744680851066
20;13;2017-02-01;2810206.0647594547;891.4878498328047;15.0;18.0;False;False;False;False;False;True;True;7.427800829875518
21;13;2017-04-01;2978979.0885804705;891.4878498328047;15.0;18.0;False;False;False;False;False;True;True;18.2076
21;13;2017-05-01;2878715.4934962075;891.4878498328047;15.0;18.0;False;False;False;False;False;True;True;20.422784810126583
21;13;2017-06-01;3133512.461592644;891.4878498328047;15.0;18.0;False;False;False;False;False;True;True;23.919565217391305
21;13;2017-07-01;3855775.760022781;891.4878498328047;15.0;18.0;False;False;False;False;False;True;True;24.27878787878788
22;14;2014-08-01;28340.907714695182;702.1016954440776;15.0;18.0;False;False;False;False;False;True;True;16.768820314896253
22;14;2014-09-01;28284.477078849013;702.1016954440776;15.0;18.0;False;False;False;False;False;True;True;16.227282433689336
22;14;2014-10-01;28287.8499595822;702.1016954440776;15.0;18.0;False;False;False;False;False;True;True;14.53081529820492
22;14;2014-11-01;27677.7241941639;702.1016954440776;15.0;18.0;False;False;False;False;False;True;True;12.603836181081192
22;14;2014-12-01;29958.13210524789;702.1016954440776;15.0;18.0;False;False;False;False;False;True;True;9.994714275622268
22;14;2015-01-01;32139.333912001643;702.1016954440776;15.0;18.0;False;False;False;False;False;True;True;9.817247733789548
22;14;2015-02-01;33301.262722820444;702.1016954440776;15.0;18.0;False;False;False;False;False;True;True;8.827408379093514
22;14;2015-03-01;29101.233707612544;702.1016954440776;15.0;18.0;False;False;False;False;False;True;True;12.60792026996771
22;14;2015-04-01;29572.72389380386;702.1016954440776;15.0;18.0;False;False;False;False;False;True;True;14.895697905434822
22;14;2015-05-01;30347.72193264161;702.1016954440776;15.0;18.0;False;False;False;False;False;True;True;17.141654142366107
22;14;2015-06-01;38383.04611082965;702.1016954440776;15.0;18.0;False;False;False;False;False;True;True;19.39294481553273
22;14;2015-07-01;39709.75740738756;702.1016954440776;15.0;18.0;False;False;False;False;False;True;True;21.53785193429267
22;14;2015-08-01;35995.57273844631;702.1016954440776;15.0;18.0;False;False;False;False;False;True;True;20.49907454866584
22;14;2015-09-01;32507.881376581623;702.1016954440776;15.0;18.0;False;False;False;False;False;True;True;17.621727802535418
22;14;2015-10-01;26617.41369926112;702.1016954440776;15.0;18.0;False;False;False;False;False;True;True;14.792289238072366
22;14;2015-11-01;24838.887644347928;702.1016954440776;15.0;18.0;False;False;False;False;False;True;True;12.474742852144688
22;14;2015-12-01;24538.294233598303;702.1016954440776;15.0;18.0;False;False;False;False;False;True;True;10.585770904643011
22;14;2016-01-01;27282.313435107662;702.1016954440776;15.0;18.0;False;False;False;False;False;True;True;10.044430381276952
22;14;2016-02-01;27455.141263553603;702.1016954440776;15.0;18.0;False;False;False;False;False;True;True;12.181250227658523
22;14;2016-03-01;34605.63962767525;702.1016954440776;15.0;18.0;False;False;False;False;False;True;True;12.515167674172917
22;14;2016-04-01;35683.64931951389;702.1016954440776;15.0;18.0;False;False;False;False;False;True;True;15.29589403743588
22;14;2016-05-01;35026.382264961525;702.1016954440776;15.0;18.0;False;False;False;False;False;True;True;16.96185797726271
22;14;2016-06-01;36818.5009010096;702.1016954440776;15.0;18.0;False;False;False;False;False;True;True;19.401180382433072
22;14;2016-07-01;38451.75571161142;702.1016954440776;15.0;18.0;False;False;False;False;False;True;True;21.32305825008297
22;14;2016-08-01;41373.15913776287;702.1016954440776;15.0;18.0;False;False;False;False;False;True;True;20.742745780697103
22;14;2016-09-01;38281.9137085097;702.1016954440776;15.0;18.0;False;False;False;False;False;True;True;19.343314778472426
22;14;2016-10-01;34374.89827511399;702.1016954440776;15.0;18.0;False;False;False;False;False;True;True;15.324236311387889
22;14;2016-11-01;34344.416972058025;702.1016954440776;15.0;18.0;False;False;False;False;False;True;True;12.177426391472933
22;14;2016-12-01;31223.86781713285;702.1016954440776;15.0;18.0;False;False;False;False;False;True;True;9.090210333213026
22;14;2017-01-01;27742.85214096388;702.1016954440776;15.0;18.0;False;False;False;False;False;True;True;8.220158448422033
22;14;2017-02-01;28722.74029093894;702.1016954440776;15.0;18.0;False;False;False;False;False;True;True;11.089617159986588
22;14;2017-03-01;28526.568696780163;702.1016954440776;15.0;18.0;False;False;False;False;False;True;True;13.587104379909494
22;14;2017-04-01;29831.84858505872;702.1016954440776;15.0;18.0;False;False;False;False;False;True;True;14.894739608181292
22;14;2017-05-01;31881.78980462693;702.1016954440776;15.0;18.0;False;False;False;False;False;True;True;17.435992917198842
22;14;2017-06-01;38277.096645418;702.1016954440776;15.0;18.0;False;False;False;False;False;True;True;20.887620035041337
22;14;2017-07-01;39050.48237382365;702.1016954440776;15.0;18.0;False;False;False;False;False;True;True;21.37875162596229
22;14;2017-08-01;37213.99421516759;702.1016954440776;15.0;18.0;False;False;False;False;False;True;True;22.11828355029739
22;14;2017-09-01;37536.20578636319;702.1016954440776;15.0;18.0;False;False;False;False;False;True;True;18.007116473367873
22;14;2017-10-01;34620.47020872043;702.1016954440776;15.0;18.0;False;False;False;False;False;True;True;15.89606581655819
23;15;2014-09-01;3100260.572014716;1416.796369083144;15.0;18.0;False;False;False;False;False;True;True;16.227282433689336
23;15;2014-10-01;6468147.860691016;1416.796369083144;15.0;18.0;False;False;False;False;False;True;True;14.53081529820492
23;15;2014-11-01;5786158.432115517;1416.796369083144;15.0;18.0;False;False;False;False;False;True;True;12.603836181081192
23;15;2014-12-01;7364901.360832754;1416.796369083144;15.0;18.0;False;False;False;False;False;True;True;9.994714275622268
23;15;2015-01-01;8389314.223243047;1416.796369083144;15.0;18.0;False;False;False;False;False;True;True;9.817247733789548
23;15;2015-02-01;9195508.07980629;1416.796369083144;15.0;18.0;False;False;False;False;False;True;True;8.827408379093514
23;15;2015-03-01;7114124.423177767;1416.796369083144;15.0;18.0;False;False;False;False;False;True;True;12.60792026996771
23;15;2015-04-01;5819268.81130212;1416.796369083144;15.0;18.0;False;False;False;False;False;True;True;14.895697905434822
23;15;2015-05-01;6046523.668242184;1416.796369083144;15.0;18.0;False;False;False;False;False;True;True;17.141654142366107
23;15;2015-06-01;6113632.506533858;1416.796369083144;15.0;18.0;False;False;False;False;False;True;True;19.39294481553273
23;15;2015-07-01;8721453.624022597;1416.796369083144;15.0;18.0;False;False;False;False;False;True;True;21.53785193429267
23;15;2015-08-01;8476344.582474142;1416.796369083144;15.0;18.0;False;False;False;False;False;True;True;20.49907454866584
23;15;2015-09-01;8950766.992635231;1416.796369083144;15.0;18.0;False;False;False;False;False;True;True;17.621727802535418
24;15;2015-11-01;4666143.394833559;1416.796369083144;15.0;18.0;False;False;False;False;False;True;True;12.474742852144688
24;15;2015-12-01;4989214.781392618;1416.796369083144;15.0;18.0;False;False;False;False;False;True;True;10.585770904643011
24;15;2016-01-01;7069176.638108614;1416.796369083144;15.0;18.0;False;False;False;False;False;True;True;10.044430381276952
24;15;2016-02-01;5941090.724839555;1416.796369083144;15.0;18.0;False;False;False;False;False;True;True;12.181250227658523
25;16;2014-09-01;37629.64441730724;1218.7383826940577;15.0;18.0;False;False;False;False;False;True;True;25.61948051948052
25;16;2014-10-01;26619.90379532156;1218.7383826940577;15.0;18.0;False;False;False;False;False;True;True;23.802136181575435
25;16;2014-11-01;29029.43652206848;1218.7383826940577;15.0;18.0;False;False;False;False;False;True;True;16.580547112462007
25;16;2014-12-01;27180.556058755345;1218.7383826940577;15.0;18.0;False;False;False;False;False;True;True;16.196883468834688
25;16;2015-01-01;28966.784613684897;1218.7383826940577;15.0;18.0;False;False;False;False;False;True;True;12.121448087431691
25;16;2015-02-01;28919.291495889163;1218.7383826940577;15.0;18.0;False;False;False;False;False;True;True;13.698174706649285
25;16;2015-03-01;28744.856605227666;1218.7383826940577;15.0;18.0;False;False;False;False;False;True;True;18.000922266139657
25;16;2015-04-01;52557.000579795655;1218.7383826940577;15.0;18.0;False;False;False;False;False;True;True;23.07269841269841
25;16;2015-05-01;103960.31338867276;1218.7383826940577;15.0;18.0;False;False;False;False;False;True;True;25.105483405483405
25;16;2015-06-01;141491.97276095574;1218.7383826940577;15.0;18.0;False;False;False;False;False;True;True;27.668718801996675
25;16;2015-07-01;157494.07832100082;1218.7383826940577;15.0;18.0;False;False;False;False;False;True;True;29.069867549668874
25;16;2015-08-01;156906.09948645215;1218.7383826940577;15.0;18.0;False;False;False;False;False;True;True;28.979669421487603
25;16;2015-09-01;122149.68723404672;1218.7383826940577;15.0;18.0;False;False;False;False;False;True;True;28.14883227176221
25;16;2015-10-01;119239.5719337084;1218.7383826940577;15.0;18.0;False;False;False;False;False;True;True;25.9136
25;16;2015-11-01;116522.87415936348;1218.7383826940577;15.0;18.0;False;False;False;False;False;True;True;20.85
25;16;2015-12-01;104698.04274491603;1218.7383826940577;15.0;18.0;False;False;False;False;False;True;True;18.06229508196721
25;16;2016-01-01;94090.74523366072;1218.7383826940577;15.0;18.0;False;False;False;False;False;True;True;15.626325411334554
25;16;2016-02-01;104447.53344130336;1218.7383826940577;15.0;18.0;False;False;False;False;False;True;True;20.2416091954023
25;16;2016-03-01;126842.2472676602;1218.7383826940577;15.0;18.0;False;False;False;False;False;True;True;23.00119047619048
25;16;2016-04-01;144747.4425508317;1218.7383826940577;15.0;18.0;False;False;False;False;False;True;True;24.40770547945205
25;16;2016-05-01;162216.02885843543;1218.7383826940577;15.0;18.0;False;False;False;False;False;True;True;26.460610932475884
25;16;2016-06-01;200376.4225782884;1218.7383826940577;15.0;18.0;False;False;False;False;False;True;True;28.14033898305085
25;16;2016-07-01;221579.3044705924;1218.7383826940577;15.0;18.0;False;False;False;False;False;True;True;30.773605947955392
25;16;2016-08-01;203557.25328572324;1218.7383826940577;15.0;18.0;False;False;False;False;False;True;True;29.70198555956679
25;16;2016-09-01;186740.10310644488;1218.7383826940577;15.0;18.0;False;False;False;False;False;True;True;29.0249500998004
25;16;2016-10-01;159950.02357966817;1218.7383826940577;15.0;18.0;False;False;False;False;False;True;True;26.500380228136883
25;16;2016-11-01;141019.74582720772;1218.7383826940577;15.0;18.0;False;False;False;False;False;True;True;22.21626617375231
25;16;2016-12-01;128079.92204986712;1218.7383826940577;15.0;18.0;False;False;False;False;False;True;True;16.657142857142855
25;16;2017-01-01;127721.77727813054;1218.7383826940577;15.0;18.0;False;False;False;False;False;True;True;17.909874326750447
25;16;2017-02-01;141233.97006085172;1218.7383826940577;15.0;18.0;False;False;False;False;False;True;True;21.828942807625648
25;16;2017-03-01;133014.68410670513;1218.7383826940577;15.0;18.0;False;False;False;False;False;True;True;22.859695817490497
25;16;2017-04-01;158998.22677907854;1218.7383826940577;15.0;18.0;False;False;False;False;False;True;True;24.931586826347303
25;16;2017-05-01;176034.9229162487;1218.7383826940577;15.0;18.0;False;False;False;False;False;True;True;26.881769911504428
25;16;2017-06-01;204718.5385928104;1218.7383826940577;15.0;18.0;False;False;False;False;False;True;True;29.74296724470135
25;16;2017-07-01;204165.43698971483;1218.7383826940577;15.0;18.0;False;False;False;False;False;True;True;29.75428082191781
25;16;2017-08-01;206635.7247072083;1218.7383826940577;15.0;18.0;False;False;False;False;False;True;True;30.27570422535211
25;16;2017-09-01;177114.43247360128;1218.7383826940577;15.0;18.0;False;False;False;False;False;True;True;27.39425087108014
25;16;2017-10-01;141895.22617148265;1218.7383826940577;15.0;18.0;False;False;False;False;False;True;True;23.58418277680141
25;16;2017-11-01;145777.55835122787;1218.7383826940577;15.0;18.0;False;False;False;False;False;True;True;21.79012096774193
26;17;2014-09-01;5987579.162114245;1625.837519660935;15.0;18.0;False;False;False;False;False;True;True;16.227282433689336
26;17;2014-10-01;7526522.97153776;1625.837519660935;15.0;18.0;False;False;False;False;False;True;True;14.0
26;17;2014-11-01;6702158.854447335;1625.837519660935;15.0;18.0;False;False;False;False;False;True;True;12.603836181081192
26;17;2014-12-01;6706640.611552352;1625.837519660935;15.0;18.0;False;False;False;False;False;True;True;9.994714275622268
26;17;2015-01-01;7956600.422919133;1625.837519660935;15.0;18.0;False;False;False;False;False;True;True;9.817247733789548
26;17;2015-02-01;8797352.452537704;1625.837519660935;15.0;18.0;False;False;False;False;False;True;True;0.0
26;17;2015-03-01;10309999.270797132;1625.837519660935;15.0;18.0;False;False;False;False;False;True;True;12.60792026996771
26;17;2015-04-01;10912238.62048346;1625.837519660935;15.0;18.0;False;False;False;False;False;True;True;19.4
26;17;2015-05-01;8076563.761666292;1625.837519660935;15.0;18.0;False;False;False;False;False;True;True;17.141654142366107
26;17;2015-06-01;11890416.227081696;1625.837519660935;15.0;18.0;False;False;False;False;False;True;True;19.39294481553273
26;17;2015-07-01;12802904.646515032;1625.837519660935;15.0;18.0;False;False;False;False;False;True;True;21.53785193429267
26;17;2015-08-01;12105301.84426605;1625.837519660935;15.0;18.0;False;False;False;False;False;True;True;20.49907454866584
26;17;2015-09-01;11536914.933036486;1625.837519660935;15.0;18.0;False;False;False;False;False;True;True;17.621727802535418
27;17;2015-11-01;8209313.516948357;1625.837519660935;15.0;18.0;False;False;False;False;False;True;True;12.474742852144688
27;17;2015-12-01;8687695.612801136;1625.837519660935;15.0;18.0;False;False;False;False;False;True;True;10.585770904643011
27;17;2016-01-01;7421061.259399153;1625.837519660935;15.0;18.0;False;False;False;False;False;True;True;10.044430381276952
27;17;2016-02-01;8248623.68197044;1625.837519660935;15.0;18.0;False;False;False;False;False;True;True;12.181250227658523
28;17;2016-04-01;10158100.363945458;1625.837519660935;15.0;18.0;False;False;False;False;False;True;True;20.6
28;17;2016-05-01;10526898.082331738;1625.837519660935;15.0;18.0;False;False;False;False;False;True;True;16.96185797726271
28;17;2016-06-01;12140659.142770683;1625.837519660935;15.0;18.0;False;False;False;False;False;True;True;19.401180382433072
28;17;2016-07-01;13640185.631089428;1625.837519660935;15.0;18.0;False;False;False;False;False;True;True;22.2
28;17;2016-08-01;14072536.237378988;1625.837519660935;15.0;18.0;False;False;False;False;False;True;True;20.742745780697103
28;17;2016-09-01;13145801.681069288;1625.837519660935;15.0;18.0;False;False;False;False;False;True;True;19.343314778472426
28;17;2016-10-01;11450367.76528803;1625.837519660935;15.0;18.0;False;False;False;False;False;True;True;15.324236311387889
28;17;2016-11-01;10498372.38421755;1625.837519660935;15.0;18.0;False;False;False;False;False;True;True;12.177426391472933
28;17;2016-12-01;9790967.989180507;1625.837519660935;15.0;18.0;False;False;False;False;False;True;True;9.090210333213026
28;17;2017-01-01;10177784.79357525;1625.837519660935;15.0;18.0;False;False;False;False;False;True;True;18.3
28;17;2017-02-01;11904724.0041033;1625.837519660935;15.0;18.0;False;False;False;False;False;True;True;1.1
28;17;2017-03-01;12063250.206601735;1625.837519660935;15.0;18.0;False;False;False;False;False;True;True;13.587104379909494
28;17;2017-04-01;12310102.057405028;1625.837519660935;15.0;18.0;False;False;False;False;False;True;True;21.675
29;17;2017-06-01;15843375.286412816;1625.837519660935;15.0;18.0;False;False;False;False;False;True;True;20.887620035041337
29;17;2017-07-01;17589589.45838422;1625.837519660935;15.0;18.0;False;False;False;False;False;True;True;21.37875162596229
29;17;2017-08-01;15901838.758658258;1625.837519660935;15.0;18.0;False;False;False;False;False;True;True;24.74230769230769
29;17;2017-09-01;14338982.149060642;1625.837519660935;15.0;18.0;False;False;False;False;False;True;True;24.164285714285715
30;18;2014-09-01;947962.9359205896;677.5331949867615;15.0;18.0;False;False;False;False;False;True;True;16.227282433689336
30;18;2014-10-01;1181931.977164926;677.5331949867615;15.0;18.0;False;False;False;False;False;True;True;14.0
30;18;2014-11-01;1319175.444002884;677.5331949867615;15.0;18.0;False;False;False;False;False;True;True;12.603836181081192
30;18;2014-12-01;1337100.9951982994;677.5331949867615;15.0;18.0;False;False;False;False;False;True;True;9.994714275622268
30;18;2015-01-01;1366054.9464327951;677.5331949867615;15.0;18.0;False;False;False;False;False;True;True;9.817247733789548
30;18;2015-02-01;1455334.7554266993;677.5331949867615;15.0;18.0;False;False;False;False;False;True;True;0.0
30;18;2015-03-01;1518115.457312753;677.5331949867615;15.0;18.0;False;False;False;False;False;True;True;12.60792026996771
30;18;2015-04-01;1492507.4748815217;677.5331949867615;15.0;18.0;False;False;False;False;False;True;True;19.4
30;18;2015-05-01;1435523.9753803357;677.5331949867615;15.0;18.0;False;False;False;False;False;True;True;17.141654142366107
30;18;2015-06-01;1474591.4895486163;677.5331949867615;15.0;18.0;False;False;False;False;False;True;True;19.39294481553273
30;18;2015-07-01;1462953.6910960372;677.5331949867615;15.0;18.0;False;False;False;False;False;True;True;21.53785193429267
30;18;2015-08-01;1459856.758301899;677.5331949867615;15.0;18.0;False;False;False;False;False;True;True;20.49907454866584
30;18;2015-09-01;1482612.333159495;677.5331949867615;15.0;18.0;False;False;False;False;False;True;True;17.621727802535418
31;18;2015-11-01;1423728.6549212588;677.5331949867615;15.0;18.0;False;False;False;False;False;True;True;12.474742852144688
31;18;2015-12-01;1571389.1329611249;677.5331949867615;15.0;18.0;False;False;False;False;False;True;True;10.585770904643011
31;18;2016-01-01;1564063.6305821964;677.5331949867615;15.0;18.0;False;False;False;False;False;True;True;10.044430381276952
31;18;2016-02-01;1609352.914430598;677.5331949867615;15.0;18.0;False;False;False;False;False;True;True;12.181250227658523
32;18;2016-04-01;1536873.175976056;677.5331949867615;15.0;18.0;False;False;False;False;False;True;True;20.6
32;18;2016-05-01;1493344.1857444723;677.5331949867615;15.0;18.0;False;False;False;False;False;True;True;16.96185797726271
32;18;2016-06-01;1504730.3255943493;677.5331949867615;15.0;18.0;False;False;False;False;False;True;True;19.401180382433072
32;18;2016-07-01;1546117.634154386;677.5331949867615;15.0;18.0;False;False;False;False;False;True;True;22.2
32;18;2016-08-01;1565309.647202906;677.5331949867615;15.0;18.0;False;False;False;False;False;True;True;20.742745780697103
32;18;2016-09-01;1530504.684343489;677.5331949867615;15.0;18.0;False;False;False;False;False;True;True;19.343314778472426
32;18;2016-10-01;1598370.8395420795;677.5331949867615;15.0;18.0;False;False;False;False;False;True;True;15.324236311387889
32;18;2016-11-01;1666589.921541173;677.5331949867615;15.0;18.0;False;False;False;False;False;True;True;12.177426391472933
32;18;2016-12-01;1605978.076313755;677.5331949867615;15.0;18.0;False;False;False;False;False;True;True;9.090210333213026
32;18;2017-01-01;1685162.521368626;677.5331949867615;15.0;18.0;False;False;False;False;False;True;True;18.3
32;18;2017-02-01;1681580.712914595;677.5331949867615;15.0;18.0;False;False;False;False;False;True;True;1.1
32;18;2017-03-01;1695611.845017873;677.5331949867615;15.0;18.0;False;False;False;False;False;True;True;13.587104379909494
32;18;2017-04-01;1608360.254535242;677.5331949867615;15.0;18.0;False;False;False;False;False;True;True;21.675
33;18;2017-06-01;1647855.514073067;677.5331949867615;15.0;18.0;False;False;False;False;False;True;True;20.887620035041337
33;18;2017-07-01;1568554.567187569;677.5331949867615;15.0;18.0;False;False;False;False;False;True;True;21.37875162596229
33;18;2017-08-01;1655665.5606963348;677.5331949867615;15.0;18.0;False;False;False;False;False;True;True;24.74230769230769
33;18;2017-09-01;1576491.9432552366;677.5331949867615;15.0;18.0;False;False;False;False;False;True;True;24.164285714285715
34;19;2015-01-01;3060.533415724542;613.8209365308285;30.0;18.0;False;False;False;False;False;True;True;17.807755581668626
34;19;2015-02-01;3772.607682014697;613.8209365308285;30.0;18.0;False;False;False;False;False;True;True;15.922671804752728
34;19;2015-03-01;5786.59293539724;613.8209365308285;30.0;18.0;False;False;False;False;False;True;True;15.26048526863085
34;19;2015-04-01;6148.953759790394;613.8209365308285;30.0;18.0;False;False;False;False;False;True;True;12.772062350119905
34;19;2015-05-01;9762.044796297809;613.8209365308285;30.0;18.0;False;False;False;False;False;True;True;9.414147521160825
34;19;2015-06-01;12281.490868763984;613.8209365308285;30.0;18.0;False;False;False;False;False;True;True;6.55
34;19;2015-07-01;11593.22324032158;613.8209365308285;30.0;18.0;False;False;False;False;False;True;True;6.010803004043906
34;19;2015-08-01;13173.794390865996;613.8209365308285;30.0;18.0;False;False;False;False;False;True;True;6.6272303206997085
34;19;2015-09-01;10950.895677072618;613.8209365308285;30.0;18.0;False;False;False;False;False;True;True;8.13377245508982
34;19;2015-10-01;7362.091821947323;613.8209365308285;30.0;18.0;False;False;False;False;False;True;True;11.952497096399537
34;19;2015-11-01;7119.34123105885;613.8209365308285;30.0;18.0;False;False;False;False;False;True;True;13.301617735170762
34;19;2015-12-01;5410.895495200141;613.8209365308285;30.0;18.0;False;False;False;False;False;True;True;14.927858386535114
34;19;2016-01-01;4139.614789931996;613.8209365308285;30.0;18.0;False;False;False;False;False;True;True;15.967570686670513
34;19;2016-02-01;5874.7489988863845;613.8209365308285;30.0;18.0;False;False;False;False;False;True;True;18.907658505963592
34;19;2016-03-01;6249.536492366981;613.8209365308285;30.0;18.0;False;False;False;False;False;True;True;15.287236533957843
34;19;2016-04-01;6128.526192481401;613.8209365308285;30.0;18.0;False;False;False;False;False;True;True;12.010755287009063
34;19;2016-05-01;9860.937435846428;613.8209365308285;30.0;18.0;False;False;False;False;False;True;True;11.781156069364163
34;19;2016-06-01;13658.653479579629;613.8209365308285;30.0;18.0;False;False;False;False;False;True;True;7.952033492822966
34;19;2016-07-01;10990.73372098162;613.8209365308285;30.0;18.0;False;False;False;False;False;True;True;6.499073537927041
34;19;2016-08-01;16797.264009305905;613.8209365308285;30.0;18.0;False;False;False;False;False;True;True;6.226182237600924
34;19;2016-09-01;10374.015879485789;613.8209365308285;30.0;18.0;False;False;False;False;False;True;True;10.040453460620524
34;19;2016-10-01;8286.806432049294;613.8209365308285;30.0;18.0;False;False;False;False;False;True;True;11.74324480369515
34;19;2016-11-01;7340.390572646722;613.8209365308285;30.0;18.0;False;False;False;False;False;True;True;13.545910780669145
34;19;2016-12-01;6164.768925062022;613.8209365308285;30.0;18.0;False;False;False;False;False;True;True;15.3485878962536
34;19;2017-01-01;3704.257961149607;613.8209365308285;30.0;18.0;False;False;False;False;False;True;True;16.539868499701136
34;19;2017-02-01;5915.163966859583;613.8209365308285;30.0;18.0;False;False;False;False;False;True;True;16.616005121638924
34;19;2017-03-01;7285.571422730117;613.8209365308285;30.0;18.0;False;False;False;False;False;True;True;14.2964161849711
34;19;2017-04-01;6313.543958995069;613.8209365308285;30.0;18.0;False;False;False;False;False;True;True;12.151071428571427
34;19;2017-05-01;12419.987001495172;613.8209365308285;30.0;18.0;False;False;False;False;False;True;True;8.146939953810623
34;19;2017-06-01;12853.873960321223;613.8209365308285;30.0;18.0;False;False;False;False;False;True;True;6.497471402769415
34;19;2017-07-01;12098.216471843634;613.8209365308285;30.0;18.0;False;False;False;False;False;True;True;5.682190201729107
34;19;2017-08-01;13591.8178093039;613.8209365308285;30.0;18.0;False;False;False;False;False;True;True;8.162113251605371
34;19;2017-09-01;11022.282783525969;613.8209365308285;30.0;18.0;False;False;False;False;False;True;True;10.361625821876869
34;19;2017-10-01;7298.348749391997;613.8209365308285;30.0;18.0;False;False;False;False;False;True;True;11.740161569532605
34;19;2017-11-01;5840.889817206325;613.8209365308285;30.0;18.0;False;False;False;False;False;True;True;14.193087008343266
35;20;2015-12-01;170901.95653549518;17449.2419360091;10.0;18.0;False;False;False;False;False;True;True;11.35478443743428
35;20;2016-01-01;211107.4085270929;17449.2419360091;10.0;18.0;False;False;False;False;False;True;True;1.7734778982485406
35;20;2016-02-01;213940.07863385964;17449.2419360091;10.0;18.0;False;False;False;False;False;True;True;5.533870967741936
35;20;2016-03-01;210057.01303567813;17449.2419360091;10.0;18.0;False;False;False;False;False;True;True;12.547163561076603
35;20;2016-04-01;203142.0237314443;17449.2419360091;10.0;18.0;False;False;False;False;False;True;True;16.02305401956614
35;20;2016-05-01;197255.08273512952;17449.2419360091;10.0;18.0;False;False;False;False;False;True;True;18.80633946830266
35;20;2016-06-01;204860.1107988452;17449.2419360091;10.0;18.0;False;False;False;False;False;True;True;25.4294540837918
35;20;2016-07-01;197531.5515103273;17449.2419360091;10.0;18.0;False;False;False;False;False;True;True;26.896024590163936
35;20;2016-08-01;196496.13335303773;17449.2419360091;10.0;18.0;False;False;False;False;False;True;True;26.12874326005807
35;20;2016-09-01;197915.842551452;17449.2419360091;10.0;18.0;False;False;False;False;False;True;True;23.190139652983497
35;20;2016-10-01;197711.70686322247;17449.2419360091;10.0;18.0;False;False;False;False;False;True;True;18.62174090723335
35;20;2016-11-01;209843.94147221075;17449.2419360091;10.0;18.0;False;False;False;False;False;True;True;11.478036971830983
35;20;2016-12-01;196848.9010663566;17449.2419360091;10.0;18.0;False;False;False;False;False;True;True;4.522099236641221
35;20;2017-01-01;207622.82134000928;17449.2419360091;10.0;18.0;False;False;False;False;False;True;True;7.137389100126743
35;20;2017-02-01;210787.45086388537;17449.2419360091;10.0;18.0;False;False;False;False;False;True;True;9.662599822537713
35;20;2017-03-01;206081.49062370844;17449.2419360091;10.0;18.0;False;False;False;False;False;True;True;10.964951902969467
35;20;2017-04-01;194002.5650353972;17449.2419360091;10.0;18.0;False;False;False;False;False;True;True;17.68030303030303
35;20;2017-05-01;195919.7936903748;17449.2419360091;10.0;18.0;False;False;False;False;False;True;True;21.64614457831325
35;20;2017-06-01;206899.3692793821;17449.2419360091;10.0;18.0;False;False;False;False;False;True;True;23.837187632359168
35;20;2017-07-01;191585.2099989392;17449.2419360091;10.0;18.0;False;False;False;False;False;True;True;26.41037811745776
35;20;2017-08-01;195819.8894668172;17449.2419360091;10.0;18.0;False;False;False;False;False;True;True;24.25456750202102
35;20;2017-09-01;196740.97577717743;17449.2419360091;10.0;18.0;False;False;False;False;False;True;True;21.075572201414897
35;20;2017-10-01;203494.0653876231;17449.2419360091;10.0;18.0;False;False;False;False;False;True;True;16.26295253419147
36;21;2014-07-01;2883233.2996405805;10985.29263411183;10.0;18.0;False;False;False;False;False;True;True;19.403347280334728
36;21;2014-08-01;2816500.0082383747;10985.29263411183;10.0;18.0;False;False;False;False;False;True;True;19.19506849315069
36;21;2014-09-01;2457761.923398138;10985.29263411183;10.0;18.0;False;False;False;False;False;True;True;17.771488178025034
36;21;2014-10-01;2436853.0718505005;10985.29263411183;10.0;18.0;False;False;False;False;False;True;True;14.489232839838492
36;21;2014-11-01;2985194.4721677;10985.29263411183;10.0;18.0;False;False;False;False;False;True;True;8.754494382022472
36;21;2014-12-01;2943680.230084956;10985.29263411183;10.0;18.0;False;False;False;False;False;True;True;4.60997920997921
36;21;2015-01-01;3084231.908091632;10985.29263411183;10.0;18.0;False;False;False;False;False;True;True;3.201203007518797
36;21;2015-02-01;3096777.847334416;10985.29263411183;10.0;18.0;False;False;False;False;False;True;True;2.788280060882801
36;21;2015-03-01;3073474.342500635;10985.29263411183;10.0;18.0;False;False;False;False;False;True;True;8.416869095816464
36;21;2015-04-01;2936120.6640360034;10985.29263411183;10.0;18.0;False;False;False;False;False;True;True;12.918194444444444
36;21;2015-05-01;2787298.7884852914;10985.29263411183;10.0;18.0;False;False;False;False;False;True;True;16.403643724696355
36;21;2015-06-01;3141469.021586749;10985.29263411183;10.0;18.0;False;False;False;False;False;True;True;20.80236111111111
36;21;2015-07-01;;10985.29263411183;10.0;18.0;False;False;False;False;False;True;True;24.138231292517005
37;21;2015-09-01;2910953.3588182623;10985.29263411183;10.0;18.0;False;False;False;False;False;True;True;15.896951219512196
37;21;2015-10-01;3011060.210106314;10985.29263411183;10.0;18.0;False;False;False;False;False;True;True;11.020295698924732
37;21;2015-11-01;3091690.265780282;10985.29263411183;10.0;18.0;False;False;False;False;False;True;True;6.888268156424581
38;21;2016-01-01;2606658.578473855;10985.29263411183;10.0;18.0;False;False;False;False;False;True;True;4.709703504043127
38;21;2016-02-01;3229151.4961756794;10985.29263411183;10.0;18.0;False;False;False;False;False;True;True;6.496925329428989
38;21;2016-03-01;3183816.544468146;10985.29263411183;10.0;18.0;False;False;False;False;False;True;True;7.355737704918032
38;21;2016-04-01;3067937.8179072337;10985.29263411183;10.0;18.0;False;False;False;False;False;True;True;11.732960893854749
38;21;2016-05-01;2995262.4149176595;10985.29263411183;10.0;18.0;False;False;False;False;False;True;True;15.044010767160165
38;21;2016-06-01;3100968.2484134715;10985.29263411183;10.0;18.0;False;False;False;False;False;True;True;19.634075104311545
38;21;2016-07-01;3006422.529156524;10985.29263411183;10.0;18.0;False;False;False;False;False;True;True;21.96518817204301
38;21;2016-08-01;2965224.1276681563;10985.29263411183;10.0;18.0;False;False;False;False;False;True;True;21.30646900269542
38;21;2016-09-01;2989327.2674184;10985.29263411183;10.0;18.0;False;False;False;False;False;True;True;19.13671766342141
38;21;2016-10-01;2972397.918884245;10985.29263411183;10.0;18.0;False;False;False;False;False;True;True;10.909127516778524
38;21;2016-11-01;3170993.2877582423;10985.29263411183;10.0;18.0;False;False;False;False;False;True;True;7.302474526928676
38;21;2016-12-01;2972826.6089397804;10985.29263411183;10.0;18.0;False;False;False;False;False;True;True;0.100807537012113
38;21;2017-01-01;3182721.789569479;10985.29263411183;10.0;18.0;False;False;False;False;False;True;True;-1.7691666666666666
39;21;2017-03-01;3055494.87960075;10985.29263411183;10.0;18.0;False;False;False;False;False;True;True;10.37698519515478
39;21;2017-04-01;2968964.2597365906;10985.29263411183;10.0;18.0;False;False;False;False;False;True;True;11.888472222222225
39;21;2017-05-01;2957947.385970951;10985.29263411183;10.0;18.0;False;False;False;False;False;True;True;16.466214382632295
39;21;2017-06-01;3118140.71634638;10985.29263411183;10.0;18.0;False;False;False;False;False;True;True;22.077150916784205
40;22;2014-10-01;21320.4181438302;7392.365414998494;10.0;18.0;False;False;False;False;False;True;True;18.01809140421501
40;22;2014-11-01;21697.53659563145;7392.365414998494;10.0;18.0;False;False;False;False;False;True;True;13.188592170080376
40;22;2014-12-01;39570.16440876798;7392.365414998494;10.0;18.0;False;False;False;False;False;True;True;8.548199373695198
40;22;2015-01-01;49900.42058046576;7392.365414998494;10.0;18.0;False;False;False;False;False;True;True;7.230202312138728
40;22;2015-02-01;52358.33782683559;7392.365414998494;10.0;18.0;False;False;False;False;False;True;True;6.144101633393829
40;22;2015-03-01;32659.95457485608;7392.365414998494;10.0;18.0;False;False;False;False;False;True;True;10.946124941286987
40;22;2015-04-01;23593.53878008273;7392.365414998494;10.0;18.0;False;False;False;False;False;True;True;13.75293247905372
40;22;2015-05-01;17388.582070634002;7392.365414998494;10.0;18.0;False;False;False;False;False;True;True;18.70532363977486
40;22;2015-06-01;24187.29220467188;7392.365414998494;10.0;18.0;False;False;False;False;False;True;True;23.118163722318982
40;22;2015-07-01;25666.901853671578;7392.365414998494;10.0;18.0;False;False;False;False;False;True;True;26.598900070208288
40;22;2015-08-01;34602.11279144231;7392.365414998494;10.0;18.0;False;False;False;False;False;True;True;24.1390832922622
40;22;2015-09-01;24888.27731887061;7392.365414998494;10.0;18.0;False;False;False;False;False;True;True;19.566541916167665
40;22;2015-10-01;24774.584892543604;7392.365414998494;10.0;18.0;False;False;False;False;False;True;True;14.595419664268585
40;22;2015-11-01;34107.411359415804;7392.365414998494;10.0;18.0;False;False;False;False;False;True;True;11.900247708694575
40;22;2015-12-01;28532.17658051983;7392.365414998494;10.0;18.0;False;False;False;False;False;True;True;11.118377203574015
40;22;2016-01-01;28544.314520618424;7392.365414998494;10.0;18.0;False;False;False;False;False;True;True;8.4416292798111
40;22;2016-02-01;24893.182504902867;7392.365414998494;10.0;18.0;False;False;False;False;False;True;True;9.12759865875677
40;22;2016-03-01;19011.98448289425;7392.365414998494;10.0;18.0;False;False;False;False;False;True;True;10.253969776924922
40;22;2016-04-01;13669.163370238515;7392.365414998494;10.0;18.0;False;False;False;False;False;True;True;14.134605850272685
40;22;2016-05-01;;7392.365414998494;10.0;18.0;False;False;False;False;False;True;True;17.06847126162652
40;22;2016-06-01;15605.918161532045;7392.365414998494;10.0;18.0;False;False;False;False;False;True;True;22.10308947108255
40;22;2016-07-01;15591.661952720788;7392.365414998494;10.0;18.0;False;False;False;False;False;True;True;25.00351941747573
40;22;2016-08-01;20055.936470207853;7392.365414998494;10.0;18.0;False;False;False;False;False;True;True;24.11463700234192
40;22;2016-09-01;20261.899865552965;7392.365414998494;10.0;18.0;False;False;False;False;False;True;True;21.85218788627936
40;22;2016-10-01;24625.28072722604;7392.365414998494;10.0;18.0;False;False;False;False;False;True;True;15.133102424542306
40;22;2016-11-01;30353.5949673334;7392.365414998494;10.0;18.0;False;False;False;False;False;True;True;10.817874140666314
40;22;2016-12-01;33352.07954326803;7392.365414998494;10.0;18.0;False;False;False;False;False;True;True;7.894331601322626
40;22;2017-01-01;47322.227440039416;7392.365414998494;10.0;18.0;False;False;False;False;False;True;True;4.938061695409279
40;22;2017-02-01;27075.59146282427;7392.365414998494;10.0;18.0;False;False;False;False;False;True;True;10.86083311501179
40;22;2017-03-01;21333.894207820373;7392.365414998494;10.0;18.0;False;False;False;False;False;True;True;12.35669176584892
40;22;2017-04-01;20385.506925095706;7392.365414998494;10.0;18.0;False;False;False;False;False;True;True;13.901785714285714
40;22;2017-05-01;21241.31594445245;7392.365414998494;10.0;18.0;False;False;False;False;False;True;True;18.092482100238666
40;22;2017-06-01;22116.710898964626;7392.365414998494;10.0;18.0;False;False;False;False;False;True;True;24.07502470355731
40;22;2017-07-01;22628.661633413805;7392.365414998494;10.0;18.0;False;False;False;False;False;True;True;25.2458222329862
40;22;2017-08-01;18237.97250140298;7392.365414998494;10.0;18.0;False;False;False;False;False;True;True;24.97752781809385
40;22;2017-09-01;18392.76009504218;7392.365414998494;10.0;18.0;False;False;False;False;False;True;True;18.496743388834474
40;22;2017-10-01;19957.765173328364;7392.365414998494;10.0;18.0;False;False;False;False;False;True;True;16.782279962546816
40;22;2017-11-01;21083.70414265014;7392.365414998494;10.0;18.0;False;False;False;False;False;True;True;9.907130771090165
41;25;2014-12-01;25269.709613431976;2201.924904074985;15.0;18.0;False;False;False;False;False;True;True;4.424150815217391
41;25;2015-01-01;30907.931132154343;2201.924904074985;15.0;18.0;False;False;False;False;False;True;True;3.540935082408342
41;25;2015-02-01;29509.1605722563;2201.924904074985;15.0;18.0;False;False;False;False;False;True;True;3.143847874720357
41;25;2015-03-01;28210.398470556847;2201.924904074985;15.0;18.0;False;False;False;False;False;True;True;6.356590370955012
41;25;2015-04-01;28264.70876867164;2201.924904074985;15.0;18.0;False;False;False;False;False;True;True;9.4481058877225
41;25;2015-05-01;24004.581648089617;2201.924904074985;15.0;18.0;False;False;False;False;False;True;True;12.703032967032968
41;25;2015-06-01;25756.140380794983;2201.924904074985;15.0;18.0;False;False;False;False;False;True;True;16.04033273381295
41;25;2015-07-01;25841.25481005557;2201.924904074985;15.0;18.0;False;False;False;False;False;True;True;19.009346204475648
41;25;2015-08-01;24800.208848677685;2201.924904074985;15.0;18.0;False;False;False;False;False;True;True;19.21237579042457
41;25;2015-09-01;26037.41605382853;2201.924904074985;15.0;18.0;False;False;False;False;False;True;True;13.238757264193117
41;25;2015-10-01;27245.40845578449;2201.924904074985;15.0;18.0;False;False;False;False;False;True;True;9.786097668279806
41;25;2015-11-01;27296.63456033163;2201.924904074985;15.0;18.0;False;False;False;False;False;True;True;9.948247610377788
41;25;2015-12-01;25985.016290621235;2201.924904074985;15.0;18.0;False;False;False;False;False;True;True;9.546820590461772
41;25;2016-01-01;26059.33827321997;2201.924904074985;15.0;18.0;False;False;False;False;False;True;True;4.993931088488646
41;25;2016-02-01;27316.77246096856;2201.924904074985;15.0;18.0;False;False;False;False;False;True;True;4.673872679045092
41;25;2016-03-01;26816.539831361653;2201.924904074985;15.0;18.0;False;False;False;False;False;True;True;5.238904327113934
41;25;2016-04-01;24738.545844714296;2201.924904074985;15.0;18.0;False;False;False;False;False;True;True;8.843785540211211
41;25;2016-05-01;23370.07531168948;2201.924904074985;15.0;18.0;False;False;False;False;False;True;True;14.3056050955414
41;25;2016-06-01;25005.560930277552;2201.924904074985;15.0;18.0;False;False;False;False;False;True;True;16.274631578947368
41;25;2016-07-01;23414.35242034032;2201.924904074985;15.0;18.0;False;False;False;False;False;True;True;18.575498479215952
41;25;2016-08-01;24626.731983571262;2201.924904074985;15.0;18.0;False;False;False;False;False;True;True;18.19673070441524
41;25;2016-09-01;26048.38531259233;2201.924904074985;15.0;18.0;False;False;False;False;False;True;True;17.850909727081877
41;25;2016-10-01;26221.326579697587;2201.924904074985;15.0;18.0;False;False;False;False;False;True;True;9.854979811574696
41;25;2016-11-01;25363.51872679032;2201.924904074985;15.0;18.0;False;False;False;False;False;True;True;6.307856625633598
41;25;2016-12-01;25430.257757812204;2201.924904074985;15.0;18.0;False;False;False;False;False;True;True;4.643117408906883
41;25;2017-01-01;27108.55162238593;2201.924904074985;15.0;18.0;False;False;False;False;False;True;True;1.31455938697318
41;25;2017-02-01;27599.6269253604;2201.924904074985;15.0;18.0;False;False;False;False;False;True;True;6.01012753188297
41;25;2017-03-01;27342.09922622661;2201.924904074985;15.0;18.0;False;False;False;False;False;True;True;9.338357553227445
41;25;2017-04-01;25527.390614683427;2201.924904074985;15.0;18.0;False;False;False;False;False;True;True;8.558385525400139
41;25;2017-05-01;25212.040151658584;2201.924904074985;15.0;18.0;False;False;False;False;False;True;True;15.034713804713803
41;25;2017-06-01;25093.35734032249;2201.924904074985;15.0;18.0;False;False;False;False;False;True;True;18.87933709449929
41;25;2017-07-01;24460.93910104634;2201.924904074985;15.0;18.0;False;False;False;False;False;True;True;18.52927912538436
41;25;2017-08-01;25535.40571385401;2201.924904074985;15.0;18.0;False;False;False;False;False;True;True;18.01144024514811
41;25;2017-09-01;25622.287396735548;2201.924904074985;15.0;18.0;False;False;False;False;False;True;True;13.942957995058242
41;25;2017-10-01;26005.405843840457;2201.924904074985;15.0;18.0;False;False;False;False;False;True;True;13.211118644067795
42;26;2014-11-01;328898.7677298895;14.884534437442198;15.0;18.0;False;False;False;False;False;True;True;13.028360957642724
42;26;2014-12-01;311898.88720589527;14.884534437442198;15.0;18.0;False;False;False;False;False;True;True;6.926870562534135
42;26;2015-01-01;307109.64664854325;14.884534437442198;15.0;18.0;False;False;False;False;False;True;True;5.380288728484175
42;26;2015-02-01;313771.65047974914;14.884534437442198;15.0;18.0;False;False;False;False;False;True;True;6.074246771879484
42;26;2015-03-01;313696.0567172594;14.884534437442198;15.0;18.0;False;False;False;False;False;True;True;9.75269784172662
42;26;2015-04-01;315499.9353069619;14.884534437442198;15.0;18.0;False;False;False;False;False;True;True;13.790811724915446
42;26;2015-05-01;336298.72754958854;14.884534437442198;15.0;18.0;False;False;False;False;False;True;True;17.991026919242273
42;26;2015-06-01;357148.31127546023;14.884534437442198;15.0;18.0;False;False;False;False;False;True;True;22.26048578199052
42;26;2015-07-01;364775.9739791923;14.884534437442198;15.0;18.0;False;False;False;False;False;True;True;26.886493679308053
42;26;2015-08-01;367439.28216033056;14.884534437442198;15.0;18.0;False;False;False;False;False;True;True;24.23557336621455
42;26;2015-09-01;343638.4656363933;14.884534437442198;15.0;18.0;False;False;False;False;False;True;True;19.651769911504427
42;26;2015-10-01;331238.5695180523;14.884534437442198;15.0;18.0;False;False;False;False;False;True;True;14.768075422626788
42;26;2015-11-01;316657.4522115516;14.884534437442198;15.0;18.0;False;False;False;False;False;True;True;8.829706390328152
42;26;2015-12-01;318746.0653699219;14.884534437442198;15.0;18.0;False;False;False;False;False;True;True;5.74373831775701
42;26;2016-01-01;300168.3194620661;14.884534437442198;15.0;18.0;False;False;False;False;False;True;True;3.94905303030303
42;26;2016-02-01;314366.32211338176;14.884534437442198;15.0;18.0;False;False;False;False;False;True;True;7.50385288966725
42;26;2016-03-01;305097.77568639023;14.884534437442198;15.0;18.0;False;False;False;False;False;True;True;10.346666666666668
42;26;2016-04-01;318522.9792667052;14.884534437442198;15.0;18.0;False;False;False;False;False;True;True;15.465134099616858
42;26;2016-05-01;326836.8901032582;14.884534437442198;15.0;18.0;False;False;False;False;False;True;True;17.962142857142855
42;26;2016-06-01;324872.84569820564;14.884534437442198;15.0;18.0;False;False;False;False;False;True;True;23.10635514018692
42;26;2016-07-01;337892.7552331695;14.884534437442198;15.0;18.0;False;False;False;False;False;True;True;26.26441605839416
42;26;2016-08-01;328974.25289626245;14.884534437442198;15.0;18.0;False;False;False;False;False;True;True;24.218899082568807
42;26;2016-09-01;320678.94647185283;14.884534437442198;15.0;18.0;False;False;False;False;False;True;True;22.404136690647483
42;26;2016-10-01;318.840654578038;14.884534437442198;15.0;18.0;False;False;False;False;False;True;True;13.848263888888887
42;26;2016-11-01;311.0911422617127;14.884534437442198;15.0;18.0;False;False;False;False;False;True;True;9.121761658031089
42;26;2016-12-01;292.8848022690075;14.884534437442198;15.0;18.0;False;False;False;False;False;True;True;4.899271402550091
42;26;2017-01-01;294.40227167466475;14.884534437442198;15.0;18.0;False;False;False;False;False;True;True;1.6839378238341969
42;26;2017-02-01;304.7576082732036;14.884534437442198;15.0;18.0;False;False;False;False;False;True;True;7.080762564991335
42;26;2017-03-01;312.86672367161486;14.884534437442198;15.0;18.0;False;False;False;False;False;True;True;12.650699844479004
42;26;2017-04-01;312.5090603030955;14.884534437442198;15.0;18.0;False;False;False;False;False;True;True;14.642682926829268
42;26;2017-05-01;324.3721874584659;14.884534437442198;15.0;18.0;False;False;False;False;False;True;True;19.315806988352744
42;26;2017-06-01;340.3055656484599;14.884534437442198;15.0;18.0;False;False;False;False;False;True;True;25.029097605893185
42;26;2017-07-01;350.3483156312236;14.884534437442198;15.0;18.0;False;False;False;False;False;True;True;25.202946593001844
42;26;2017-08-01;346.14389046868376;14.884534437442198;15.0;18.0;False;False;False;False;False;True;True;26.8326352530541
42;26;2017-09-01;326.297450596334;14.884534437442198;15.0;18.0;False;False;False;False;False;True;True;18.33551724137931
42;26;2017-10-01;319.88109564604275;14.884534437442198;15.0;18.0;False;False;False;False;False;True;True;15.128521739130434
43;27;2014-11-01;385667.0558446155;17.321666637435555;15.0;18.0;False;False;False;False;False;True;True;13.407894736842104
43;27;2014-12-01;390146.00563574367;17.321666637435555;15.0;18.0;False;False;False;False;False;True;True;7.078947368421052
43;27;2015-01-01;385865.4873168324;17.321666637435555;15.0;18.0;False;False;False;False;False;True;True;5.919831223628692
43;27;2015-02-01;369848.65918365616;17.321666637435555;15.0;18.0;False;False;False;False;False;True;True;7.682242990654205
43;27;2015-03-01;361842.1752472178;17.321666637435555;15.0;18.0;False;False;False;False;False;True;True;12.23076923076923
43;27;2015-04-01;350561.60851657053;17.321666637435555;15.0;18.0;False;False;False;False;False;True;True;15.94170403587444
43;27;2015-05-01;313807.84524199815;17.321666637435555;15.0;18.0;False;False;False;False;False;True;True;20.62978723404256
43;27;2015-06-01;579142.3785996907;17.321666637435555;15.0;18.0;False;False;False;False;False;True;True;25.92376681614349
43;27;2015-07-01;636806.6318276583;17.321666637435555;15.0;18.0;False;False;False;False;False;True;True;30.71818181818182
43;27;2015-08-01;314214.2179397311;17.321666637435555;15.0;18.0;False;False;False;False;False;True;True;27.68281938325991
43;27;2015-09-01;223127.19761964577;17.321666637435555;15.0;18.0;False;False;False;False;False;True;True;21.84955752212389
43;27;2015-10-01;170149.0244999703;17.321666637435555;15.0;18.0;False;False;False;False;False;True;True;15.714893617021277
43;27;2015-11-01;185075.01556350364;17.321666637435555;15.0;18.0;False;False;False;False;False;True;True;10.38139534883721
43;27;2015-12-01;189539.3755273401;17.321666637435555;15.0;18.0;False;False;False;False;False;True;True;5.763736263736264
43;27;2016-01-01;192287.12953981792;17.321666637435555;15.0;18.0;False;False;False;False;False;True;True;4.864628820960698
43;27;2016-02-01;190496.0494821206;17.321666637435555;15.0;18.0;False;False;False;False;False;True;True;8.666666666666666
43;27;2016-03-01;185035.2268775256;17.321666637435555;15.0;18.0;False;False;False;False;False;True;True;11.41125541125541
43;27;2016-04-01;169202.00926307493;17.321666637435555;15.0;18.0;False;False;False;False;False;True;True;15.830434782608696
43;27;2016-05-01;165454.8652099177;17.321666637435555;15.0;18.0;False;False;False;False;False;True;True;19.279661016949152
43;27;2016-06-01;173886.73274001773;17.321666637435555;15.0;18.0;False;False;False;False;False;True;True;23.46443514644352
43;27;2016-07-01;342567.38819878345;17.321666637435555;15.0;18.0;False;False;False;False;False;True;True;27.309623430962343
43;27;2016-08-01;311861.3885890577;17.321666637435555;15.0;18.0;False;False;False;False;False;True;True;25.5974025974026
43;27;2016-09-01;255044.79797323223;17.321666637435555;15.0;18.0;False;False;False;False;False;True;True;23.35593220338983
43;27;2016-10-01;175480.46344066015;17.321666637435555;15.0;18.0;False;False;False;False;False;True;True;14.823529411764708
43;27;2016-11-01;176196.2882916758;17.321666637435555;15.0;18.0;False;False;False;False;False;True;True;10.601731601731602
43;27;2016-12-01;176117.98213324667;17.321666637435555;15.0;18.0;False;False;False;False;False;True;True;4.729166666666667
43;27;2017-01-01;182179.9649111887;17.321666637435555;15.0;18.0;False;False;False;False;False;True;True;2.6986899563318776
43;27;2017-02-01;175697.63425211326;17.321666637435555;15.0;18.0;False;False;False;False;False;True;True;7.744292237442922
43;27;2017-03-01;171784.4773139108;17.321666637435555;15.0;18.0;False;False;False;False;False;True;True;14.210743801652892
43;27;2017-04-01;167938.9710707619;17.321666637435555;15.0;18.0;False;False;False;False;False;True;True;15.429166666666667
43;27;2017-05-01;153782.35265531912;17.321666637435555;15.0;18.0;False;False;False;False;False;True;True;20.31601731601732
43;27;2017-06-01;300253.04775719804;17.321666637435555;15.0;18.0;False;False;False;False;False;True;True;26.70305676855895
43;27;2017-07-01;322873.3557353296;17.321666637435555;15.0;18.0;False;False;False;False;False;True;True;26.82075471698113
43;27;2017-08-01;329917.9737530641;17.321666637435555;15.0;18.0;False;False;False;False;False;True;True;28.45
43;27;2017-09-01;168634.80616703388;17.321666637435555;15.0;18.0;False;False;False;False;False;True;True;19.37974683544304
43;27;2017-10-01;150889.8437376145;17.321666637435555;15.0;18.0;False;False;False;False;False;True;True;15.34070796460177
44;29;2015-01-01;1404081.8035895422;7406.128494094824;15.0;18.0;False;False;False;False;False;True;True;1.276866048862679
44;29;2015-02-01;1362014.4763370252;7406.128494094824;15.0;18.0;False;False;False;False;False;True;True;-0.3685181733457595
44;29;2015-03-01;1256912.7468496368;7406.128494094824;15.0;18.0;False;False;False;False;False;True;True;6.034475738038683
44;29;2015-04-01;1150674.5366598847;7406.128494094824;15.0;18.0;False;False;False;False;False;True;True;9.487694459010662
44;29;2015-05-01;973371.9593297028;7406.128494094824;15.0;18.0;False;False;False;False;False;True;True;13.908822029576749
44;29;2015-06-01;1096977.877000533;7406.128494094824;15.0;18.0;False;False;False;False;False;True;True;18.25749605470805
44;29;2015-07-01;1099201.8471101406;7406.128494094824;15.0;18.0;False;False;False;False;False;True;True;22.24214087439278
44;29;2015-08-01;990806.4064493426;7406.128494094824;15.0;18.0;False;False;False;False;False;True;True;19.77438920211857
44;29;2015-09-01;1100033.5256829858;7406.128494094824;15.0;18.0;False;False;False;False;False;True;True;13.113422113194323
44;29;2015-10-01;1105485.6407716365;7406.128494094824;15.0;18.0;False;False;False;False;False;True;True;9.054880511612252
44;29;2015-11-01;1114389.8061307163;7406.128494094824;15.0;18.0;False;False;False;False;False;True;True;6.645384749607397
44;29;2015-12-01;1043376.706362508;7406.128494094824;15.0;18.0;False;False;False;False;False;True;True;2.65005081300813
44;29;2016-01-01;1034252.1998801838;7406.128494094824;15.0;18.0;False;False;False;False;False;True;True;2.3268070766638584
45;29;2016-03-01;1002027.0665213624;7406.128494094824;15.0;18.0;False;False;False;False;False;True;True;4.544595744680851
45;29;2016-04-01;1061769.035828496;7406.128494094824;15.0;18.0;False;False;False;False;False;True;True;8.86839705366538
45;29;2016-05-01;928917.1994656324;7406.128494094824;15.0;18.0;False;False;False;False;False;True;True;12.567317155947734
45;29;2016-06-01;1093212.8813025109;7406.128494094824;15.0;18.0;False;False;False;False;False;True;True;16.687042842215256
46;32;2015-02-01;1219463.673758249;6225.945149556734;10.0;18.0;False;False;False;False;False;True;True;2.6562886597938142
46;32;2015-03-01;1203195.1511841365;6225.945149556734;10.0;18.0;False;False;False;False;False;True;True;7.698315395414132
46;32;2015-04-01;1210165.7842152826;6225.945149556734;10.0;18.0;False;False;False;False;False;True;True;11.478843302026691
46;32;2015-05-01;982894.2262750596;6225.945149556734;10.0;18.0;False;False;False;False;False;True;True;14.93443258971872
46;32;2015-06-01;818725.3192799432;6225.945149556734;10.0;18.0;False;False;False;False;False;True;True;19.922631048387096
46;32;2015-07-01;890075.6601222083;6225.945149556734;10.0;18.0;False;False;False;False;False;True;True;23.38867832847425
46;32;2015-08-01;773150.8633928475;6225.945149556734;10.0;18.0;False;False;False;False;False;True;True;21.05955056179776
46;32;2015-09-01;762362.8108125161;6225.945149556734;10.0;18.0;False;False;False;False;False;True;True;14.701185770750987
46;32;2015-10-01;911746.2319477042;6225.945149556734;10.0;18.0;False;False;False;False;False;True;True;10.20266733769502
46;32;2015-11-01;982724.3973848624;6225.945149556734;10.0;18.0;False;False;False;False;False;True;True;7.991536748329621
46;32;2015-12-01;1039435.9713866;6225.945149556734;10.0;18.0;False;False;False;False;False;True;True;6.394962793360046
46;32;2016-01-01;1012495.784304698;6225.945149556734;10.0;18.0;False;False;False;False;False;True;True;4.367182817182817
47;32;2016-03-01;1079783.0353150603;6225.945149556734;10.0;18.0;False;False;False;False;False;True;True;6.015885167464115
47;32;2016-04-01;950674.9444492322;6225.945149556734;10.0;18.0;False;False;False;False;False;True;True;9.202392344497609
47;32;2016-05-01;856068.6743730403;6225.945149556734;10.0;18.0;False;False;False;False;False;True;True;13.217093142272262
47;32;2016-06-01;830172.9102118047;6225.945149556734;10.0;18.0;False;False;False;False;False;True;True;17.94812534974818
48;33;2014-06-01;24620.246236541137;3280.584453542135;10.0;18.0;False;False;False;False;False;True;True;20.300698324022346
48;33;2014-07-01;23542.33710750953;3280.584453542135;10.0;18.0;False;False;False;False;False;True;True;19.403347280334728
48;33;2014-08-01;22720.55718028316;3280.584453542135;10.0;18.0;False;False;False;False;False;True;True;19.19506849315069
48;33;2014-09-01;22785.08015115217;3280.584453542135;10.0;18.0;False;False;False;False;False;True;True;17.771488178025034
48;33;2014-10-01;23167.23210275929;3280.584453542135;10.0;18.0;False;False;False;False;False;True;True;14.489232839838492
48;33;2014-11-01;24249.84299115586;3280.584453542135;10.0;18.0;False;False;False;False;False;True;True;8.754494382022472
48;33;2014-12-01;27250.40264613892;3280.584453542135;10.0;18.0;False;False;False;False;False;True;True;4.60997920997921
48;33;2015-01-01;29863.803951481805;3280.584453542135;10.0;18.0;False;False;False;False;False;True;True;3.201203007518797
48;33;2015-02-01;30437.57889733553;3280.584453542135;10.0;18.0;False;False;False;False;False;True;True;2.788280060882801
48;33;2015-03-01;23614.908068036515;3280.584453542135;10.0;18.0;False;False;False;False;False;True;True;8.416869095816464
48;33;2015-04-01;20689.104431294272;3280.584453542135;10.0;18.0;False;False;False;False;False;True;True;12.918194444444444
48;33;2015-05-01;19975.878392270173;3280.584453542135;10.0;18.0;False;False;False;False;False;True;True;16.403643724696355
48;33;2015-06-01;22300.19193785854;3280.584453542135;10.0;18.0;False;False;False;False;False;True;True;20.80236111111111
48;33;2015-07-01;24359.445593848453;3280.584453542135;10.0;18.0;False;False;False;False;False;True;True;24.138231292517005
48;33;2015-08-01;21361.59482076536;3280.584453542135;10.0;18.0;False;False;False;False;False;True;True;21.384625850340136
48;33;2015-09-01;21131.930310916498;3280.584453542135;10.0;18.0;False;False;False;False;False;True;True;15.896951219512196
48;33;2015-10-01;22560.48958599534;3280.584453542135;10.0;18.0;False;False;False;False;False;True;True;11.020295698924732
48;33;2015-11-01;24238.892358384903;3280.584453542135;10.0;18.0;False;False;False;False;False;True;True;6.888268156424581
48;33;2015-12-01;27894.005838805915;3280.584453542135;10.0;18.0;False;False;False;False;False;True;True;3.1367567567567565
48;33;2016-01-01;27639.92635802768;3280.584453542135;10.0;18.0;False;False;False;False;False;True;True;4.709703504043127
48;33;2016-02-01;25195.17371074269;3280.584453542135;10.0;18.0;False;False;False;False;False;True;True;6.496925329428989
48;33;2016-03-01;24014.87756754037;3280.584453542135;10.0;18.0;False;False;False;False;False;True;True;7.355737704918032
48;33;2016-04-01;21064.3320935148;3280.584453542135;10.0;18.0;False;False;False;False;False;True;True;11.732960893854749
48;33;2016-05-01;20313.71181909432;3280.584453542135;10.0;18.0;False;False;False;False;False;True;True;15.044010767160165
48;33;2016-06-01;20340.863908541025;3280.584453542135;10.0;18.0;False;False;False;False;False;True;True;19.634075104311545
48;33;2016-07-01;21558.96815340212;3280.584453542135;10.0;18.0;False;False;False;False;False;True;True;21.96518817204301
48;33;2016-08-01;20669.79856076025;3280.584453542135;10.0;18.0;False;False;False;False;False;True;True;21.30646900269542
48;33;2016-09-01;20928.673129361;3280.584453542135;10.0;18.0;False;False;False;False;False;True;True;19.13671766342141
48;33;2016-10-01;20618.966733413745;3280.584453542135;10.0;18.0;False;False;False;False;False;True;True;10.909127516778524
48;33;2016-11-01;23592.939668172992;3280.584453542135;10.0;18.0;False;False;False;False;False;True;True;7.302474526928676
48;33;2016-12-01;29710.600649872245;3280.584453542135;10.0;18.0;False;False;False;False;False;True;True;0.100807537012113
48;33;2017-01-01;33505.03214703094;3280.584453542135;10.0;18.0;False;False;False;False;False;True;True;-1.7691666666666666
48;33;2017-02-01;24436.76464254949;3280.584453542135;10.0;18.0;False;False;False;False;False;True;True;6.585543964232488
48;33;2017-03-01;20907.183257206147;3280.584453542135;10.0;18.0;False;False;False;False;False;True;True;10.37698519515478
48;33;2017-04-01;19282.68851411639;3280.584453542135;10.0;18.0;False;False;False;False;False;True;True;11.888472222222225
48;33;2017-05-01;19148.304250341604;3280.584453542135;10.0;18.0;False;False;False;False;False;True;True;16.466214382632295
48;33;2017-06-01;20314.06811914388;3280.584453542135;10.0;18.0;False;False;False;False;False;True;True;22.077150916784205
48;33;2017-07-01;19467.12562221071;3280.584453542135;10.0;18.0;False;False;False;False;False;True;True;21.598807749627422
48;33;2017-08-01;19437.684548092453;3280.584453542135;10.0;18.0;False;False;False;False;False;True;True;21.637262872628725
48;33;2017-09-01;18842.95509923544;3280.584453542135;10.0;18.0;False;False;False;False;False;True;True;14.705997210599724
48;33;2017-10-01;18680.17148057254;3280.584453542135;10.0;18.0;False;False;False;False;False;True;True;12.11006711409396
49;38;2016-02-01;746451.4207239056;14612.245694734156;30.0;18.0;False;False;False;False;False;True;True;5.754915416533675
49;38;2016-03-01;686994.8963148938;14612.245694734156;30.0;18.0;False;False;False;False;False;True;True;6.368264172998247
49;38;2016-04-01;525987.3459258798;14612.245694734156;30.0;18.0;False;False;False;False;False;True;True;8.494810318664644
49;38;2016-05-01;468370.21767222346;14612.245694734156;30.0;18.0;False;False;False;False;False;True;True;13.669426658905705
49;38;2016-06-01;458456.6393524162;14612.245694734156;30.0;18.0;False;False;False;False;False;True;True;15.946418508082456
49;38;2016-07-01;355590.2480926812;14612.245694734156;30.0;18.0;False;False;False;False;False;True;True;18.244996336996337
49;38;2016-08-01;329660.0757110216;14612.245694734156;30.0;18.0;False;False;False;False;False;True;True;18.56679333528208
49;38;2016-09-01;364394.79927854775;14612.245694734156;30.0;18.0;False;False;False;False;False;True;True;17.05561224489796
49;38;2016-10-01;422699.7615940229;14612.245694734156;30.0;18.0;False;False;False;False;False;True;True;11.173275987753318
49;38;2016-11-01;606286.2084336593;14612.245694734156;30.0;18.0;False;False;False;False;False;True;True;6.659545173267327
49;38;2016-12-01;575026.8591975687;14612.245694734156;30.0;18.0;False;False;False;False;False;True;True;6.528577667782793
49;38;2017-01-01;708173.3431576625;14612.245694734156;30.0;18.0;False;False;False;False;False;True;True;3.5574806662700773
49;38;2017-02-01;;14612.245694734156;30.0;18.0;False;False;False;False;False;True;True;6.824980035138156
50;38;2017-04-01;340538.73427171685;14612.245694734156;30.0;18.0;False;False;False;False;False;True;True;10.20911303818652
50;38;2017-05-01;293824.1448392548;14612.245694734156;30.0;18.0;False;False;False;False;False;True;True;14.159482505145546
50;38;2017-06-01;247613.94646105048;14612.245694734156;30.0;18.0;False;False;False;False;False;True;True;18.025479160328565
50;38;2017-07-01;228749.82038140905;14612.245694734156;30.0;18.0;False;False;False;False;False;True;True;18.37657408753817
51;39;2015-05-01;2898.950540037876;8336.284919582307;10.0;18.0;False;False;False;False;False;True;True;18.70532363977486
51;39;2015-06-01;3009.896507433073;8336.284919582307;10.0;18.0;False;False;False;False;False;True;True;23.118163722318982
51;39;2015-07-01;2423.6643469875894;8336.284919582307;10.0;18.0;False;False;False;False;False;True;True;26.598900070208288
51;39;2015-08-01;2321.6097096351123;8336.284919582307;10.0;18.0;False;False;False;False;False;True;True;24.1390832922622
51;39;2015-09-01;2539.4116905891274;8336.284919582307;10.0;18.0;False;False;False;False;False;True;True;19.566541916167665
51;39;2015-10-01;2851.3541989178552;8336.284919582307;10.0;18.0;False;False;False;False;False;True;True;14.595419664268585
51;39;2015-11-01;3414.2733179837014;8336.284919582307;10.0;18.0;False;False;False;False;False;True;True;11.900247708694575
51;39;2015-12-01;3820.1741150710745;8336.284919582307;10.0;18.0;False;False;False;False;False;True;True;11.118377203574015
51;39;2016-01-01;5075.840515863821;8336.284919582307;10.0;18.0;False;False;False;False;False;True;True;8.4416292798111
51;39;2016-02-01;2873.400563186576;8336.284919582307;10.0;18.0;False;False;False;False;False;True;True;9.12759865875677
51;39;2016-03-01;3094.6101874515944;8336.284919582307;10.0;18.0;False;False;False;False;False;True;True;10.253969776924922
51;39;2016-04-01;2260.517411339134;8336.284919582307;10.0;18.0;False;False;False;False;False;True;True;14.134605850272685
51;39;2016-05-01;1973.321280207092;8336.284919582307;10.0;18.0;False;False;False;False;False;True;True;17.06847126162652
51;39;2016-06-01;2055.6096249700777;8336.284919582307;10.0;18.0;False;False;False;False;False;True;True;22.10308947108255
51;39;2016-07-01;1785.230254129243;8336.284919582307;10.0;18.0;False;False;False;False;False;True;True;25.00351941747573
51;39;2016-08-01;1600.140108613251;8336.284919582307;10.0;18.0;False;False;False;False;False;True;True;24.11463700234192
51;39;2016-09-01;1945.073315549408;8336.284919582307;10.0;18.0;False;False;False;False;False;True;True;21.85218788627936
51;39;2016-10-01;2310.817596043595;8336.284919582307;10.0;18.0;False;False;False;False;False;True;True;15.133102424542306
51;39;2016-11-01;2645.8246203069984;8336.284919582307;10.0;18.0;False;False;False;False;False;True;True;10.817874140666314
51;39;2016-12-01;3781.135631536836;8336.284919582307;10.0;18.0;False;False;False;False;False;True;True;7.894331601322626
51;39;2017-01-01;3471.059808049713;8336.284919582307;10.0;18.0;False;False;False;False;False;True;True;4.938061695409279
51;39;2017-02-01;1876.501686200452;8336.284919582307;10.0;18.0;False;False;False;False;False;True;True;10.86083311501179
51;39;2017-03-01;1786.103914460224;8336.284919582307;10.0;18.0;False;False;False;False;False;True;True;12.35669176584892
51;39;2017-04-01;1544.991806842807;8336.284919582307;10.0;18.0;False;False;False;False;False;True;True;13.901785714285714
51;39;2017-05-01;1763.344445978806;8336.284919582307;10.0;18.0;False;False;False;False;False;True;True;18.092482100238666
51;39;2017-06-01;1870.4371858060729;8336.284919582307;10.0;18.0;False;False;False;False;False;True;True;24.07502470355731
51;39;2017-07-01;2499.154197015643;8336.284919582307;10.0;18.0;False;False;False;False;False;True;True;25.2458222329862
51;39;2017-08-01;1897.0473922596268;8336.284919582307;10.0;18.0;False;False;False;False;False;True;True;24.97752781809385
51;39;2017-09-01;1953.4438809209807;8336.284919582307;10.0;18.0;False;False;False;False;False;True;True;18.496743388834474
52;40;2015-07-01;3296.223294498844;393.3574302976485;10.0;18.0;False;False;False;False;False;True;True;23.83184790506176
52;40;2015-08-01;1515.607622864642;393.3574302976485;10.0;18.0;False;False;False;False;False;True;True;20.64201125519941
52;40;2015-09-01;3894.040936804174;393.3574302976485;10.0;18.0;False;False;False;False;False;True;True;14.84326042726348
52;40;2015-10-01;5859.440400500544;393.3574302976485;10.0;18.0;False;False;False;False;False;True;True;10.32961373390558
52;40;2015-11-01;6357.211037220599;393.3574302976485;10.0;18.0;False;False;False;False;False;True;True;7.108683683683683
52;40;2015-12-01;6397.109246426784;393.3574302976485;10.0;18.0;False;False;False;False;False;True;True;4.080403245635604
52;40;2016-01-01;9063.342638588743;393.3574302976485;10.0;18.0;False;False;False;False;False;True;True;4.489508506616256
52;40;2016-02-01;8218.133189842469;393.3574302976485;10.0;18.0;False;False;False;False;False;True;True;5.459002557544757
52;40;2016-03-01;7071.04309537879;393.3574302976485;10.0;18.0;False;False;False;False;False;True;True;6.222889532079112
52;40;2016-04-01;5557.626442342794;393.3574302976485;10.0;18.0;False;False;False;False;False;True;True;10.261083499005965
52;40;2016-05-01;4680.121040482516;393.3574302976485;10.0;18.0;False;False;False;False;False;True;True;13.73740458015267
52;40;2016-06-01;3998.51735657017;393.3574302976485;10.0;18.0;False;False;False;False;False;True;True;18.218911780243
52;40;2016-07-01;3977.032083873233;393.3574302976485;10.0;18.0;False;False;False;False;False;True;True;21.07673716012085
52;40;2016-08-01;2262.1997628974214;393.3574302976485;10.0;18.0;False;False;False;False;False;True;True;20.62543021032505
52;40;2016-09-01;4016.322141892632;393.3574302976485;10.0;18.0;False;False;False;False;False;True;True;18.333971172962222
52;40;2016-10-01;4839.12586998118;393.3574302976485;10.0;18.0;False;False;False;False;False;True;True;10.355887521968366
52;40;2016-11-01;7055.08473782852;393.3574302976485;10.0;18.0;False;False;False;False;False;True;True;6.552487626986195
52;40;2016-12-01;7073.729313342449;393.3574302976485;10.0;18.0;False;False;False;False;False;True;True;0.6271511910549343
52;40;2017-01-01;11471.060512069913;393.3574302976485;10.0;18.0;False;False;False;False;False;True;True;-0.7757789678675755
52;40;2017-02-01;7132.08030269645;393.3574302976485;10.0;18.0;False;False;False;False;False;True;True;6.17432679738562
52;40;2017-03-01;5989.656383989484;393.3574302976485;10.0;18.0;False;False;False;False;False;True;True;9.480455719990603
52;40;2017-04-01;5062.745978855139;393.3574302976485;10.0;18.0;False;False;False;False;False;True;True;10.860645787812576
52;40;2017-05-01;3983.074604769296;393.3574302976485;10.0;18.0;False;False;False;False;False;True;True;15.44642142142142
52;40;2017-06-01;5223.09601079082;393.3574302976485;10.0;18.0;False;False;False;False;False;True;True;21.119893475366176
52;40;2017-07-01;6453.050835046778;393.3574302976485;10.0;18.0;False;False;False;False;False;True;True;21.16217324449001
52;40;2017-08-01;4383.468120848319;393.3574302976485;10.0;18.0;False;False;False;False;False;True;True;20.94099177672564
52;40;2017-09-01;4519.791048555508;393.3574302976485;10.0;18.0;False;False;False;False;False;True;True;13.844605597964378
52;40;2017-10-01;4850.141429591306;393.3574302976485;10.0;18.0;False;False;False;False;False;True;True;11.626425250795204
52;40;2017-11-01;5708.321767134664;393.3574302976485;10.0;18.0;False;False;False;False;False;True;True;5.23153415998055
53;41;2015-09-01;10619.040454573713;45941.71643756564;15.0;18.0;False;False;False;False;True;True;True;29.85112079701121
53;41;2015-10-01;9626.415528123964;45941.71643756564;15.0;18.0;False;False;False;False;True;True;True;25.490242424242425
53;41;2015-11-01;7858.369040520913;45941.71643756564;15.0;18.0;False;False;False;False;True;True;True;20.29692874692875
53;41;2015-12-01;5917.3513156817935;45941.71643756564;15.0;18.0;False;False;False;False;True;True;True;15.437625516834023
53;41;2016-01-01;5240.680422792197;45941.71643756564;15.0;18.0;False;False;False;False;True;True;True;13.573920756948551
53;41;2016-02-01;6133.61259837213;45941.71643756564;15.0;18.0;False;False;False;False;True;True;True;18.17879948914432
53;41;2016-03-01;7045.849748065692;45941.71643756564;15.0;18.0;False;False;False;False;True;True;True;21.066825491363904
53;41;2016-04-01;16036.440135583598;45941.71643756564;15.0;18.0;False;False;False;False;True;True;True;25.712484394506863
53;41;2016-05-01;27500.524225494;45941.71643756564;15.0;18.0;False;False;False;False;True;True;True;26.87858851674641
53;41;2016-06-01;79809.85039962445;45941.71643756564;15.0;18.0;False;False;False;False;True;True;True;30.837577639751554
53;41;2016-07-01;238453.01733209417;45941.71643756564;15.0;18.0;False;False;False;False;True;True;True;29.96163973668462
53;41;2016-08-01;241591.17216377085;45941.71643756564;15.0;18.0;False;False;False;False;True;True;True;29.96486810551559
53;41;2016-09-01;241833.44230125443;45941.71643756564;15.0;18.0;False;False;False;False;True;True;True;28.47172969621823
53;41;2016-10-01;220330.93092476792;45941.71643756564;15.0;18.0;False;False;False;False;True;True;True;25.66276026174896
53;41;2016-11-01;174043.29602681435;45941.71643756564;15.0;18.0;False;False;False;False;True;True;True;20.875703324808185
53;41;2016-12-01;140241.42411621852;45941.71643756564;15.0;18.0;False;False;False;False;True;True;True;15.447890671420083
53;41;2017-01-01;114760.6509465672;45941.71643756564;15.0;18.0;False;False;False;False;True;True;True;14.218026796589523
53;41;2017-02-01;108625.75211366056;45941.71643756564;15.0;18.0;False;False;False;False;True;True;True;15.319276315789471
53;41;2017-03-01;149585.58196262896;45941.71643756564;15.0;18.0;False;False;False;False;True;True;True;19.31932974266906
53;41;2017-04-01;190799.75688318585;45941.71643756564;15.0;18.0;False;False;False;False;True;True;True;22.37911547911548
53;41;2017-05-01;216957.648338952;45941.71643756564;15.0;18.0;False;False;False;False;True;True;True;26.90763267740012
53;41;2017-06-01;238010.5637854656;45941.71643756564;15.0;18.0;False;False;False;False;True;True;True;29.32547928262214
53;41;2017-07-01;247678.41809976305;45941.71643756564;15.0;18.0;False;False;False;False;True;True;True;30.951720047449584
53;41;2017-08-01;250150.6490968609;45941.71643756564;15.0;18.0;False;False;False;False;True;True;True;30.454937163375224
53;41;2017-09-01;242659.5553200688;45941.71643756564;15.0;18.0;False;False;False;False;True;True;True;28.161713933415538
54;42;2015-11-01;37555.95725570293;1032.735063490691;15.0;18.0;False;False;False;False;False;True;True;13.14311064718163
54;42;2015-12-01;30053.259821597952;1032.735063490691;15.0;18.0;False;False;False;False;False;True;True;9.34448717948718
54;42;2016-01-01;32552.13028571656;1032.735063490691;15.0;18.0;False;False;False;False;False;True;True;10.411305637982196
54;42;2016-02-01;31263.13381369788;1032.735063490691;15.0;18.0;False;False;False;False;False;True;True;12.486935791481246
54;42;2016-03-01;28949.21138120787;1032.735063490691;15.0;18.0;False;False;False;False;False;True;True;11.891019922688075
54;42;2016-04-01;33333.589572965895;1032.735063490691;15.0;18.0;False;False;False;False;False;True;True;16.626122823098076
54;42;2016-05-01;35724.370326704695;1032.735063490691;15.0;18.0;False;False;False;False;False;True;True;18.215093786635403
54;42;2016-06-01;39573.99238170434;1032.735063490691;15.0;18.0;False;False;False;False;False;True;True;22.8841372612496
54;42;2016-07-01;43115.837128416766;1032.735063490691;15.0;18.0;False;False;False;False;False;True;True;26.180901947386403
54;42;2016-08-01;43720.74155810833;1032.735063490691;15.0;18.0;False;False;False;False;False;True;True;25.60478739220933
54;42;2016-09-01;39805.2197499355;1032.735063490691;15.0;18.0;False;False;False;False;False;True;True;22.10501096147824
54;42;2016-10-01;36277.76524634668;1032.735063490691;15.0;18.0;False;False;False;False;False;True;True;18.1948956780924
54;42;2016-11-01;34617.83556360337;1032.735063490691;15.0;18.0;False;False;False;False;False;True;True;13.57379421221865
54;42;2016-12-01;32624.54311866884;1032.735063490691;15.0;18.0;False;False;False;False;False;True;True;9.535121951219512
54;42;2017-01-01;33490.44806440685;1032.735063490691;15.0;18.0;False;False;False;False;False;True;True;6.473482798608427
54;42;2017-02-01;32786.04389847209;1032.735063490691;15.0;18.0;False;False;False;False;False;True;True;11.145042016806723
54;42;2017-03-01;31929.3771489444;1032.735063490691;15.0;18.0;False;False;False;False;False;True;True;12.807079318013344
54;42;2017-04-01;31227.56895390557;1032.735063490691;15.0;18.0;False;False;False;False;False;True;True;14.7378782075833
54;42;2017-05-01;36684.886258727856;1032.735063490691;15.0;18.0;False;False;False;False;False;True;True;19.729536178107605
54;42;2017-06-01;40233.1327435335;1032.735063490691;15.0;18.0;False;False;False;False;False;True;True;24.92481467030824
54;42;2017-07-01;41968.76225407692;1032.735063490691;15.0;18.0;False;False;False;False;False;True;True;26.576356877323416
54;42;2017-08-01;46202.996349883615;1032.735063490691;15.0;18.0;False;False;False;False;False;True;True;27.181528662420384
54;42;2017-09-01;38561.232263962505;1032.735063490691;15.0;18.0;False;False;False;False;False;True;True;21.1915602013163
54;42;2017-10-01;32024.58521066161;1032.735063490691;15.0;18.0;False;False;False;False;False;True;True;17.58592537864795
54;42;2017-11-01;29201.6247160966;1032.735063490691;15.0;18.0;False;False;False;False;False;True;True;12.998891437308869
54;42;2017-12-01;25575.27701232194;1032.735063490691;15.0;18.0;False;False;False;False;False;True;True;9.145744010088272
55;46;2016-01-01;13984.017684262071;2705.0604202173417;15.0;18.0;False;False;False;False;False;True;True;10.413895486935868
55;46;2016-02-01;13137.167514191922;2705.0604202173417;15.0;18.0;False;False;False;False;False;True;True;12.486935791481246
55;46;2016-03-01;13099.710325716424;2705.0604202173417;15.0;18.0;False;False;False;False;False;True;True;11.891019922688075
55;46;2016-04-01;13847.658144226589;2705.0604202173417;15.0;18.0;False;False;False;False;False;True;True;16.626122823098076
55;46;2016-05-01;14413.914446356488;2705.0604202173417;15.0;18.0;False;False;False;False;False;True;True;18.215093786635403
55;46;2016-06-01;18373.43612030526;2705.0604202173417;15.0;18.0;False;False;False;False;False;True;True;22.8841372612496
55;46;2016-07-01;21227.12428092536;2705.0604202173417;15.0;18.0;False;False;False;False;False;True;True;26.180901947386403
55;46;2016-08-01;19471.913448077947;2705.0604202173417;15.0;18.0;False;False;False;False;False;True;True;25.60478739220933
55;46;2016-09-01;16529.57310730838;2705.0604202173417;15.0;18.0;False;False;False;False;False;True;True;22.10501096147824
55;46;2016-10-01;14323.385242215498;2705.0604202173417;15.0;18.0;False;False;False;False;False;True;True;18.1948956780924
55;46;2016-11-01;13546.024826632589;2705.0604202173417;15.0;18.0;False;False;False;False;False;True;True;13.57379421221865
55;46;2016-12-01;13142.10363881347;2705.0604202173417;15.0;18.0;False;False;False;False;False;True;True;9.535121951219512
55;46;2017-01-01;14402.961467051317;2705.0604202173417;15.0;18.0;False;False;False;False;False;True;True;6.473482798608427
55;46;2017-02-01;13267.50361247551;2705.0604202173417;15.0;18.0;False;False;False;False;False;True;True;11.145042016806723
55;46;2017-03-01;13275.035356240782;2705.0604202173417;15.0;18.0;False;False;False;False;False;True;True;12.807079318013344
55;46;2017-04-01;8719.785503703391;2705.0604202173417;15.0;18.0;False;False;False;False;False;True;True;14.7378782075833
55;46;2017-05-01;9442.788460104175;2705.0604202173417;15.0;18.0;False;False;False;False;False;True;True;19.729536178107605
55;46;2017-06-01;11808.011861490751;2705.0604202173417;15.0;18.0;False;False;False;False;False;True;True;24.92481467030824
55;46;2017-07-01;12351.311766056851;2705.0604202173417;15.0;18.0;False;False;False;False;False;True;True;26.576356877323416
55;46;2017-08-01;11132.501150192436;2705.0604202173417;15.0;18.0;False;False;False;False;False;True;True;27.181528662420384
55;46;2017-09-01;9472.459769504369;2705.0604202173417;15.0;18.0;False;False;False;False;False;True;True;21.1915602013163
55;46;2017-10-01;8293.663533416911;2705.0604202173417;15.0;18.0;False;False;False;False;False;True;True;17.58592537864795
56;47;2015-11-01;1092478.753001073;816.772219419945;15.0;18.0;False;False;False;False;False;True;True;15.97872340425532
56;47;2015-12-01;1112034.848085097;816.772219419945;15.0;18.0;False;False;False;False;False;True;True;14.128770053475936
56;47;2016-01-01;1138497.0827835451;816.772219419945;15.0;18.0;False;False;False;False;False;True;True;11.409771229158588
56;47;2016-02-01;1127843.761050672;816.772219419945;15.0;18.0;False;False;False;False;False;True;True;13.121629567408652
56;47;2016-03-01;1112959.329529652;816.772219419945;15.0;18.0;False;False;False;False;False;True;True;12.36703733121525
56;47;2016-04-01;1077849.8909352126;816.772219419945;15.0;18.0;False;False;False;False;False;True;True;16.92365161805833
56;47;2016-05-01;1141642.410440917;816.772219419945;15.0;18.0;False;False;False;False;False;True;True;18.284322678843225
56;47;2016-06-01;1299283.9103827006;816.772219419945;15.0;18.0;False;False;False;False;False;True;True;22.71540594059406
56;47;2016-07-01;1424877.2986407871;816.772219419945;15.0;18.0;False;False;False;False;False;True;True;25.92297970126388
56;47;2016-08-01;1375306.2210761465;816.772219419945;15.0;18.0;False;False;False;False;False;True;True;25.655653846153847
56;47;2016-09-01;1275500.564765143;816.772219419945;15.0;18.0;False;False;False;False;False;True;True;22.348809988294967
56;47;2016-10-01;1176382.2487345317;816.772219419945;15.0;18.0;False;False;False;False;False;True;True;18.594137542277338
56;47;2016-11-01;1219995.5158958775;816.772219419945;15.0;18.0;False;False;False;False;False;True;True;14.417675350701405
57;49;2015-11-01;2407.753650328833;1046.0328463133192;15.0;18.0;False;False;False;False;False;True;True;15.97872340425532
57;49;2015-12-01;2080.234815352525;1046.0328463133192;15.0;18.0;False;False;False;False;False;True;True;14.128770053475936
57;49;2016-01-01;2015.5649466232;1046.0328463133192;15.0;18.0;False;False;False;False;False;True;True;12.005032119914349
57;49;2016-02-01;2242.6054161834904;1046.0328463133192;15.0;18.0;False;False;False;False;False;True;True;13.036702767749698
57;49;2016-03-01;1956.1989134235228;1046.0328463133192;15.0;18.0;False;False;False;False;False;True;True;12.525291375291376
57;49;2016-04-01;2767.689194703772;1046.0328463133192;15.0;18.0;False;False;False;False;False;True;True;16.756222222222224
57;49;2016-05-01;3207.1827585571664;1046.0328463133192;15.0;18.0;False;False;False;False;False;True;True;17.81901709401709
57;49;2016-06-01;4083.125786077407;1046.0328463133192;15.0;18.0;False;False;False;False;False;True;True;22.14216335540839
57;49;2016-07-01;4395.849320034154;1046.0328463133192;15.0;18.0;False;False;False;False;False;True;True;25.15414424111949
57;49;2016-08-01;4175.482920942605;1046.0328463133192;15.0;18.0;False;False;False;False;False;True;True;25.161093247588425
57;49;2016-09-01;3878.70600674284;1046.0328463133192;15.0;18.0;False;False;False;False;False;True;True;22.35824524312897
57;49;2016-10-01;3348.618078694497;1046.0328463133192;15.0;18.0;False;False;False;False;False;True;True;18.83501026694045
57;49;2016-11-01;2589.328765177654;1046.0328463133192;15.0;18.0;False;False;False;False;False;True;True;15.351916757940854
57;49;2016-12-01;2050.219051791974;1046.0328463133192;15.0;18.0;False;False;False;False;False;True;True;11.75406797116375
57;49;2017-01-01;1930.9549609945063;1046.0328463133192;15.0;18.0;False;False;False;False;False;True;True;7.817200854700855
57;49;2017-02-01;2344.202082292069;1046.0328463133192;15.0;18.0;False;False;False;False;False;True;True;12.107843137254902
57;49;2017-03-01;2458.6914334955463;1046.0328463133192;15.0;18.0;False;False;False;False;False;True;True;13.232415902140673
57;49;2017-04-01;2689.6008521474223;1046.0328463133192;15.0;18.0;False;False;False;False;False;True;True;15.200215053763442
57;49;2017-05-01;3488.056795884976;1046.0328463133192;15.0;18.0;False;False;False;False;False;True;True;19.40053361792956
57;49;2017-06-01;4502.993278644716;1046.0328463133192;15.0;18.0;False;False;False;False;False;True;True;24.01410693970421
57;49;2017-07-01;4625.639310074081;1046.0328463133192;15.0;18.0;False;False;False;False;False;True;True;25.78416945373468
57;49;2017-08-01;4987.22091006935;1046.0328463133192;15.0;18.0;False;False;False;False;False;True;True;26.48109820485744
57;49;2017-09-01;3898.07119626352;1046.0328463133192;15.0;18.0;False;False;False;False;False;True;True;21.477584330794343
57;49;2017-10-01;3230.2371470546336;1046.0328463133192;15.0;18.0;False;False;False;False;False;True;True;18.54506749740395
57;49;2017-11-01;2733.6783999574936;1046.0328463133192;15.0;18.0;False;False;False;False;False;True;True;14.131331877729258
58;50;2015-11-01;3150.359527673364;394.6370808655629;15.0;18.0;False;False;False;False;False;True;True;12.474742852144688
58;50;2015-12-01;2965.0775694277;394.6370808655629;15.0;18.0;False;False;False;False;False;True;True;9.81416083916084
58;50;2016-01-01;3146.9399698481584;394.6370808655629;15.0;18.0;False;False;False;False;False;True;True;10.602019352124527
58;50;2016-02-01;3117.492626764465;394.6370808655629;15.0;18.0;False;False;False;False;False;True;True;12.734248424842484
58;50;2016-03-01;3019.079229635716;394.6370808655629;15.0;18.0;False;False;False;False;False;True;True;12.115776188472866
58;50;2016-04-01;3034.459049152269;394.6370808655629;15.0;18.0;False;False;False;False;False;True;True;16.949848156182213
58;50;2016-05-01;3190.0758487926223;394.6370808655629;15.0;18.0;False;False;False;False;False;True;True;18.3866281469253
58;50;2016-06-01;3637.5429452632607;394.6370808655629;15.0;18.0;False;False;False;False;False;True;True;22.7198684828558
58;50;2016-07-01;4024.3435379625535;394.6370808655629;15.0;18.0;False;False;False;False;False;True;True;26.37072671443193
58;50;2016-08-01;3908.407040330231;394.6370808655629;15.0;18.0;False;False;False;False;False;True;True;25.968434237995822
58;50;2016-09-01;3456.835157997224;394.6370808655629;15.0;18.0;False;False;False;False;False;True;True;22.26709821428572
58;50;2016-10-01;3046.335844474988;394.6370808655629;15.0;18.0;False;False;False;False;False;True;True;18.455068168346177
58;50;2016-11-01;3024.755982466902;394.6370808655629;15.0;18.0;False;False;False;False;False;True;True;13.87850821744627
58;50;2016-12-01;3010.4954129508988;394.6370808655629;15.0;18.0;False;False;False;False;False;True;True;9.86656856974691
58;50;2017-01-01;3058.793433170244;394.6370808655629;15.0;18.0;False;False;False;False;False;True;True;6.714138349514563
58;50;2017-02-01;2956.2766247443424;394.6370808655629;15.0;18.0;False;False;False;False;False;True;True;11.64192462987887
58;50;2017-03-01;2886.028829819511;394.6370808655629;15.0;18.0;False;False;False;False;False;True;True;13.276081871345028
58;50;2017-04-01;2929.635961929764;394.6370808655629;15.0;18.0;False;False;False;False;False;True;True;15.08683574879227
58;50;2017-05-01;3275.877396205406;394.6370808655629;15.0;18.0;False;False;False;False;False;True;True;20.089375364856974
58;50;2017-06-01;3638.552758145088;394.6370808655629;15.0;18.0;False;False;False;False;False;True;True;24.865976871576382
58;50;2017-07-01;3733.5461127300778;394.6370808655629;15.0;18.0;False;False;False;False;False;True;True;26.904705882352943
58;50;2017-08-01;3704.185866565143;394.6370808655629;15.0;18.0;False;False;False;False;False;True;True;27.557565011820333
58;50;2017-09-01;3292.9230370907367;394.6370808655629;15.0;18.0;False;False;False;False;False;True;True;21.150914634146343
58;50;2017-10-01;2927.436887719572;394.6370808655629;15.0;18.0;False;False;False;False;False;True;True;18.05695981362842
58;50;2017-11-01;2639.645295966492;394.6370808655629;15.0;18.0;False;False;False;False;False;True;True;12.930907997594709
59;52;2016-05-01;313152.8499619644;564.093165342696;15.0;18.0;False;False;False;False;False;True;True;17.970319634703195
59;52;2016-06-01;323509.06956913206;564.093165342696;15.0;18.0;False;False;False;False;False;True;True;23.17393483709273
59;52;2016-07-01;367596.7417781708;564.093165342696;15.0;18.0;False;False;False;False;False;True;True;27.37488151658768
59;52;2016-08-01;355083.6339367948;564.093165342696;15.0;18.0;False;False;False;False;False;True;True;26.303595505617977
59;52;2016-09-01;309812.8447541913;564.093165342696;15.0;18.0;False;False;False;False;False;True;True;21.855196304849883
59;52;2016-10-01;268176.9339329693;564.093165342696;15.0;18.0;False;False;False;False;False;True;True;16.51223021582734
59;52;2016-11-01;254161.65621380665;564.093165342696;15.0;18.0;False;False;False;False;False;True;True;11.792207792207792
59;52;2016-12-01;250992.89800132767;564.093165342696;15.0;18.0;False;False;False;False;False;True;True;7.630708661417323
59;52;2017-01-01;242859.0198473741;564.093165342696;15.0;18.0;False;False;False;False;False;True;True;5.695
59;52;2017-02-01;257517.00041637543;564.093165342696;15.0;18.0;False;False;False;False;False;True;True;10.31282722513089
59;52;2017-03-01;246300.3313502256;564.093165342696;15.0;18.0;False;False;False;False;False;True;True;13.824311926605503
59;52;2017-04-01;248725.6792140057;564.093165342696;15.0;18.0;False;False;False;False;False;True;True;14.233513513513511
59;52;2017-05-01;274371.6226685683;564.093165342696;15.0;18.0;False;False;False;False;False;True;True;20.913809523809523
60;52;2017-07-01;341753.5386996432;564.093165342696;15.0;18.0;False;False;False;False;False;True;True;28.07943262411348
60;52;2017-08-01;366473.147225988;564.093165342696;15.0;18.0;False;False;False;False;False;True;True;30.79764150943397
60;52;2017-09-01;319092.2029420663;564.093165342696;15.0;18.0;False;False;False;False;False;True;True;20.39
60;52;2017-10-01;313512.38859775924;564.093165342696;15.0;18.0;False;False;False;False;False;True;True;17.37867298578199
61;53;2016-04-01;12087.468964471802;661.7787830894813;15.0;18.0;False;False;False;False;False;True;True;15.29589403743588
61;53;2016-05-01;12684.615149877318;661.7787830894813;15.0;18.0;False;False;False;False;False;True;True;16.96185797726271
61;53;2016-06-01;16674.615486408733;661.7787830894813;15.0;18.0;False;False;False;False;False;True;True;19.401180382433072
61;53;2016-07-01;20479.504843310864;661.7787830894813;15.0;18.0;False;False;False;False;False;True;True;21.32305825008297
61;53;2016-08-01;1905.438216177548;661.7787830894813;15.0;18.0;False;False;False;False;False;True;True;20.742745780697103
61;53;2016-09-01;1878.1866650837185;661.7787830894813;15.0;18.0;False;False;False;False;False;True;True;19.343314778472426
61;53;2016-10-01;1805.2437636806264;661.7787830894813;15.0;18.0;False;False;False;False;False;True;True;15.324236311387889
61;53;2016-11-01;1764.495419995838;661.7787830894813;15.0;18.0;False;False;False;False;False;True;True;12.177426391472933
61;53;2016-12-01;1714.8230698504665;661.7787830894813;15.0;18.0;False;False;False;False;False;True;True;9.090210333213026
61;53;2017-01-01;1824.00174930916;661.7787830894813;15.0;18.0;False;False;False;False;False;True;True;8.220158448422033
61;53;2017-02-01;1828.621824313547;661.7787830894813;15.0;18.0;False;False;False;False;False;True;True;11.089617159986588
61;53;2017-03-01;1804.6320878937768;661.7787830894813;15.0;18.0;False;False;False;False;False;True;True;13.587104379909494
61;53;2017-04-01;1734.4608711290678;661.7787830894813;15.0;18.0;False;False;False;False;False;True;True;14.894739608181292
61;53;2017-05-01;1778.0886207946114;661.7787830894813;15.0;18.0;False;False;False;False;False;True;True;17.435992917198842
61;53;2017-06-01;1815.2729091304425;661.7787830894813;15.0;18.0;False;False;False;False;False;True;True;20.887620035041337
61;53;2017-07-01;1886.811722346957;661.7787830894813;15.0;18.0;False;False;False;False;False;True;True;21.37875162596229
61;53;2017-08-01;2251.222546675162;661.7787830894813;15.0;18.0;False;False;False;False;False;True;True;22.11828355029739
61;53;2017-09-01;2019.5686588361973;661.7787830894813;15.0;18.0;False;False;False;False;False;True;True;18.007116473367873
61;53;2017-10-01;2072.512830875509;661.7787830894813;15.0;18.0;False;False;False;False;False;True;True;15.89606581655819
61;53;2017-11-01;2130.6672063477413;661.7787830894813;15.0;18.0;False;False;False;False;False;True;True;11.848114658126905
62;54;2015-11-01;2502.5790840646923;650.5208434959641;15.0;18.0;False;False;False;False;False;True;True;12.474742852144688
62;54;2015-12-01;2661.8508970992734;650.5208434959641;15.0;18.0;False;False;False;False;False;True;True;10.585770904643011
62;54;2016-01-01;2566.6625136286;650.5208434959641;15.0;18.0;False;False;False;False;False;True;True;10.044430381276952
62;54;2016-02-01;2938.2312319259813;650.5208434959641;15.0;18.0;False;False;False;False;False;True;True;12.181250227658523
62;54;2016-03-01;2974.513895631766;650.5208434959641;15.0;18.0;False;False;False;False;False;True;True;12.515167674172917
62;54;2016-04-01;3495.8204693523644;650.5208434959641;15.0;18.0;False;False;False;False;False;True;True;15.29589403743588
62;54;2016-05-01;3706.477268668904;650.5208434959641;15.0;18.0;False;False;False;False;False;True;True;16.96185797726271
62;54;2016-06-01;4831.345625420683;650.5208434959641;15.0;18.0;False;False;False;False;False;True;True;19.401180382433072
62;54;2016-07-01;4256.657202996621;650.5208434959641;15.0;18.0;False;False;False;False;False;True;True;21.32305825008297
62;54;2016-08-01;3552.241305632989;650.5208434959641;15.0;18.0;False;False;False;False;False;True;True;20.742745780697103
62;54;2016-09-01;3081.1241864244207;650.5208434959641;15.0;18.0;False;False;False;False;False;True;True;19.343314778472426
62;54;2016-10-01;2807.363484902792;650.5208434959641;15.0;18.0;False;False;False;False;False;True;True;15.324236311387889
62;54;2016-11-01;2582.248598284552;650.5208434959641;15.0;18.0;False;False;False;False;False;True;True;12.177426391472933
62;54;2016-12-01;2122.5875037967608;650.5208434959641;15.0;18.0;False;False;False;False;False;True;True;9.090210333213026
62;54;2017-01-01;1719.7502642125692;650.5208434959641;15.0;18.0;False;False;False;False;False;True;True;8.220158448422033
62;54;2017-02-01;2357.7627529250426;650.5208434959641;15.0;18.0;False;False;False;False;False;True;True;11.089617159986588
62;54;2017-03-01;2551.5831930132827;650.5208434959641;15.0;18.0;False;False;False;False;False;True;True;13.587104379909494
62;54;2017-04-01;2697.403940279224;650.5208434959641;15.0;18.0;False;False;False;False;False;True;True;14.894739608181292
62;54;2017-05-01;4035.262355456429;650.5208434959641;15.0;18.0;False;False;False;False;False;True;True;17.435992917198842
62;54;2017-06-01;4735.757969518261;650.5208434959641;15.0;18.0;False;False;False;False;False;True;True;20.887620035041337
62;54;2017-07-01;4893.033617139254;650.5208434959641;15.0;18.0;False;False;False;False;False;True;True;21.37875162596229
62;54;2017-08-01;5445.930376172715;650.5208434959641;15.0;18.0;False;False;False;False;False;True;True;22.11828355029739
62;54;2017-09-01;5303.670460056603;650.5208434959641;15.0;18.0;False;False;False;False;False;True;True;18.007116473367873
63;57;2015-11-01;30354.60837734361;700.6161668775603;15.0;18.0;False;False;False;False;False;True;True;12.474742852144688
63;57;2015-12-01;27122.827729981047;700.6161668775603;15.0;18.0;False;False;False;False;False;True;True;9.81416083916084
63;57;2016-01-01;28255.882849785456;700.6161668775603;15.0;18.0;False;False;False;False;False;True;True;10.602019352124527
63;57;2016-02-01;29453.99198160856;700.6161668775603;15.0;18.0;False;False;False;False;False;True;True;12.734248424842484
63;57;2016-03-01;27375.99725059765;700.6161668775603;15.0;18.0;False;False;False;False;False;True;True;12.115776188472866
63;57;2016-04-01;29487.40272918661;700.6161668775603;15.0;18.0;False;False;False;False;False;True;True;16.949848156182213
63;57;2016-05-01;30104.764627219367;700.6161668775603;15.0;18.0;False;False;False;False;False;True;True;18.3866281469253
63;57;2016-06-01;34182.25500917097;700.6161668775603;15.0;18.0;False;False;False;False;False;True;True;22.7198684828558
63;57;2016-07-01;37623.8588979715;700.6161668775603;15.0;18.0;False;False;False;False;False;True;True;26.37072671443193
63;57;2016-08-01;36284.63274224645;700.6161668775603;15.0;18.0;False;False;False;False;False;True;True;25.968434237995822
63;57;2016-09-01;32822.47964453067;700.6161668775603;15.0;18.0;False;False;False;False;False;True;True;22.26709821428572
63;57;2016-10-01;29901.342123340582;700.6161668775603;15.0;18.0;False;False;False;False;False;True;True;18.455068168346177
63;57;2016-11-01;28241.78819386988;700.6161668775603;15.0;18.0;False;False;False;False;False;True;True;13.87850821744627
63;57;2016-12-01;26776.796899376328;700.6161668775603;15.0;18.0;False;False;False;False;False;True;True;9.86656856974691
63;57;2017-01-01;26777.32274282936;700.6161668775603;15.0;18.0;False;False;False;False;False;True;True;6.714138349514563
63;57;2017-02-01;27668.07376751868;700.6161668775603;15.0;18.0;False;False;False;False;False;True;True;11.64192462987887
63;57;2017-03-01;27146.07261722102;700.6161668775603;15.0;18.0;False;False;False;False;False;True;True;13.276081871345028
63;57;2017-04-01;26994.565335770483;700.6161668775603;15.0;18.0;False;False;False;False;False;True;True;15.08683574879227
63;57;2017-05-01;31401.911906037687;700.6161668775603;15.0;18.0;False;False;False;False;False;True;True;20.089375364856974
63;57;2017-06-01;33919.97056512769;700.6161668775603;15.0;18.0;False;False;False;False;False;True;True;24.865976871576382
63;57;2017-07-01;35901.597140275335;700.6161668775603;15.0;18.0;False;False;False;False;False;True;True;26.904705882352943
63;57;2017-08-01;34763.21878925218;700.6161668775603;15.0;18.0;False;False;False;False;False;True;True;27.557565011820333
63;57;2017-09-01;31915.41291746277;700.6161668775603;15.0;18.0;False;False;False;False;False;True;True;21.150914634146343
64;58;2015-11-01;1072817.923381314;1149.050606205128;15.0;18.0;False;False;False;False;False;True;True;12.474742852144688
64;58;2015-12-01;964549.0027461722;1149.050606205128;15.0;18.0;False;False;False;False;False;True;True;10.585770904643011
64;58;2016-01-01;833759.4784033304;1149.050606205128;15.0;18.0;False;False;False;False;False;True;True;10.044430381276952
64;58;2016-02-01;859286.3563397467;1149.050606205128;15.0;18.0;False;False;False;False;False;True;True;12.181250227658523
64;58;2016-03-01;833106.063151431;1149.050606205128;15.0;18.0;False;False;False;False;False;True;True;12.515167674172917
64;58;2016-04-01;968750.4278849796;1149.050606205128;15.0;18.0;False;False;False;False;False;True;True;15.29589403743588
64;58;2016-05-01;1035050.6810318284;1149.050606205128;15.0;18.0;False;False;False;False;False;True;True;16.96185797726271
64;58;2016-06-01;1160842.770183596;1149.050606205128;15.0;18.0;False;False;False;False;False;True;True;19.401180382433072
64;58;2016-07-01;1215276.1217239643;1149.050606205128;15.0;18.0;False;False;False;False;False;True;True;21.32305825008297
64;58;2016-08-01;1199039.003035149;1149.050606205128;15.0;18.0;False;False;False;False;False;True;True;20.742745780697103
64;58;2016-09-01;1119191.4119881135;1149.050606205128;15.0;18.0;False;False;False;False;False;True;True;19.343314778472426
64;58;2016-10-01;1028357.5358805128;1149.050606205128;15.0;18.0;False;False;False;False;False;True;True;15.324236311387889
64;58;2016-11-01;948028.9260958248;1149.050606205128;15.0;18.0;False;False;False;False;False;True;True;12.177426391472933
65;58;2017-01-01;739755.3635416084;1149.050606205128;15.0;18.0;False;False;False;False;False;True;True;8.220158448422033
65;58;2017-02-01;821734.6475244279;1149.050606205128;15.0;18.0;False;False;False;False;False;True;True;11.089617159986588
65;58;2017-03-01;890544.7558474917;1149.050606205128;15.0;18.0;False;False;False;False;False;True;True;13.587104379909494
65;58;2017-04-01;935739.2462232728;1149.050606205128;15.0;18.0;False;False;False;False;False;True;True;14.894739608181292
66;59;2016-01-01;5982.955725796553;1095.2528725669254;15.0;18.0;False;False;False;False;False;True;True;10.044430381276952
66;59;2016-02-01;6360.455788848245;1095.2528725669254;15.0;18.0;False;False;False;False;False;True;True;12.181250227658523
66;59;2016-03-01;8129.864597288081;1095.2528725669254;15.0;18.0;False;False;False;False;False;True;True;12.515167674172917
66;59;2016-04-01;8709.187326617843;1095.2528725669254;15.0;18.0;False;False;False;False;False;True;True;15.29589403743588
66;59;2016-05-01;8943.472697650388;1095.2528725669254;15.0;18.0;False;False;False;False;False;True;True;16.96185797726271
66;59;2016-06-01;10223.845643508555;1095.2528725669254;15.0;18.0;False;False;False;False;False;True;True;19.401180382433072
66;59;2016-07-01;11163.466846375157;1095.2528725669254;15.0;18.0;False;False;False;False;False;True;True;21.32305825008297
66;59;2016-08-01;8616.059173818163;1095.2528725669254;15.0;18.0;False;False;False;False;False;True;True;20.742745780697103
66;59;2016-09-01;6783.413668517136;1095.2528725669254;15.0;18.0;False;False;False;False;False;True;True;19.343314778472426
66;59;2016-10-01;6096.902112619099;1095.2528725669254;15.0;18.0;False;False;False;False;False;True;True;15.324236311387889
66;59;2016-11-01;5778.184226689129;1095.2528725669254;15.0;18.0;False;False;False;False;False;True;True;12.177426391472933
66;59;2016-12-01;5893.355102729833;1095.2528725669254;15.0;18.0;False;False;False;False;False;True;True;9.090210333213026
66;59;2017-01-01;6610.355506716362;1095.2528725669254;15.0;18.0;False;False;False;False;False;True;True;8.220158448422033
66;59;2017-02-01;8962.884549451024;1095.2528725669254;15.0;18.0;False;False;False;False;False;True;True;11.089617159986588
66;59;2017-03-01;8149.121115369866;1095.2528725669254;15.0;18.0;False;False;False;False;False;True;True;13.587104379909494
66;59;2017-04-01;8185.397823125635;1095.2528725669254;15.0;18.0;False;False;False;False;False;True;True;14.894739608181292
66;59;2017-05-01;9365.16824176556;1095.2528725669254;15.0;18.0;False;False;False;False;False;True;True;17.435992917198842
66;59;2017-06-01;11013.443072667746;1095.2528725669254;15.0;18.0;False;False;False;False;False;True;True;20.887620035041337
66;59;2017-07-01;11133.20282708066;1095.2528725669254;15.0;18.0;False;False;False;False;False;True;True;21.37875162596229
66;59;2017-08-01;11780.748630304835;1095.2528725669254;15.0;18.0;False;False;False;False;False;True;True;22.11828355029739
66;59;2017-09-01;9811.521267520093;1095.2528725669254;15.0;18.0;False;False;False;False;False;True;True;18.007116473367873
66;59;2017-10-01;8913.946062052213;1095.2528725669254;15.0;18.0;False;False;False;False;False;True;True;15.89606581655819
66;59;2017-11-01;8259.789272001057;1095.2528725669254;15.0;18.0;False;False;False;False;False;True;True;11.848114658126905
67;60;2015-12-01;19043.94411708024;646.9506055890815;15.0;18.0;False;False;False;False;False;True;True;10.585770904643011
67;60;2016-01-01;18250.8408532859;646.9506055890815;15.0;18.0;False;False;False;False;False;True;True;10.044430381276952
67;60;2016-02-01;18382.60372739723;646.9506055890815;15.0;18.0;False;False;False;False;False;True;True;12.181250227658523
67;60;2016-03-01;17477.430421830133;646.9506055890815;15.0;18.0;False;False;False;False;False;True;True;12.515167674172917
67;60;2016-04-01;18376.60466927908;646.9506055890815;15.0;18.0;False;False;False;False;False;True;True;15.29589403743588
67;60;2016-05-01;18982.614949966617;646.9506055890815;15.0;18.0;False;False;False;False;False;True;True;16.96185797726271
67;60;2016-06-01;22691.272242234656;646.9506055890815;15.0;18.0;False;False;False;False;False;True;True;19.401180382433072
67;60;2016-07-01;24070.98035785912;646.9506055890815;15.0;18.0;False;False;False;False;False;True;True;21.32305825008297
67;60;2016-08-01;24718.79192386049;646.9506055890815;15.0;18.0;False;False;False;False;False;True;True;20.742745780697103
67;60;2016-09-01;26946.49117152154;646.9506055890815;15.0;18.0;False;False;False;False;False;True;True;19.343314778472426
67;60;2016-10-01;24010.226660195985;646.9506055890815;15.0;18.0;False;False;False;False;False;True;True;15.324236311387889
67;60;2016-11-01;22190.705831524327;646.9506055890815;15.0;18.0;False;False;False;False;False;True;True;12.177426391472933
67;60;2016-12-01;21208.93749231772;646.9506055890815;15.0;18.0;False;False;False;False;False;True;True;9.090210333213026
67;60;2017-01-01;19083.396119238954;646.9506055890815;15.0;18.0;False;False;False;False;False;True;True;8.220158448422033
67;60;2017-02-01;4413.64376361678;646.9506055890815;15.0;18.0;False;False;False;False;False;True;True;11.089617159986588
67;60;2017-03-01;31848.54844100284;646.9506055890815;15.0;18.0;False;False;False;False;False;True;True;13.587104379909494
67;60;2017-04-01;33891.367662662204;646.9506055890815;15.0;18.0;False;False;False;False;False;True;True;14.894739608181292
67;60;2017-05-01;38513.89524677037;646.9506055890815;15.0;18.0;False;False;False;False;False;True;True;17.435992917198842
67;60;2017-06-01;42418.00668275817;646.9506055890815;15.0;18.0;False;False;False;False;False;True;True;20.887620035041337
67;60;2017-07-01;43798.29531505598;646.9506055890815;15.0;18.0;False;False;False;False;False;True;True;21.37875162596229
67;60;2017-08-01;43033.25641089841;646.9506055890815;15.0;18.0;False;False;False;False;False;True;True;22.11828355029739
67;60;2017-09-01;38792.32332112796;646.9506055890815;15.0;18.0;False;False;False;False;False;True;True;18.007116473367873
68;61;2015-11-01;1125452.3200515865;1399.780047222972;15.0;18.0;False;False;False;False;False;True;True;12.474742852144688
68;61;2015-12-01;1116058.0670397216;1399.780047222972;15.0;18.0;False;False;False;False;False;True;True;10.585770904643011
68;61;2016-01-01;1146969.8226609014;1399.780047222972;15.0;18.0;False;False;False;False;False;True;True;10.044430381276952
68;61;2016-02-01;979413.1269423378;1399.780047222972;15.0;18.0;False;False;False;False;False;True;True;12.181250227658523
68;61;2016-03-01;915058.8594810916;1399.780047222972;15.0;18.0;False;False;False;False;False;True;True;12.515167674172917
68;61;2016-04-01;943649.0124986283;1399.780047222972;15.0;18.0;False;False;False;False;False;True;True;15.29589403743588
68;61;2016-05-01;986352.3695615804;1399.780047222972;15.0;18.0;False;False;False;False;False;True;True;16.96185797726271
68;61;2016-06-01;1194391.1749264146;1399.780047222972;15.0;18.0;False;False;False;False;False;True;True;19.401180382433072
68;61;2016-07-01;1293941.5369026926;1399.780047222972;15.0;18.0;False;False;False;False;False;True;True;21.32305825008297
68;61;2016-08-01;1265658.5567200675;1399.780047222972;15.0;18.0;False;False;False;False;False;True;True;20.742745780697103
68;61;2016-09-01;1152935.079526184;1399.780047222972;15.0;18.0;False;False;False;False;False;True;True;19.343314778472426
68;61;2016-10-01;1067787.1540484952;1399.780047222972;15.0;18.0;False;False;False;False;False;True;True;15.324236311387889
68;61;2016-11-01;1117631.3354510562;1399.780047222972;15.0;18.0;False;False;False;False;False;True;True;12.177426391472933
69;61;2017-01-01;963114.6126488092;1399.780047222972;15.0;18.0;False;False;False;False;False;True;True;8.220158448422033
69;61;2017-02-01;1001341.5945506344;1399.780047222972;15.0;18.0;False;False;False;False;False;True;True;11.089617159986588
69;61;2017-03-01;1007069.7794785328;1399.780047222972;15.0;18.0;False;False;False;False;False;True;True;13.587104379909494
69;61;2017-04-01;991561.9552464414;1399.780047222972;15.0;18.0;False;False;False;False;False;True;True;14.894739608181292
70;62;2015-11-01;5145.488449565875;572.9816757806111;15.0;18.0;False;False;False;False;False;True;True;12.474742852144688
70;62;2015-12-01;5534.793851708467;572.9816757806111;15.0;18.0;False;False;False;False;False;True;True;10.585770904643011
70;62;2016-01-01;5181.246888464372;572.9816757806111;15.0;18.0;False;False;False;False;False;True;True;10.044430381276952
70;62;2016-02-01;5052.222222263561;572.9816757806111;15.0;18.0;False;False;False;False;False;True;True;12.181250227658523
70;62;2016-03-01;4777.884204006787;572.9816757806111;15.0;18.0;False;False;False;False;False;True;True;12.515167674172917
70;62;2016-04-01;4605.904756333192;572.9816757806111;15.0;18.0;False;False;False;False;False;True;True;15.29589403743588
70;62;2016-05-01;4887.903975317905;572.9816757806111;15.0;18.0;False;False;False;False;False;True;True;16.96185797726271
70;62;2016-06-01;5637.738658719106;572.9816757806111;15.0;18.0;False;False;False;False;False;True;True;19.401180382433072
70;62;2016-07-01;6503.939943378355;572.9816757806111;15.0;18.0;False;False;False;False;False;True;True;21.32305825008297
70;62;2016-08-01;6351.551987687947;572.9816757806111;15.0;18.0;False;False;False;False;False;True;True;20.742745780697103
70;62;2016-09-01;5375.053977120555;572.9816757806111;15.0;18.0;False;False;False;False;False;True;True;19.343314778472426
70;62;2016-10-01;5020.605207553522;572.9816757806111;15.0;18.0;False;False;False;False;False;True;True;15.324236311387889
70;62;2016-11-01;4991.437914096862;572.9816757806111;15.0;18.0;False;False;False;False;False;True;True;12.177426391472933
70;62;2016-12-01;5414.556926552449;572.9816757806111;15.0;18.0;False;False;False;False;False;True;True;9.090210333213026
70;62;2017-01-01;5733.080297536328;572.9816757806111;15.0;18.0;False;False;False;False;False;True;True;8.220158448422033
70;62;2017-02-01;5224.4493062206975;572.9816757806111;15.0;18.0;False;False;False;False;False;True;True;11.089617159986588
70;62;2017-03-01;5048.32702234965;572.9816757806111;15.0;18.0;False;False;False;False;False;True;True;13.587104379909494
70;62;2017-04-01;5141.022268189348;572.9816757806111;15.0;18.0;False;False;False;False;False;True;True;14.894739608181292
70;62;2017-05-01;5311.448993156823;572.9816757806111;15.0;18.0;False;False;False;False;False;True;True;17.435992917198842
70;62;2017-06-01;6483.558567321563;572.9816757806111;15.0;18.0;False;False;False;False;False;True;True;20.887620035041337
70;62;2017-07-01;6953.631396128267;572.9816757806111;15.0;18.0;False;False;False;False;False;True;True;21.37875162596229
70;62;2017-08-01;6688.129770900896;572.9816757806111;15.0;18.0;False;False;False;False;False;True;True;22.11828355029739
70;62;2017-09-01;5667.830825094478;572.9816757806111;15.0;18.0;False;False;False;False;False;True;True;18.007116473367873
70;62;2017-10-01;5182.949545748917;572.9816757806111;15.0;18.0;False;False;False;False;False;True;True;15.89606581655819
70;62;2017-11-01;4414.387725326668;572.9816757806111;15.0;18.0;False;False;False;False;False;True;True;11.848114658126905
71;63;2015-11-01;12729.333340026642;1629.4589315075427;15.0;18.0;False;False;False;False;False;True;True;12.474742852144688
71;63;2015-12-01;11966.395358740425;1629.4589315075427;15.0;18.0;False;False;False;False;False;True;True;10.585770904643011
71;63;2016-01-01;12928.219652737223;1629.4589315075427;15.0;18.0;False;False;False;False;False;True;True;10.044430381276952
71;63;2016-02-01;10793.80898830368;1629.4589315075427;15.0;18.0;False;False;False;False;False;True;True;12.181250227658523
71;63;2016-03-01;10495.67536144922;1629.4589315075427;15.0;18.0;False;False;False;False;False;True;True;12.515167674172917
71;63;2016-04-01;9512.430807357996;1629.4589315075427;15.0;18.0;False;False;False;False;False;True;True;15.29589403743588
71;63;2016-05-01;9777.903255644063;1629.4589315075427;15.0;18.0;False;False;False;False;False;True;True;16.96185797726271
71;63;2016-06-01;12063.858877109453;1629.4589315075427;15.0;18.0;False;False;False;False;False;True;True;19.401180382433072
71;63;2016-07-01;14084.37310751841;1629.4589315075427;15.0;18.0;False;False;False;False;False;True;True;21.32305825008297
71;63;2016-08-01;14273.965645539203;1629.4589315075427;15.0;18.0;False;False;False;False;False;True;True;20.742745780697103
71;63;2016-09-01;11173.954340314656;1629.4589315075427;15.0;18.0;False;False;False;False;False;True;True;19.343314778472426
71;63;2016-10-01;9241.08267528955;1629.4589315075427;15.0;18.0;False;False;False;False;False;True;True;15.324236311387889
71;63;2016-11-01;10036.379998993489;1629.4589315075427;15.0;18.0;False;False;False;False;False;True;True;12.177426391472933
71;63;2016-12-01;10875.22155489425;1629.4589315075427;15.0;18.0;False;False;False;False;False;True;True;9.090210333213026
71;63;2017-01-01;11685.473837884394;1629.4589315075427;15.0;18.0;False;False;False;False;False;True;True;8.220158448422033
71;63;2017-02-01;10360.917751217705;1629.4589315075427;15.0;18.0;False;False;False;False;False;True;True;11.089617159986588
71;63;2017-03-01;8991.544436581215;1629.4589315075427;15.0;18.0;False;False;False;False;False;True;True;13.587104379909494
71;63;2017-04-01;9140.265927185364;1629.4589315075427;15.0;18.0;False;False;False;False;False;True;True;14.894739608181292
71;63;2017-05-01;10726.843223255804;1629.4589315075427;15.0;18.0;False;False;False;False;False;True;True;17.435992917198842
71;63;2017-06-01;15050.38183655688;1629.4589315075427;15.0;18.0;False;False;False;False;False;True;True;20.887620035041337
71;63;2017-07-01;15989.852737361942;1629.4589315075427;15.0;18.0;False;False;False;False;False;True;True;21.37875162596229
71;63;2017-08-01;16039.617088750238;1629.4589315075427;15.0;18.0;False;False;False;False;False;True;True;22.11828355029739
71;63;2017-09-01;11852.99168287682;1629.4589315075427;15.0;18.0;False;False;False;False;False;True;True;18.007116473367873
71;63;2017-10-01;9640.299765139294;1629.4589315075427;15.0;18.0;False;False;False;False;False;True;True;15.89606581655819
71;63;2017-11-01;8783.473646401006;1629.4589315075427;15.0;18.0;False;False;False;False;False;True;True;11.848114658126905
72;64;2016-04-01;880304.8799903751;1123.9659672142006;15.0;18.0;False;False;False;False;False;True;True;15.29589403743588
72;64;2016-05-01;894813.0526627809;1123.9659672142006;15.0;18.0;False;False;False;False;False;True;True;16.96185797726271
72;64;2016-06-01;979965.7131968646;1123.9659672142006;15.0;18.0;False;False;False;False;False;True;True;19.401180382433072
72;64;2016-07-01;1122715.6034421818;1123.9659672142006;15.0;18.0;False;False;False;False;False;True;True;21.32305825008297
72;64;2016-08-01;1110913.7279106586;1123.9659672142006;15.0;18.0;False;False;False;False;False;True;True;20.742745780697103
72;64;2016-09-01;1015342.4679723775;1123.9659672142006;15.0;18.0;False;False;False;False;False;True;True;19.343314778472426
72;64;2016-10-01;907411.8828340368;1123.9659672142006;15.0;18.0;False;False;False;False;False;True;True;15.324236311387889
72;64;2016-11-01;890884.4502950788;1123.9659672142006;15.0;18.0;False;False;False;False;False;True;True;12.177426391472933
72;64;2016-12-01;904500.0099118798;1123.9659672142006;15.0;18.0;False;False;False;False;False;True;True;9.090210333213026
72;64;2017-01-01;931215.585397334;1123.9659672142006;15.0;18.0;False;False;False;False;False;True;True;8.220158448422033
72;64;2017-02-01;881044.1023372245;1123.9659672142006;15.0;18.0;False;False;False;False;False;True;True;11.089617159986588
72;64;2017-03-01;846703.366141751;1123.9659672142006;15.0;18.0;False;False;False;False;False;True;True;13.587104379909494
72;64;2017-04-01;852288.221114412;1123.9659672142006;15.0;18.0;False;False;False;False;False;True;True;14.894739608181292
73;64;2017-06-01;1134606.3758173054;1123.9659672142006;15.0;18.0;False;False;False;False;False;True;True;20.887620035041337
73;64;2017-07-01;1089232.652979626;1123.9659672142006;15.0;18.0;False;False;False;False;False;True;True;21.37875162596229
73;64;2017-08-01;1139471.6233777727;1123.9659672142006;15.0;18.0;False;False;False;False;False;True;True;22.11828355029739
73;64;2017-09-01;1034015.8967796688;1123.9659672142006;15.0;18.0;False;False;False;False;False;True;True;18.007116473367873
74;66;2015-11-01;19538.000572955665;502.2111629272112;15.0;18.0;False;False;False;False;False;True;True;12.474742852144688
74;66;2015-12-01;20779.305880920707;502.2111629272112;15.0;18.0;False;False;False;False;False;True;True;10.585770904643011
74;66;2016-01-01;20046.503500837287;502.2111629272112;15.0;18.0;False;False;False;False;False;True;True;10.044430381276952
74;66;2016-02-01;18896.87471116126;502.2111629272112;15.0;18.0;False;False;False;False;False;True;True;12.181250227658523
74;66;2016-03-01;18562.037876962844;502.2111629272112;15.0;18.0;False;False;False;False;False;True;True;12.515167674172917
74;66;2016-04-01;17232.952361252665;502.2111629272112;15.0;18.0;False;False;False;False;False;True;True;15.29589403743588
74;66;2016-05-01;17359.926910742593;502.2111629272112;15.0;18.0;False;False;False;False;False;True;True;16.96185797726271
74;66;2016-06-01;18317.325644696248;502.2111629272112;15.0;18.0;False;False;False;False;False;True;True;19.401180382433072
74;66;2016-07-01;19551.081049825927;502.2111629272112;15.0;18.0;False;False;False;False;False;True;True;21.32305825008297
74;66;2016-08-01;19340.66789267154;502.2111629272112;15.0;18.0;False;False;False;False;False;True;True;20.742745780697103
74;66;2016-09-01;18951.793784911144;502.2111629272112;15.0;18.0;False;False;False;False;False;True;True;19.343314778472426
74;66;2016-10-01;17935.466538814053;502.2111629272112;15.0;18.0;False;False;False;False;False;True;True;15.324236311387889
74;66;2016-11-01;18135.108314789675;502.2111629272112;15.0;18.0;False;False;False;False;False;True;True;12.177426391472933
74;66;2016-12-01;19251.93025407912;502.2111629272112;15.0;18.0;False;False;False;False;False;True;True;9.090210333213026
74;66;2017-01-01;17474.289537441222;502.2111629272112;15.0;18.0;False;False;False;False;False;True;True;8.220158448422033
74;66;2017-02-01;18245.56750278309;502.2111629272112;15.0;18.0;False;False;False;False;False;True;True;11.089617159986588
74;66;2017-03-01;17134.25602164507;502.2111629272112;15.0;18.0;False;False;False;False;False;True;True;13.587104379909494
74;66;2017-04-01;16971.02840834027;502.2111629272112;15.0;18.0;False;False;False;False;False;True;True;14.894739608181292
74;66;2017-05-01;17596.920636779036;502.2111629272112;15.0;18.0;False;False;False;False;False;True;True;17.435992917198842
74;66;2017-06-01;19397.384134658925;502.2111629272112;15.0;18.0;False;False;False;False;False;True;True;20.887620035041337
74;66;2017-07-01;20747.15501542218;502.2111629272112;15.0;18.0;False;False;False;False;False;True;True;21.37875162596229
74;66;2017-08-01;20412.73408264018;502.2111629272112;15.0;18.0;False;False;False;False;False;True;True;22.11828355029739
74;66;2017-09-01;19792.179929179994;502.2111629272112;15.0;18.0;False;False;False;False;False;True;True;18.007116473367873
75;67;2016-02-01;575323.8211867354;810.9557596524246;15.0;18.0;False;False;False;False;False;True;True;12.181250227658523
75;67;2016-03-01;550715.5103061713;810.9557596524246;15.0;18.0;False;False;False;False;False;True;True;12.515167674172917
75;67;2016-04-01;561412.409173935;810.9557596524246;15.0;18.0;False;False;False;False;False;True;True;15.29589403743588
75;67;2016-05-01;569506.1879066227;810.9557596524246;15.0;18.0;False;False;False;False;False;True;True;16.96185797726271
75;67;2016-06-01;625676.6972446352;810.9557596524246;15.0;18.0;False;False;False;False;False;True;True;19.401180382433072
75;67;2016-07-01;715041.9132181391;810.9557596524246;15.0;18.0;False;False;False;False;False;True;True;21.32305825008297
75;67;2016-08-01;696336.9729742599;810.9557596524246;15.0;18.0;False;False;False;False;False;True;True;20.742745780697103
75;67;2016-09-01;654172.1275680627;810.9557596524246;15.0;18.0;False;False;False;False;False;True;True;19.343314778472426
75;67;2016-10-01;636923.5849048952;810.9557596524246;15.0;18.0;False;False;False;False;False;True;True;15.324236311387889
75;67;2016-11-01;607349.3937676218;810.9557596524246;15.0;18.0;False;False;False;False;False;True;True;12.177426391472933
75;67;2016-12-01;596006.8031409974;810.9557596524246;15.0;18.0;False;False;False;False;False;True;True;9.090210333213026
75;67;2017-01-01;608384.9106114516;810.9557596524246;15.0;18.0;False;False;False;False;False;True;True;8.220158448422033
76;67;2017-03-01;651913.4895984436;810.9557596524246;15.0;18.0;False;False;False;False;False;True;True;13.587104379909494
76;67;2017-04-01;576132.7396672844;810.9557596524246;15.0;18.0;False;False;False;False;False;True;True;14.894739608181292
76;67;2017-05-01;595394.0523483297;810.9557596524246;15.0;18.0;False;False;False;False;False;True;True;17.435992917198842
76;67;2017-06-01;709957.5421344476;810.9557596524246;15.0;18.0;False;False;False;False;False;True;True;20.887620035041337
77;68;2015-11-01;3503382.410655523;2850.500246623414;15.0;18.0;False;False;False;False;False;True;True;12.474742852144688
77;68;2015-12-01;3877094.738351278;2850.500246623414;15.0;18.0;False;False;False;False;False;True;True;10.585770904643011
77;68;2016-01-01;4018744.157366483;2850.500246623414;15.0;18.0;False;False;False;False;False;True;True;10.044430381276952
77;68;2016-02-01;4010297.7258489854;2850.500246623414;15.0;18.0;False;False;False;False;False;True;True;12.181250227658523
77;68;2016-03-01;3983252.550436864;2850.500246623414;15.0;18.0;False;False;False;False;False;True;True;12.515167674172917
77;68;2016-04-01;3762038.721127756;2850.500246623414;15.0;18.0;False;False;False;False;False;True;True;15.29589403743588
77;68;2016-05-01;3823468.705841693;2850.500246623414;15.0;18.0;False;False;False;False;False;True;True;16.96185797726271
77;68;2016-06-01;4352355.714049986;2850.500246623414;15.0;18.0;False;False;False;False;False;True;True;19.401180382433072
77;68;2016-07-01;4708381.313807632;2850.500246623414;15.0;18.0;False;False;False;False;False;True;True;21.32305825008297
77;68;2016-08-01;4612304.760424304;2850.500246623414;15.0;18.0;False;False;False;False;False;True;True;20.742745780697103
77;68;2016-09-01;4111561.065795099;2850.500246623414;15.0;18.0;False;False;False;False;False;True;True;19.343314778472426
77;68;2016-10-01;3711608.556479172;2850.500246623414;15.0;18.0;False;False;False;False;False;True;True;15.324236311387889
77;68;2016-11-01;3613378.3924911935;2850.500246623414;15.0;18.0;False;False;False;False;False;True;True;12.177426391472933
78;69;2016-02-01;1362852.579111132;980.9315472166054;15.0;18.0;False;False;False;False;False;True;True;12.181250227658523
78;69;2016-03-01;1329050.3172874076;980.9315472166054;15.0;18.0;False;False;False;False;False;True;True;12.515167674172917
78;69;2016-04-01;1407853.4727806386;980.9315472166054;15.0;18.0;False;False;False;False;False;True;True;15.29589403743588
78;69;2016-05-01;1512451.0743585983;980.9315472166054;15.0;18.0;False;False;False;False;False;True;True;16.96185797726271
78;69;2016-06-01;1727769.4867623667;980.9315472166054;15.0;18.0;False;False;False;False;False;True;True;19.401180382433072
78;69;2016-07-01;1937543.3754179708;980.9315472166054;15.0;18.0;False;False;False;False;False;True;True;21.32305825008297
78;69;2016-08-01;1861619.1495733927;980.9315472166054;15.0;18.0;False;False;False;False;False;True;True;20.742745780697103
78;69;2016-09-01;1590553.3198263648;980.9315472166054;15.0;18.0;False;False;False;False;False;True;True;19.343314778472426
78;69;2016-10-01;1448493.5619174987;980.9315472166054;15.0;18.0;False;False;False;False;False;True;True;15.324236311387889
78;69;2016-11-01;1383921.8204608583;980.9315472166054;15.0;18.0;False;False;False;False;False;True;True;12.177426391472933
78;69;2016-12-01;1361843.4832119893;980.9315472166054;15.0;18.0;False;False;False;False;False;True;True;9.090210333213026
78;69;2017-01-01;1406970.7768618616;980.9315472166054;15.0;18.0;False;False;False;False;False;True;True;8.220158448422033
79;69;2017-03-01;1589006.5254140676;980.9315472166054;15.0;18.0;False;False;False;False;False;True;True;13.587104379909494
79;69;2017-04-01;1548664.978233295;980.9315472166054;15.0;18.0;False;False;False;False;False;True;True;14.894739608181292
79;69;2017-05-01;1669383.0607774642;980.9315472166054;15.0;18.0;False;False;False;False;False;True;True;17.435992917198842
79;69;2017-06-01;1905862.1118770004;980.9315472166054;15.0;18.0;False;False;False;False;False;True;True;20.887620035041337
80;70;2016-01-01;1110327.410930185;4275.930889998564;10.0;18.0;False;False;False;False;False;True;True;10.044430381276952
80;70;2016-02-01;985580.3218754868;4275.930889998564;10.0;18.0;False;False;False;False;False;True;True;12.181250227658523
80;70;2016-03-01;1238103.3755280825;4275.930889998564;10.0;18.0;False;False;False;False;False;True;True;12.515167674172917
80;70;2016-04-01;980682.6116557252;4275.930889998564;10.0;18.0;False;False;False;False;False;True;True;15.29589403743588
80;70;2016-05-01;1046042.3532747984;4275.930889998564;10.0;18.0;False;False;False;False;False;True;True;16.96185797726271
80;70;2016-06-01;925014.267398834;4275.930889998564;10.0;18.0;False;False;False;False;False;True;True;19.401180382433072
80;70;2016-07-01;627824.2427512639;4275.930889998564;10.0;18.0;False;False;False;False;False;True;True;21.32305825008297
80;70;2016-08-01;445115.0951541705;4275.930889998564;10.0;18.0;False;False;False;False;False;True;True;20.742745780697103
80;70;2016-09-01;1022576.3394422716;4275.930889998564;10.0;18.0;False;False;False;False;False;True;True;19.343314778472426
80;70;2016-10-01;998535.5541709372;4275.930889998564;10.0;18.0;False;False;False;False;False;True;True;15.324236311387889
80;70;2016-11-01;1248474.542451833;4275.930889998564;10.0;18.0;False;False;False;False;False;True;True;12.177426391472933
80;70;2016-12-01;1043772.2921076616;4275.930889998564;10.0;18.0;False;False;False;False;False;True;True;9.090210333213026
80;70;2017-01-01;1309258.6371500865;4275.930889998564;10.0;18.0;False;False;False;False;False;True;True;8.220158448422033
81;70;2017-03-01;1247262.3160445185;4275.930889998564;10.0;18.0;False;False;False;False;False;True;True;13.587104379909494
81;70;2017-04-01;890512.6975932219;4275.930889998564;10.0;18.0;False;False;False;False;False;True;True;14.894739608181292
81;70;2017-05-01;963096.0868078112;4275.930889998564;10.0;18.0;False;False;False;False;False;True;True;17.435992917198842
81;70;2017-06-01;843602.4417665764;4275.930889998564;10.0;18.0;False;False;False;False;False;True;True;20.887620035041337
82;72;2015-12-01;47878.10399734905;817.4817056965549;15.0;18.0;False;False;False;False;False;True;True;10.585770904643011
82;72;2016-01-01;48405.52676149129;817.4817056965549;15.0;18.0;False;False;False;False;False;True;True;10.044430381276952
82;72;2016-02-01;46957.31493269342;817.4817056965549;15.0;18.0;False;False;False;False;False;True;True;12.181250227658523
82;72;2016-03-01;43654.7474470401;817.4817056965549;15.0;18.0;False;False;False;False;False;True;True;12.515167674172917
82;72;2016-04-01;43402.73414822747;817.4817056965549;15.0;18.0;False;False;False;False;False;True;True;15.29589403743588
82;72;2016-05-01;45938.60954437166;817.4817056965549;15.0;18.0;False;False;False;False;False;True;True;16.96185797726271
82;72;2016-06-01;50731.63006123711;817.4817056965549;15.0;18.0;False;False;False;False;False;True;True;19.401180382433072
82;72;2016-07-01;53569.4392669182;817.4817056965549;15.0;18.0;False;False;False;False;False;True;True;21.32305825008297
82;72;2016-08-01;52756.77785953912;817.4817056965549;15.0;18.0;False;False;False;False;False;True;True;20.742745780697103
82;72;2016-09-01;49090.46533051678;817.4817056965549;15.0;18.0;False;False;False;False;False;True;True;19.343314778472426
82;72;2016-10-01;45949.88770734699;817.4817056965549;15.0;18.0;False;False;False;False;False;True;True;15.324236311387889
82;72;2016-11-01;43374.3150171423;817.4817056965549;15.0;18.0;False;False;False;False;False;True;True;12.177426391472933
82;72;2016-12-01;44139.38538188649;817.4817056965549;15.0;18.0;False;False;False;False;False;True;True;9.090210333213026
82;72;2017-01-01;45682.14518662169;817.4817056965549;15.0;18.0;False;False;False;False;False;True;True;8.220158448422033
82;72;2017-02-01;42694.68325506622;817.4817056965549;15.0;18.0;False;False;False;False;False;True;True;11.089617159986588
82;72;2017-03-01;41095.92270101525;817.4817056965549;15.0;18.0;False;False;False;False;False;True;True;13.587104379909494
82;72;2017-04-01;41437.79174701236;817.4817056965549;15.0;18.0;False;False;False;False;False;True;True;14.894739608181292
82;72;2017-05-01;45931.840359820446;817.4817056965549;15.0;18.0;False;False;False;False;False;True;True;17.435992917198842
82;72;2017-06-01;50661.55802432893;817.4817056965549;15.0;18.0;False;False;False;False;False;True;True;20.887620035041337
82;72;2017-07-01;52913.89939358836;817.4817056965549;15.0;18.0;False;False;False;False;False;True;True;21.37875162596229
82;72;2017-08-01;54439.118759821176;817.4817056965549;15.0;18.0;False;False;False;False;False;True;True;22.11828355029739
82;72;2017-09-01;48111.719012713824;817.4817056965549;15.0;18.0;False;False;False;False;False;True;True;18.007116473367873
82;72;2017-10-01;46062.667800436015;817.4817056965549;15.0;18.0;False;False;False;False;False;True;True;15.89606581655819
83;73;2015-12-01;11052.39874773869;1278.139659176115;15.0;18.0;False;False;False;False;False;True;True;10.585770904643011
83;73;2016-01-01;10392.048323338551;1278.139659176115;15.0;18.0;False;False;False;False;False;True;True;10.044430381276952
83;73;2016-02-01;10311.569543819303;1278.139659176115;15.0;18.0;False;False;False;False;False;True;True;12.181250227658523
83;73;2016-03-01;10177.515382411588;1278.139659176115;15.0;18.0;False;False;False;False;False;True;True;12.515167674172917
83;73;2016-04-01;10217.12090040129;1278.139659176115;15.0;18.0;False;False;False;False;False;True;True;15.29589403743588
83;73;2016-05-01;10156.601868837904;1278.139659176115;15.0;18.0;False;False;False;False;False;True;True;16.96185797726271
83;73;2016-06-01;10398.117451697011;1278.139659176115;15.0;18.0;False;False;False;False;False;True;True;19.401180382433072
83;73;2016-07-01;10549.8423884155;1278.139659176115;15.0;18.0;False;False;False;False;False;True;True;21.32305825008297
83;73;2016-08-01;10624.446503596875;1278.139659176115;15.0;18.0;False;False;False;False;False;True;True;20.742745780697103
83;73;2016-09-01;10629.503322711542;1278.139659176115;15.0;18.0;False;False;False;False;False;True;True;19.343314778472426
83;73;2016-10-01;10386.38129637217;1278.139659176115;15.0;18.0;False;False;False;False;False;True;True;15.324236311387889
83;73;2016-11-01;10546.632868176994;1278.139659176115;15.0;18.0;False;False;False;False;False;True;True;12.177426391472933
83;73;2016-12-01;10155.922378337798;1278.139659176115;15.0;18.0;False;False;False;False;False;True;True;9.090210333213026
83;73;2017-01-01;10349.73186996578;1278.139659176115;15.0;18.0;False;False;False;False;False;True;True;8.220158448422033
83;73;2017-02-01;9717.773721125002;1278.139659176115;15.0;18.0;False;False;False;False;False;True;True;11.089617159986588
83;73;2017-03-01;9825.827793417911;1278.139659176115;15.0;18.0;False;False;False;False;False;True;True;13.587104379909494
83;73;2017-04-01;8964.243508733938;1278.139659176115;15.0;18.0;False;False;False;False;False;True;True;14.894739608181292
83;73;2017-05-01;9045.5650173546;1278.139659176115;15.0;18.0;False;False;False;False;False;True;True;17.435992917198842
83;73;2017-06-01;9620.58992819449;1278.139659176115;15.0;18.0;False;False;False;False;False;True;True;20.887620035041337
83;73;2017-07-01;10024.431805269194;1278.139659176115;15.0;18.0;False;False;False;False;False;True;True;21.37875162596229
83;73;2017-08-01;10067.581378795549;1278.139659176115;15.0;18.0;False;False;False;False;False;True;True;22.11828355029739
83;73;2017-09-01;9040.76532570117;1278.139659176115;15.0;18.0;False;False;False;False;False;True;True;18.007116473367873
83;73;2017-10-01;8854.434578759481;1278.139659176115;15.0;18.0;False;False;False;False;False;True;True;15.89606581655819
84;74;2015-12-01;4070.2859516622857;424.3406632660189;15.0;18.0;False;False;False;False;False;True;True;10.585770904643011
84;74;2016-01-01;4213.795323375194;424.3406632660189;15.0;18.0;False;False;False;False;False;True;True;10.044430381276952
84;74;2016-02-01;4069.627420129992;424.3406632660189;15.0;18.0;False;False;False;False;False;True;True;12.181250227658523
84;74;2016-03-01;3838.689155132136;424.3406632660189;15.0;18.0;False;False;False;False;False;True;True;12.515167674172917
84;74;2016-04-01;4365.505769684062;424.3406632660189;15.0;18.0;False;False;False;False;False;True;True;15.29589403743588
84;74;2016-05-01;4699.661781798672;424.3406632660189;15.0;18.0;False;False;False;False;False;True;True;16.96185797726271
84;74;2016-06-01;5079.787838059169;424.3406632660189;15.0;18.0;False;False;False;False;False;True;True;19.401180382433072
84;74;2016-07-01;5677.020165010816;424.3406632660189;15.0;18.0;False;False;False;False;False;True;True;21.32305825008297
84;74;2016-08-01;5622.740740750783;424.3406632660189;15.0;18.0;False;False;False;False;False;True;True;20.742745780697103
84;74;2016-09-01;4894.547432282123;424.3406632660189;15.0;18.0;False;False;False;False;False;True;True;19.343314778472426
84;74;2016-10-01;4438.52647957304;424.3406632660189;15.0;18.0;False;False;False;False;False;True;True;15.324236311387889
84;74;2016-11-01;4324.526143182131;424.3406632660189;15.0;18.0;False;False;False;False;False;True;True;12.177426391472933
84;74;2016-12-01;4339.993935087564;424.3406632660189;15.0;18.0;False;False;False;False;False;True;True;9.090210333213026
84;74;2017-01-01;4385.529870106172;424.3406632660189;15.0;18.0;False;False;False;False;False;True;True;8.220158448422033
84;74;2017-02-01;4345.940721909912;424.3406632660189;15.0;18.0;False;False;False;False;False;True;True;11.089617159986588
84;74;2017-03-01;4142.586975319535;424.3406632660189;15.0;18.0;False;False;False;False;False;True;True;13.587104379909494
84;74;2017-04-01;3958.3960379959503;424.3406632660189;15.0;18.0;False;False;False;False;False;True;True;14.894739608181292
84;74;2017-05-01;4335.810266063188;424.3406632660189;15.0;18.0;False;False;False;False;False;True;True;17.435992917198842
84;74;2017-06-01;5105.58156545693;424.3406632660189;15.0;18.0;False;False;False;False;False;True;True;20.887620035041337
84;74;2017-07-01;5374.62324913096;424.3406632660189;15.0;18.0;False;False;False;False;False;True;True;21.37875162596229
84;74;2017-08-01;5461.433828153716;424.3406632660189;15.0;18.0;False;False;False;False;False;True;True;22.11828355029739
84;74;2017-09-01;4388.730579724239;424.3406632660189;15.0;18.0;False;False;False;False;False;True;True;18.007116473367873
84;74;2017-10-01;3999.2434834429855;424.3406632660189;15.0;18.0;False;False;False;False;False;True;True;15.89606581655819
84;74;2017-11-01;3513.572479666664;424.3406632660189;15.0;18.0;False;False;False;False;False;True;True;11.848114658126905
85;76;2015-12-01;57411.449288178286;2036.8748266831967;15.0;18.0;False;False;False;False;False;True;True;10.585770904643011
85;76;2016-01-01;53195.08298363656;2036.8748266831967;15.0;18.0;False;False;False;False;False;True;True;10.044430381276952
85;76;2016-02-01;50800.159579816136;2036.8748266831967;15.0;18.0;False;False;False;False;False;True;True;12.181250227658523
85;76;2016-03-01;49670.63876081692;2036.8748266831967;15.0;18.0;False;False;False;False;False;True;True;12.515167674172917
85;76;2016-04-01;54173.379110212496;2036.8748266831967;15.0;18.0;False;False;False;False;False;True;True;15.29589403743588
85;76;2016-05-01;59882.15570305133;2036.8748266831967;15.0;18.0;False;False;False;False;False;True;True;16.96185797726271
85;76;2016-06-01;68098.03165553945;2036.8748266831967;15.0;18.0;False;False;False;False;False;True;True;19.401180382433072
85;76;2016-07-01;72229.99525684648;2036.8748266831967;15.0;18.0;False;False;False;False;False;True;True;21.32305825008297
85;76;2016-08-01;73214.34851797484;2036.8748266831967;15.0;18.0;False;False;False;False;False;True;True;20.742745780697103
85;76;2016-09-01;67766.71642904443;2036.8748266831967;15.0;18.0;False;False;False;False;False;True;True;19.343314778472426
85;76;2016-10-01;62911.92448085911;2036.8748266831967;15.0;18.0;False;False;False;False;False;True;True;15.324236311387889
85;76;2016-11-01;58314.38370652362;2036.8748266831967;15.0;18.0;False;False;False;False;False;True;True;12.177426391472933
85;76;2016-12-01;61273.19278735358;2036.8748266831967;15.0;18.0;False;False;False;False;False;True;True;9.090210333213026
85;76;2017-01-01;64738.11574475125;2036.8748266831967;15.0;18.0;False;False;False;False;False;True;True;8.220158448422033
85;76;2017-02-01;56546.96430096036;2036.8748266831967;15.0;18.0;False;False;False;False;False;True;True;11.089617159986588
85;76;2017-03-01;53751.13738027475;2036.8748266831967;15.0;18.0;False;False;False;False;False;True;True;13.587104379909494
85;76;2017-04-01;56498.591287870106;2036.8748266831967;15.0;18.0;False;False;False;False;False;True;True;14.894739608181292
85;76;2017-05-01;66153.63531753929;2036.8748266831967;15.0;18.0;False;False;False;False;False;True;True;17.435992917198842
85;76;2017-06-01;78362.53149842673;2036.8748266831967;15.0;18.0;False;False;False;False;False;True;True;20.887620035041337
85;76;2017-07-01;76934.45349683645;2036.8748266831967;15.0;18.0;False;False;False;False;False;True;True;21.37875162596229
85;76;2017-08-01;77399.05924297577;2036.8748266831967;15.0;18.0;False;False;False;False;False;True;True;22.11828355029739
85;76;2017-09-01;59902.65390536482;2036.8748266831967;15.0;18.0;False;False;False;False;False;True;True;18.007116473367873
85;76;2017-10-01;54279.09768046095;2036.8748266831967;15.0;18.0;False;False;False;False;False;True;True;15.89606581655819
86;77;2014-07-01;3681.564274954132;59.90445112111047;15.0;18.0;False;False;False;False;False;True;True;17.02814087022849
86;77;2014-08-01;4504.253061669071;59.90445112111047;15.0;18.0;False;False;False;False;False;True;True;16.768820314896253
86;77;2014-09-01;8155.18769097352;59.90445112111047;15.0;18.0;False;False;False;False;False;True;True;16.227282433689336
86;77;2014-10-01;7570.446714941611;59.90445112111047;15.0;18.0;False;False;False;False;False;True;True;14.53081529820492
86;77;2014-11-01;5556.151172097988;59.90445112111047;15.0;18.0;False;False;False;False;False;True;True;12.603836181081192
86;77;2014-12-01;5867.781524023281;59.90445112111047;15.0;18.0;False;False;False;False;False;True;True;9.994714275622268
86;77;2015-01-01;6029.284792426246;59.90445112111047;15.0;18.0;False;False;False;False;False;True;True;9.817247733789548
86;77;2015-02-01;6715.1035521373;59.90445112111047;15.0;18.0;False;False;False;False;False;True;True;8.827408379093514
86;77;2015-03-01;7231.118337513213;59.90445112111047;15.0;18.0;False;False;False;False;False;True;True;12.60792026996771
86;77;2015-04-01;7323.098420542165;59.90445112111047;15.0;18.0;False;False;False;False;False;True;True;14.895697905434822
86;77;2015-05-01;7225.480490649817;59.90445112111047;15.0;18.0;False;False;False;False;False;True;True;17.141654142366107
86;77;2015-06-01;6845.199374444402;59.90445112111047;15.0;18.0;False;False;False;False;False;True;True;19.39294481553273
86;77;2015-07-01;7552.574483792368;59.90445112111047;15.0;18.0;False;False;False;False;False;True;True;21.53785193429267
86;77;2015-08-01;7133.2927829305245;59.90445112111047;15.0;18.0;False;False;False;False;False;True;True;20.49907454866584
86;77;2015-09-01;7045.4413478566985;59.90445112111047;15.0;18.0;False;False;False;False;False;True;True;17.621727802535418
86;77;2015-10-01;6461.580334917243;59.90445112111047;15.0;18.0;False;False;False;False;False;True;True;14.792289238072366
86;77;2015-11-01;6998.179799217938;59.90445112111047;15.0;18.0;False;False;False;False;False;True;True;12.474742852144688
86;77;2015-12-01;6887.840426185726;59.90445112111047;15.0;18.0;False;False;False;False;False;True;True;10.585770904643011
86;77;2016-01-01;6913.234884708089;59.90445112111047;15.0;18.0;False;False;False;False;False;True;True;10.044430381276952
86;77;2016-02-01;6934.189000781389;59.90445112111047;15.0;18.0;False;False;False;False;False;True;True;12.181250227658523
87;78;2014-07-01;17519249.03130756;6912.033298766473;15.0;18.0;False;False;False;False;False;True;True;17.02814087022849
87;78;2014-08-01;14855755.681683091;6912.033298766473;15.0;18.0;False;False;False;False;False;True;True;16.768820314896253
87;78;2014-09-01;1107129.1246104403;6912.033298766473;15.0;18.0;False;False;False;False;False;True;True;16.227282433689336
87;78;2014-10-01;1083715.1412376345;6912.033298766473;15.0;18.0;False;False;False;False;False;True;True;14.53081529820492
87;78;2014-11-01;1035125.2783389646;6912.033298766473;15.0;18.0;False;False;False;False;False;True;True;12.603836181081192
87;78;2014-12-01;1102444.8830184804;6912.033298766473;15.0;18.0;False;False;False;False;False;True;True;9.994714275622268
87;78;2015-01-01;1112225.167661034;6912.033298766473;15.0;18.0;False;False;False;False;False;True;True;9.817247733789548
87;78;2015-02-01;1116881.4784836348;6912.033298766473;15.0;18.0;False;False;False;False;False;True;True;8.827408379093514
87;78;2015-03-01;1140346.8725335288;6912.033298766473;15.0;18.0;False;False;False;False;False;True;True;12.60792026996771
87;78;2015-04-01;1159844.2266824422;6912.033298766473;15.0;18.0;False;False;False;False;False;True;True;14.895697905434822
87;78;2015-05-01;1130512.4034885236;6912.033298766473;15.0;18.0;False;False;False;False;False;True;True;17.141654142366107
87;78;2015-06-01;1160721.4119532455;6912.033298766473;15.0;18.0;False;False;False;False;False;True;True;19.39294481553273
87;78;2015-07-01;1121856.7925327583;6912.033298766473;15.0;18.0;False;False;False;False;False;True;True;21.53785193429267
88;83;2015-02-01;286021.48504594713;21753.195781689137;15.0;18.0;False;False;False;False;False;True;True;8.827408379093514
88;83;2015-03-01;283796.1521953285;21753.195781689137;15.0;18.0;False;False;False;False;False;True;True;12.60792026996771
88;83;2015-04-01;295317.3272152453;21753.195781689137;15.0;18.0;False;False;False;False;False;True;True;14.895697905434822
88;83;2015-05-01;325918.08924676763;21753.195781689137;15.0;18.0;False;False;False;False;False;True;True;17.141654142366107
88;83;2015-06-01;365608.11643668654;21753.195781689137;15.0;18.0;False;False;False;False;False;True;True;19.39294481553273
88;83;2015-07-01;429231.1328534596;21753.195781689137;15.0;18.0;False;False;False;False;False;True;True;21.53785193429267
88;83;2015-08-01;389652.0709915442;21753.195781689137;15.0;18.0;False;False;False;False;False;True;True;20.49907454866584
88;83;2015-09-01;340743.5036511134;21753.195781689137;15.0;18.0;False;False;False;False;False;True;True;17.621727802535418
88;83;2015-10-01;332709.7280583164;21753.195781689137;15.0;18.0;False;False;False;False;False;True;True;14.792289238072366
88;83;2015-11-01;317767.3477253159;21753.195781689137;15.0;18.0;False;False;False;False;False;True;True;12.474742852144688
88;83;2015-12-01;329642.78651106806;21753.195781689137;15.0;18.0;False;False;False;False;False;True;True;10.585770904643011
88;83;2016-01-01;320457.4904264578;21753.195781689137;15.0;18.0;False;False;False;False;False;True;True;10.044430381276952
89;83;2016-04-01;322935.1781186233;21753.195781689137;15.0;18.0;False;False;False;False;False;True;True;15.29589403743588
89;83;2016-05-01;348762.25231850025;21753.195781689137;15.0;18.0;False;False;False;False;False;True;True;16.96185797726271
89;83;2016-06-01;404304.9433684126;21753.195781689137;15.0;18.0;False;False;False;False;False;True;True;19.401180382433072
90;84;2015-06-01;3006.465081821097;2775.1277192798443;5.0;18.0;False;False;False;False;False;True;True;19.39294481553273
90;84;2015-07-01;3874.848017908983;2775.1277192798443;5.0;18.0;False;False;False;False;False;True;True;21.53785193429267
90;84;2015-08-01;3157.4324286156293;2775.1277192798443;5.0;18.0;False;False;False;False;False;True;True;20.49907454866584
90;84;2015-09-01;3517.5316963773;2775.1277192798443;5.0;18.0;False;False;False;False;False;True;True;17.621727802535418
90;84;2015-10-01;3406.185376386594;2775.1277192798443;5.0;18.0;False;False;False;False;False;True;True;14.792289238072366
90;84;2015-11-01;3660.581863973496;2775.1277192798443;5.0;18.0;False;False;False;False;False;True;True;12.474742852144688
90;84;2015-12-01;2868.434964933872;2775.1277192798443;5.0;18.0;False;False;False;False;False;True;True;10.585770904643011
90;84;2016-01-01;1287.1141473724178;2775.1277192798443;5.0;18.0;False;False;False;False;False;True;True;10.044430381276952
90;84;2016-02-01;1209.9197893797898;2775.1277192798443;5.0;18.0;False;False;False;False;False;True;True;12.181250227658523
90;84;2016-03-01;1155.1647639483892;2775.1277192798443;5.0;18.0;False;False;False;False;False;True;True;12.515167674172917
90;84;2016-04-01;998.5494674222876;2775.1277192798443;5.0;18.0;False;False;False;False;False;True;True;15.29589403743588
90;84;2016-05-01;982.2036601966392;2775.1277192798443;5.0;18.0;False;False;False;False;False;True;True;16.96185797726271
90;84;2016-06-01;905.1182126739044;2775.1277192798443;5.0;18.0;False;False;False;False;False;True;True;19.401180382433072
90;84;2016-07-01;1020.011916380358;2775.1277192798443;5.0;18.0;False;False;False;False;False;True;True;21.32305825008297
90;84;2016-08-01;895.118384620068;2775.1277192798443;5.0;18.0;False;False;False;False;False;True;True;20.742745780697103
90;84;2016-09-01;923.6287325302133;2775.1277192798443;5.0;18.0;False;False;False;False;False;True;True;19.343314778472426
90;84;2016-10-01;919.7146836578692;2775.1277192798443;5.0;18.0;False;False;False;False;False;True;True;15.324236311387889
90;84;2016-11-01;868.2594985690403;2775.1277192798443;5.0;18.0;False;False;False;False;False;True;True;12.177426391472933
90;84;2016-12-01;929.5326807836576;2775.1277192798443;5.0;18.0;False;False;False;False;False;True;True;9.090210333213026
90;84;2017-01-01;1027.9495743654245;2775.1277192798443;5.0;18.0;False;False;False;False;False;True;True;8.220158448422033
90;84;2017-02-01;993.095236500929;2775.1277192798443;5.0;18.0;False;False;False;False;False;True;True;11.089617159986588
90;84;2017-03-01;897.4028385494266;2775.1277192798443;5.0;18.0;False;False;False;False;False;True;True;13.587104379909494
90;84;2017-04-01;828.2925955905923;2775.1277192798443;5.0;18.0;False;False;False;False;False;True;True;14.894739608181292
91;86;2014-10-01;10448.915815151888;11070.615073936644;5.0;18.0;False;False;False;False;False;True;True;14.53081529820492
91;86;2014-11-01;8977.939578278161;11070.615073936644;5.0;18.0;False;False;False;False;False;True;True;12.603836181081192
91;86;2014-12-01;10392.076558879142;11070.615073936644;5.0;18.0;False;False;False;False;False;True;True;9.994714275622268
91;86;2015-01-01;11760.561959811388;11070.615073936644;5.0;18.0;False;False;False;False;False;True;True;9.817247733789548
91;86;2015-02-01;11926.292973983987;11070.615073936644;5.0;18.0;False;False;False;False;False;True;True;8.827408379093514
91;86;2015-03-01;8930.41681585423;11070.615073936644;5.0;18.0;False;False;False;False;False;True;True;12.60792026996771
91;86;2015-04-01;8364.620977759421;11070.615073936644;5.0;18.0;False;False;False;False;False;True;True;14.895697905434822
91;86;2015-05-01;11071.587779176743;11070.615073936644;5.0;18.0;False;False;False;False;False;True;True;17.141654142366107
91;86;2015-06-01;13354.874607231986;11070.615073936644;5.0;18.0;False;False;False;False;False;True;True;19.39294481553273
91;86;2015-07-01;16561.417284531282;11070.615073936644;5.0;18.0;False;False;False;False;False;True;True;21.53785193429267
91;86;2015-08-01;14147.177480292645;11070.615073936644;5.0;18.0;False;False;False;False;False;True;True;20.49907454866584
91;86;2015-09-01;12994.189981576666;11070.615073936644;5.0;18.0;False;False;False;False;False;True;True;17.621727802535418
91;86;2015-10-01;10219.545126049694;11070.615073936644;5.0;18.0;False;False;False;False;False;True;True;14.792289238072366
91;86;2015-11-01;8510.904134398972;11070.615073936644;5.0;18.0;False;False;False;False;False;True;True;12.474742852144688
91;86;2015-12-01;10324.951531289553;11070.615073936644;5.0;18.0;False;False;False;False;False;True;True;10.585770904643011
91;86;2016-01-01;10621.442213285776;11070.615073936644;5.0;18.0;False;False;False;False;False;True;True;10.044430381276952
91;86;2016-02-01;9238.02266980206;11070.615073936644;5.0;18.0;False;False;False;False;False;True;True;12.181250227658523
91;86;2016-03-01;8381.272574229315;11070.615073936644;5.0;18.0;False;False;False;False;False;True;True;12.515167674172917
91;86;2016-04-01;7722.423363392273;11070.615073936644;5.0;18.0;False;False;False;False;False;True;True;15.29589403743588
91;86;2016-05-01;8902.938852277413;11070.615073936644;5.0;18.0;False;False;False;False;False;True;True;16.96185797726271
91;86;2016-06-01;11767.612339451804;11070.615073936644;5.0;18.0;False;False;False;False;False;True;True;19.401180382433072
91;86;2016-07-01;15123.192002517028;11070.615073936644;5.0;18.0;False;False;False;False;False;True;True;21.32305825008297
91;86;2016-08-01;14424.090595894157;11070.615073936644;5.0;18.0;False;False;False;False;False;True;True;20.742745780697103
91;86;2016-09-01;11983.143388768049;11070.615073936644;5.0;18.0;False;False;False;False;False;True;True;19.343314778472426
91;86;2016-10-01;7780.267965503861;11070.615073936644;5.0;18.0;False;False;False;False;False;True;True;15.324236311387889
91;86;2016-11-01;7866.772109598777;11070.615073936644;5.0;18.0;False;False;False;False;False;True;True;12.177426391472933
91;86;2016-12-01;9980.143795693875;11070.615073936644;5.0;18.0;False;False;False;False;False;True;True;9.090210333213026
91;86;2017-01-01;11892.598293199217;11070.615073936644;5.0;18.0;False;False;False;False;False;True;True;8.220158448422033
91;86;2017-02-01;9560.63014470211;11070.615073936644;5.0;18.0;False;False;False;False;False;True;True;11.089617159986588
92;87;2014-12-01;2018.424012505544;6946.494671784458;15.0;18.0;False;False;False;False;False;True;True;9.994714275622268
92;87;2015-01-01;1926.366129452016;6946.494671784458;15.0;18.0;False;False;False;False;False;True;True;9.817247733789548
92;87;2015-02-01;1930.7666871326744;6946.494671784458;15.0;18.0;False;False;False;False;False;True;True;8.827408379093514
92;87;2015-03-01;2073.474366223158;6946.494671784458;15.0;18.0;False;False;False;False;False;True;True;12.60792026996771
92;87;2015-04-01;2324.7539060205177;6946.494671784458;15.0;18.0;False;False;False;False;False;True;True;14.895697905434822
92;87;2015-05-01;2489.296814634034;6946.494671784458;15.0;18.0;False;False;False;False;False;True;True;17.141654142366107
92;87;2015-06-01;2654.084057928241;6946.494671784458;15.0;18.0;False;False;False;False;False;True;True;19.39294481553273
92;87;2015-07-01;3416.539537564267;6946.494671784458;15.0;18.0;False;False;False;False;False;True;True;21.53785193429267
92;87;2015-08-01;3428.5507572120605;6946.494671784458;15.0;18.0;False;False;False;False;False;True;True;20.49907454866584
92;87;2015-09-01;2650.019459949637;6946.494671784458;15.0;18.0;False;False;False;False;False;True;True;17.621727802535418
92;87;2015-10-01;2184.970753652865;6946.494671784458;15.0;18.0;False;False;False;False;False;True;True;14.792289238072366
92;87;2015-11-01;2070.247315320189;6946.494671784458;15.0;18.0;False;False;False;False;False;True;True;12.474742852144688
92;87;2015-12-01;2046.355160912783;6946.494671784458;15.0;18.0;False;False;False;False;False;True;True;10.585770904643011
92;87;2016-01-01;2096.169946282067;6946.494671784458;15.0;18.0;False;False;False;False;False;True;True;10.044430381276952
92;87;2016-02-01;2122.100666013561;6946.494671784458;15.0;18.0;False;False;False;False;False;True;True;12.181250227658523
92;87;2016-03-01;2176.878307033536;6946.494671784458;15.0;18.0;False;False;False;False;False;True;True;12.515167674172917
92;87;2016-04-01;2414.68699271388;6946.494671784458;15.0;18.0;False;False;False;False;False;True;True;15.29589403743588
92;87;2016-05-01;2646.1164830900543;6946.494671784458;15.0;18.0;False;False;False;False;False;True;True;16.96185797726271
92;87;2016-06-01;3227.230609269081;6946.494671784458;15.0;18.0;False;False;False;False;False;True;True;19.401180382433072
92;87;2016-07-01;3289.868187448619;6946.494671784458;15.0;18.0;False;False;False;False;False;True;True;21.32305825008297
92;87;2016-08-01;3045.3409573585886;6946.494671784458;15.0;18.0;False;False;False;False;False;True;True;20.742745780697103
92;87;2016-09-01;2900.068451457648;6946.494671784458;15.0;18.0;False;False;False;False;False;True;True;19.343314778472426
92;87;2016-10-01;2207.427058378005;6946.494671784458;15.0;18.0;False;False;False;False;False;True;True;15.324236311387889
92;87;2016-11-01;1959.822085762342;6946.494671784458;15.0;18.0;False;False;False;False;False;True;True;12.177426391472933
92;87;2016-12-01;1930.503467935431;6946.494671784458;15.0;18.0;False;False;False;False;False;True;True;9.090210333213026
92;87;2017-01-01;1942.923173294084;6946.494671784458;15.0;18.0;False;False;False;False;False;True;True;8.220158448422033
92;87;2017-02-01;2167.504533813224;6946.494671784458;15.0;18.0;False;False;False;False;False;True;True;11.089617159986588
92;87;2017-03-01;2302.60464052255;6946.494671784458;15.0;18.0;False;False;False;False;False;True;True;13.587104379909494
93;88;2015-01-01;4678.25789883181;13278.24056682468;15.0;18.0;False;False;False;False;False;True;True;9.817247733789548
93;88;2015-02-01;4638.319822743219;13278.24056682468;15.0;18.0;False;False;False;False;False;True;True;8.827408379093514
93;88;2015-03-01;4696.379121703625;13278.24056682468;15.0;18.0;False;False;False;False;False;True;True;12.60792026996771
93;88;2015-04-01;4568.194796010612;13278.24056682468;15.0;18.0;False;False;False;False;False;True;True;14.895697905434822
93;88;2015-05-01;5089.565424711637;13278.24056682468;15.0;18.0;False;False;False;False;False;True;True;17.141654142366107
93;88;2015-06-01;5715.85008201967;13278.24056682468;15.0;18.0;False;False;False;False;False;True;True;19.39294481553273
93;88;2015-07-01;6901.179019547581;13278.24056682468;15.0;18.0;False;False;False;False;False;True;True;21.53785193429267
93;88;2015-08-01;6790.10754070233;13278.24056682468;15.0;18.0;False;False;False;False;False;True;True;20.49907454866584
93;88;2015-09-01;5773.842997073182;13278.24056682468;15.0;18.0;False;False;False;False;False;True;True;17.621727802535418
93;88;2015-10-01;5239.068833546134;13278.24056682468;15.0;18.0;False;False;False;False;False;True;True;14.792289238072366
93;88;2015-11-01;5029.017932024988;13278.24056682468;15.0;18.0;False;False;False;False;False;True;True;12.474742852144688
93;88;2015-12-01;1522.913095229637;13278.24056682468;15.0;18.0;False;False;False;False;False;True;True;10.585770904643011
93;88;2016-01-01;1509.0643319770113;13278.24056682468;15.0;18.0;False;False;False;False;False;True;True;10.044430381276952
93;88;2016-02-01;1388.5746514507732;13278.24056682468;15.0;18.0;False;False;False;False;False;True;True;12.181250227658523
93;88;2016-03-01;1418.6564877538078;13278.24056682468;15.0;18.0;False;False;False;False;False;True;True;12.515167674172917
93;88;2016-04-01;1524.511408659553;13278.24056682468;15.0;18.0;False;False;False;False;False;True;True;15.29589403743588
93;88;2016-05-01;1632.2540613665826;13278.24056682468;15.0;18.0;False;False;False;False;False;True;True;16.96185797726271
93;88;2016-06-01;1874.457267324501;13278.24056682468;15.0;18.0;False;False;False;False;False;True;True;19.401180382433072
93;88;2016-07-01;2098.7456411172698;13278.24056682468;15.0;18.0;False;False;False;False;False;True;True;21.32305825008297
93;88;2016-08-01;2169.799118331769;13278.24056682468;15.0;18.0;False;False;False;False;False;True;True;20.742745780697103
93;88;2016-09-01;1874.8517078135585;13278.24056682468;15.0;18.0;False;False;False;False;False;True;True;19.343314778472426
93;88;2016-10-01;1259.1020341745782;13278.24056682468;15.0;18.0;False;False;False;False;False;True;True;15.324236311387889
93;88;2016-11-01;1203.4912397903151;13278.24056682468;15.0;18.0;False;False;False;False;False;True;True;12.177426391472933
93;88;2016-12-01;1233.345800515261;13278.24056682468;15.0;18.0;False;False;False;False;False;True;True;9.090210333213026
93;88;2017-01-01;1276.1770457911523;13278.24056682468;15.0;18.0;False;False;False;False;False;True;True;8.220158448422033
93;88;2017-02-01;1425.8487322684734;13278.24056682468;15.0;18.0;False;False;False;False;False;True;True;11.089617159986588
93;88;2017-03-01;1189.874310445731;13278.24056682468;15.0;18.0;False;False;False;False;False;True;True;13.587104379909494
94;89;2015-07-01;314.9991295233812;20295.44546371617;15.0;18.0;False;False;False;False;False;True;True;21.53785193429267
94;89;2015-08-01;59.45102290031716;20295.44546371617;15.0;18.0;False;False;False;False;False;True;True;20.49907454866584
94;89;2015-09-01;158.83859322823886;20295.44546371617;15.0;18.0;False;False;False;False;False;True;True;17.621727802535418
94;89;2015-10-01;161.76010887211677;20295.44546371617;15.0;18.0;False;False;False;False;False;True;True;14.792289238072366
94;89;2015-11-01;170.61004407340383;20295.44546371617;15.0;18.0;False;False;False;False;False;True;True;12.474742852144688
94;89;2015-12-01;119.45668285960028;20295.44546371617;15.0;18.0;False;False;False;False;False;True;True;10.585770904643011
94;89;2016-01-01;136.03284680487403;20295.44546371617;15.0;18.0;False;False;False;False;False;True;True;10.044430381276952
94;89;2016-02-01;176.17103886861705;20295.44546371617;15.0;18.0;False;False;False;False;False;True;True;12.181250227658523
94;89;2016-03-01;194.81731463722176;20295.44546371617;15.0;18.0;False;False;False;False;False;True;True;12.515167674172917
94;89;2016-04-01;167.2949959049975;20295.44546371617;15.0;18.0;False;False;False;False;False;True;True;15.29589403743588
94;89;2016-05-01;175.53662851295582;20295.44546371617;15.0;18.0;False;False;False;False;False;True;True;16.96185797726271
94;89;2016-06-01;152.77807525495285;20295.44546371617;15.0;18.0;False;False;False;False;False;True;True;19.401180382433072
94;89;2016-07-01;158.13551915830672;20295.44546371617;15.0;18.0;False;False;False;False;False;True;True;21.32305825008297
94;89;2016-08-01;70.8033688413203;20295.44546371617;15.0;18.0;False;False;False;False;False;True;True;20.742745780697103
94;89;2016-09-01;177.53319277471263;20295.44546371617;15.0;18.0;False;False;False;False;False;True;True;19.343314778472426
94;89;2016-10-01;154.0488430265636;20295.44546371617;15.0;18.0;False;False;False;False;False;True;True;15.324236311387889
94;89;2016-11-01;173.29454051527935;20295.44546371617;15.0;18.0;False;False;False;False;False;True;True;12.177426391472933
94;89;2016-12-01;162.02625087663668;20295.44546371617;15.0;18.0;False;False;False;False;False;True;True;9.090210333213026
95;90;2015-02-01;140556.37128007118;362.4737032689154;5.0;18.0;False;False;False;False;False;True;True;8.827408379093514
95;90;2015-03-01;95806.0749174504;362.4737032689154;5.0;18.0;False;False;False;False;False;True;True;12.60792026996771
95;90;2015-04-01;45758.90684673243;362.4737032689154;5.0;18.0;False;False;False;False;False;True;True;14.895697905434822
95;90;2015-05-01;44245.80568164925;362.4737032689154;5.0;18.0;False;False;False;False;False;True;True;17.141654142366107
95;90;2015-06-01;62178.4672034723;362.4737032689154;5.0;18.0;False;False;False;False;False;True;True;19.39294481553273
95;90;2015-07-01;127034.50719076688;362.4737032689154;5.0;18.0;False;False;False;False;False;True;True;21.53785193429267
95;90;2015-08-01;66167.27983934482;362.4737032689154;5.0;18.0;False;False;False;False;False;True;True;20.49907454866584
95;90;2015-09-01;41123.36658326499;362.4737032689154;5.0;18.0;False;False;False;False;False;True;True;17.621727802535418
95;90;2015-10-01;42419.46438867866;362.4737032689154;5.0;18.0;False;False;False;False;False;True;True;14.792289238072366
95;90;2015-11-01;81358.08357375332;362.4737032689154;5.0;18.0;False;False;False;False;False;True;True;12.474742852144688
95;90;2015-12-01;126678.33292967976;362.4737032689154;5.0;18.0;False;False;False;False;False;True;True;10.585770904643011
95;90;2016-01-01;164142.50116986982;362.4737032689154;5.0;18.0;False;False;False;False;False;True;True;10.044430381276952
96;90;2016-03-01;;362.4737032689154;5.0;18.0;False;False;False;False;False;True;True;12.515167674172917
96;90;2016-04-01;30949.468621209355;362.4737032689154;5.0;18.0;False;False;False;False;False;True;True;15.29589403743588
96;90;2016-05-01;29471.567542784967;362.4737032689154;5.0;18.0;False;False;False;False;False;True;True;16.96185797726271
96;90;2016-06-01;29840.19452948437;362.4737032689154;5.0;18.0;False;False;False;False;False;True;True;19.401180382433072
97;92;2015-05-01;22.51411351141404;13740.528960344964;15.0;18.0;False;False;False;False;False;True;True;17.141654142366107
97;92;2015-06-01;73.81363968397295;13740.528960344964;15.0;18.0;False;False;False;False;False;True;True;19.39294481553273
97;92;2015-07-01;181.4452524274026;13740.528960344964;15.0;18.0;False;False;False;False;False;True;True;21.53785193429267
97;92;2015-08-01;178.64486039087623;13740.528960344964;15.0;18.0;False;False;False;False;False;True;True;20.49907454866584
97;92;2015-09-01;125.68025928687338;13740.528960344964;15.0;18.0;False;False;False;False;False;True;True;17.621727802535418
97;92;2015-10-01;360.1307371547617;13740.528960344964;15.0;18.0;False;False;False;False;False;True;True;14.792289238072366
97;92;2015-11-01;250.5454911491105;13740.528960344964;15.0;18.0;False;False;False;False;False;True;True;12.474742852144688
97;92;2015-12-01;290.8285199921374;13740.528960344964;15.0;18.0;False;False;False;False;False;True;True;10.585770904643011
97;92;2016-01-01;249.4726639716562;13740.528960344964;15.0;18.0;False;False;False;False;False;True;True;10.044430381276952
97;92;2016-02-01;278.1485514502964;13740.528960344964;15.0;18.0;False;False;False;False;False;True;True;12.181250227658523
97;92;2016-03-01;184.27112471633444;13740.528960344964;15.0;18.0;False;False;False;False;False;True;True;12.515167674172917
97;92;2016-04-01;114.83649233382071;13740.528960344964;15.0;18.0;False;False;False;False;False;True;True;15.29589403743588
97;92;2016-05-01;117.8234790116184;13740.528960344964;15.0;18.0;False;False;False;False;False;True;True;16.96185797726271
97;92;2016-06-01;77.48941270455781;13740.528960344964;15.0;18.0;False;False;False;False;False;True;True;19.401180382433072
97;92;2016-07-01;197.3079674997568;13740.528960344964;15.0;18.0;False;False;False;False;False;True;True;21.32305825008297
97;92;2016-08-01;112.79820420764352;13740.528960344964;15.0;18.0;False;False;False;False;False;True;True;20.742745780697103
97;92;2016-09-01;135.06378791926844;13740.528960344964;15.0;18.0;False;False;False;False;False;True;True;19.343314778472426
97;92;2016-10-01;350.0449065389822;13740.528960344964;15.0;18.0;False;False;False;False;False;True;True;15.324236311387889
97;92;2016-11-01;345.4399639773087;13740.528960344964;15.0;18.0;False;False;False;False;False;True;True;12.177426391472933
97;92;2016-12-01;245.8023346298133;13740.528960344964;15.0;18.0;False;False;False;False;False;True;True;9.090210333213026
98;93;2014-05-01;110.06979903638812;12728.709349448329;15.0;18.0;False;False;False;False;False;True;True;15.007417672450508
98;93;2014-06-01;114.734909501273;12728.709349448329;15.0;18.0;False;False;False;False;False;True;True;17.60630221210198
98;93;2014-07-01;17.16654535860245;12728.709349448329;15.0;18.0;False;False;False;False;False;True;True;17.02814087022849
98;93;2014-08-01;28110.91644957711;12728.709349448329;15.0;18.0;False;False;False;False;False;True;True;16.768820314896253
98;93;2014-09-01;76038.71968434086;12728.709349448329;15.0;18.0;False;False;False;False;False;True;True;16.227282433689336
98;93;2014-10-01;139402.12080099093;12728.709349448329;15.0;18.0;False;False;False;False;False;True;True;14.53081529820492
98;93;2014-11-01;139528.13593096146;12728.709349448329;15.0;18.0;False;False;False;False;False;True;True;12.603836181081192
98;93;2014-12-01;137668.10328613248;12728.709349448329;15.0;18.0;False;False;False;False;False;True;True;9.994714275622268
98;93;2015-01-01;122552.340112468;12728.709349448329;15.0;18.0;False;False;False;False;False;True;True;9.817247733789548
98;93;2015-02-01;159491.61082739456;12728.709349448329;15.0;18.0;False;False;False;False;False;True;True;8.827408379093514
98;93;2015-03-01;145452.80258737731;12728.709349448329;15.0;18.0;False;False;False;False;False;True;True;12.60792026996771
98;93;2015-04-01;133602.25144958094;12728.709349448329;15.0;18.0;False;False;False;False;False;True;True;14.895697905434822
98;93;2015-05-01;125071.28196593266;12728.709349448329;15.0;18.0;False;False;False;False;False;True;True;17.141654142366107
98;93;2015-06-01;124101.21556795604;12728.709349448329;15.0;18.0;False;False;False;False;False;True;True;19.39294481553273
98;93;2015-07-01;115656.86853498704;12728.709349448329;15.0;18.0;False;False;False;False;False;True;True;21.53785193429267
98;93;2015-08-01;242529190.2264408;12728.709349448329;15.0;18.0;False;False;False;False;False;True;True;20.49907454866584
98;93;2015-09-01;83322.80533952551;12728.709349448329;15.0;18.0;False;False;False;False;False;True;True;17.621727802535418
98;93;2015-10-01;111939.90411501292;12728.709349448329;15.0;18.0;False;False;False;False;False;True;True;14.792289238072366
98;93;2015-11-01;130569.31876805962;12728.709349448329;15.0;18.0;False;False;False;False;False;True;True;12.474742852144688
98;93;2015-12-01;71017.21101425281;12728.709349448329;15.0;18.0;False;False;False;False;False;True;True;10.585770904643011
98;93;2016-01-01;102066.82369395623;12728.709349448329;15.0;18.0;False;False;False;False;False;True;True;10.044430381276952
98;93;2016-02-01;781846825.1442497;12728.709349448329;15.0;18.0;False;False;False;False;False;True;True;12.181250227658523
98;93;2016-03-01;123819.85960086274;12728.709349448329;15.0;18.0;False;False;False;False;False;True;True;12.515167674172917
98;93;2016-04-01;1460157965.858126;12728.709349448329;15.0;18.0;False;False;False;False;False;True;True;15.29589403743588
98;93;2016-05-01;125534.73383051236;12728.709349448329;15.0;18.0;False;False;False;False;False;True;True;16.96185797726271
98;93;2016-06-01;115841.38877716832;12728.709349448329;15.0;18.0;False;False;False;False;False;True;True;19.401180382433072
98;93;2016-07-01;70978.83112042153;12728.709349448329;15.0;18.0;False;False;False;False;False;True;True;21.32305825008297
98;93;2016-08-01;7798.38659018449;12728.709349448329;15.0;18.0;False;False;False;False;False;True;True;20.742745780697103
98;93;2016-09-01;88273.72658705663;12728.709349448329;15.0;18.0;False;False;False;False;False;True;True;19.343314778472426
98;93;2016-10-01;123863.58111561504;12728.709349448329;15.0;18.0;False;False;False;False;False;True;True;15.324236311387889
98;93;2016-11-01;130705.12090572531;12728.709349448329;15.0;18.0;False;False;False;False;False;True;True;12.177426391472933
98;93;2016-12-01;124471.46325614829;12728.709349448329;15.0;18.0;False;False;False;False;False;True;True;9.090210333213026
98;93;2017-01-01;161343.63383834774;12728.709349448329;15.0;18.0;False;False;False;False;False;True;True;8.220158448422033
98;93;2017-02-01;153393.8714227599;12728.709349448329;15.0;18.0;False;False;False;False;False;True;True;11.089617159986588
98;93;2017-03-01;143691.36851734418;12728.709349448329;15.0;18.0;False;False;False;False;False;True;True;13.587104379909494
98;93;2017-04-01;142073.98641731625;12728.709349448329;15.0;18.0;False;False;False;False;False;True;True;14.894739608181292
99;94;2015-07-01;5899449.6903677285;11631.21470570506;15.0;18.0;False;False;False;False;False;True;True;21.53785193429267
99;94;2015-08-01;2390086.500710139;11631.21470570506;15.0;18.0;False;False;False;False;False;True;True;20.49907454866584
99;94;2015-09-01;5465713.295417846;11631.21470570506;15.0;18.0;False;False;False;False;False;True;True;17.621727802535418
99;94;2015-10-01;5409054.221127238;11631.21470570506;15.0;18.0;False;False;False;False;False;True;True;14.792289238072366
99;94;2015-11-01;5706294.360900227;11631.21470570506;15.0;18.0;False;False;False;False;False;True;True;12.474742852144688
99;94;2015-12-01;4231628.859324856;11631.21470570506;15.0;18.0;False;False;False;False;False;True;True;10.585770904643011
99;94;2016-01-01;4883316.599596252;11631.21470570506;15.0;18.0;False;False;False;False;False;True;True;10.044430381276952
99;94;2016-02-01;5486329.891653105;11631.21470570506;15.0;18.0;False;False;False;False;False;True;True;12.181250227658523
99;94;2016-03-01;5206245.742316826;11631.21470570506;15.0;18.0;False;False;False;False;False;True;True;12.515167674172917
99;94;2016-04-01;4809178.821084458;11631.21470570506;15.0;18.0;False;False;False;False;False;True;True;15.29589403743588
99;94;2016-05-01;5131686.579004907;11631.21470570506;15.0;18.0;False;False;False;False;False;True;True;16.96185797726271
99;94;2016-06-01;5081406.553309296;11631.21470570506;15.0;18.0;False;False;False;False;False;True;True;19.401180382433072
100;96;2015-06-01;1487.7664178937673;18337.137009683065;15.0;18.0;False;False;False;False;False;True;True;19.39294481553273
100;96;2015-07-01;1782.3279986514897;18337.137009683065;15.0;18.0;False;False;False;False;False;True;True;21.53785193429267
100;96;2015-08-01;1596.261225928765;18337.137009683065;15.0;18.0;False;False;False;False;False;True;True;20.49907454866584
100;96;2015-09-01;2567.09744887133;18337.137009683065;15.0;18.0;False;False;False;False;False;True;True;17.621727802535418
100;96;2015-10-01;3032.2118825124826;18337.137009683065;15.0;18.0;False;False;False;False;False;True;True;14.792289238072366
100;96;2015-11-01;3067.6562607071264;18337.137009683065;15.0;18.0;False;False;False;False;False;True;True;12.474742852144688
100;96;2015-12-01;2548.112321798196;18337.137009683065;15.0;18.0;False;False;False;False;False;True;True;10.585770904643011
100;96;2016-01-01;2737.79942833039;18337.137009683065;15.0;18.0;False;False;False;False;False;True;True;10.044430381276952
100;96;2016-02-01;27178.624453673423;18337.137009683065;15.0;18.0;False;False;False;False;False;True;True;12.181250227658523
100;96;2016-03-01;30591.39862097302;18337.137009683065;15.0;18.0;False;False;False;False;False;True;True;12.515167674172917
100;96;2016-04-01;30325.773594774484;18337.137009683065;15.0;18.0;False;False;False;False;False;True;True;15.29589403743588
100;96;2016-05-01;30624.03338744229;18337.137009683065;15.0;18.0;False;False;False;False;False;True;True;16.96185797726271
100;96;2016-06-01;31284.092803653595;18337.137009683065;15.0;18.0;False;False;False;False;False;True;True;19.401180382433072
100;96;2016-07-01;32257.00615666311;18337.137009683065;15.0;18.0;False;False;False;False;False;True;True;21.32305825008297
100;96;2016-08-01;31360.08927703024;18337.137009683065;15.0;18.0;False;False;False;False;False;True;True;20.742745780697103
100;96;2016-09-01;30967.431269255543;18337.137009683065;15.0;18.0;False;False;False;False;False;True;True;19.343314778472426
100;96;2016-10-01;30333.815027789624;18337.137009683065;15.0;18.0;False;False;False;False;False;True;True;15.324236311387889
100;96;2016-11-01;29731.932434222326;18337.137009683065;15.0;18.0;False;False;False;False;False;True;True;12.177426391472933
100;96;2016-12-01;29314.84006546159;18337.137009683065;15.0;18.0;False;False;False;False;False;True;True;9.090210333213026
100;96;2017-01-01;29167.05343625984;18337.137009683065;15.0;18.0;False;False;False;False;False;True;True;8.220158448422033
101;98;2014-11-01;95291.46718484668;20625.80746551685;15.0;18.0;False;False;False;False;False;True;True;12.603836181081192
101;98;2014-12-01;107765.90646245924;20625.80746551685;15.0;18.0;False;False;False;False;False;True;True;9.994714275622268
101;98;2015-01-01;124414.1342592702;20625.80746551685;15.0;18.0;False;False;False;False;False;True;True;9.817247733789548
101;98;2015-02-01;121701.58061580724;20625.80746551685;15.0;18.0;False;False;False;False;False;True;True;8.827408379093514
101;98;2015-03-01;81112.28242027393;20625.80746551685;15.0;18.0;False;False;False;False;False;True;True;12.60792026996771
101;98;2015-04-01;71428.96715347137;20625.80746551685;15.0;18.0;False;False;False;False;False;True;True;14.895697905434822
101;98;2015-05-01;70602.7886747622;20625.80746551685;15.0;18.0;False;False;False;False;False;True;True;17.141654142366107
101;98;2015-06-01;90225.91234747675;20625.80746551685;15.0;18.0;False;False;False;False;False;True;True;19.39294481553273
101;98;2015-07-01;115320.51177245883;20625.80746551685;15.0;18.0;False;False;False;False;False;True;True;21.53785193429267
101;98;2015-08-01;89639.13650933966;20625.80746551685;15.0;18.0;False;False;False;False;False;True;True;20.49907454866584
101;98;2015-09-01;62643.943708882696;20625.80746551685;15.0;18.0;False;False;False;False;False;True;True;17.621727802535418
101;98;2015-10-01;65661.80297903769;20625.80746551685;15.0;18.0;False;False;False;False;False;True;True;14.792289238072366
101;98;2015-11-01;79591.10545777416;20625.80746551685;15.0;18.0;False;False;False;False;False;True;True;12.474742852144688
101;98;2015-12-01;100906.99693660052;20625.80746551685;15.0;18.0;False;False;False;False;False;True;True;10.585770904643011
101;98;2016-01-01;109099.50088709703;20625.80746551685;15.0;18.0;False;False;False;False;False;True;True;10.044430381276952
101;98;2016-02-01;97283.97405839212;20625.80746551685;15.0;18.0;False;False;False;False;False;True;True;12.181250227658523
101;98;2016-03-01;81830.20643448869;20625.80746551685;15.0;18.0;False;False;False;False;False;True;True;12.515167674172917
101;98;2016-04-01;64194.91415256411;20625.80746551685;15.0;18.0;False;False;False;False;False;True;True;15.29589403743588
101;98;2016-05-01;64581.97720097316;20625.80746551685;15.0;18.0;False;False;False;False;False;True;True;16.96185797726271
101;98;2016-06-01;71499.09236409316;20625.80746551685;15.0;18.0;False;False;False;False;False;True;True;19.401180382433072
101;98;2016-07-01;89870.42762881528;20625.80746551685;15.0;18.0;False;False;False;False;False;True;True;21.32305825008297
101;98;2016-08-01;90408.1579563516;20625.80746551685;15.0;18.0;False;False;False;False;False;True;True;20.742745780697103
101;98;2016-09-01;81386.94160375478;20625.80746551685;15.0;18.0;False;False;False;False;False;True;True;19.343314778472426
101;98;2016-10-01;64725.29889397598;20625.80746551685;15.0;18.0;False;False;False;False;False;True;True;15.324236311387889
101;98;2016-11-01;81421.35777131672;20625.80746551685;15.0;18.0;False;False;False;False;False;True;True;12.177426391472933
101;98;2016-12-01;110797.9150211931;20625.80746551685;15.0;18.0;False;False;False;False;False;True;True;9.090210333213026
101;98;2017-01-01;147520.30554174146;20625.80746551685;15.0;18.0;False;False;False;False;False;True;True;8.220158448422033
101;98;2017-02-01;129066.026188813;20625.80746551685;15.0;18.0;False;False;False;False;False;True;True;11.089617159986588
101;98;2017-03-01;83821.72418250181;20625.80746551685;15.0;18.0;False;False;False;False;False;True;True;13.587104379909494
101;98;2017-04-01;77159.6086087846;20625.80746551685;15.0;18.0;False;False;False;False;False;True;True;14.894739608181292
102;99;2014-11-01;6759.348571925227;17695.884493142366;15.0;18.0;False;False;False;False;False;True;True;12.603836181081192
102;99;2014-12-01;6784.120666709071;17695.884493142366;15.0;18.0;False;False;False;False;False;True;True;9.994714275622268
102;99;2015-01-01;7629.402652781552;17695.884493142366;15.0;18.0;False;False;False;False;False;True;True;9.817247733789548
102;99;2015-02-01;6502.53874655664;17695.884493142366;15.0;18.0;False;False;False;False;False;True;True;8.827408379093514
102;99;2015-03-01;6142.919251620792;17695.884493142366;15.0;18.0;False;False;False;False;False;True;True;12.60792026996771
102;99;2015-04-01;6332.387371458452;17695.884493142366;15.0;18.0;False;False;False;False;False;True;True;14.895697905434822
102;99;2015-05-01;6241.8422752696;17695.884493142366;15.0;18.0;False;False;False;False;False;True;True;17.141654142366107
102;99;2015-06-01;6232.285623869438;17695.884493142366;15.0;18.0;False;False;False;False;False;True;True;19.39294481553273
102;99;2015-07-01;5495.286262831812;17695.884493142366;15.0;18.0;False;False;False;False;False;True;True;21.53785193429267
102;99;2015-08-01;5760.144865936559;17695.884493142366;15.0;18.0;False;False;False;False;False;True;True;20.49907454866584
102;99;2015-09-01;6339.600316105156;17695.884493142366;15.0;18.0;False;False;False;False;False;True;True;17.621727802535418
102;99;2015-10-01;6255.539210418941;17695.884493142366;15.0;18.0;False;False;False;False;False;True;True;14.792289238072366
102;99;2015-11-01;5834.146659613581;17695.884493142366;15.0;18.0;False;False;False;False;False;True;True;12.474742852144688
102;99;2015-12-01;4027.2650857418776;17695.884493142366;15.0;18.0;False;False;False;False;False;True;True;10.585770904643011
102;99;2016-01-01;4110.8048342970615;17695.884493142366;15.0;18.0;False;False;False;False;False;True;True;10.044430381276952
102;99;2016-02-01;3903.063829220536;17695.884493142366;15.0;18.0;False;False;False;False;False;True;True;12.181250227658523
102;99;2016-03-01;4058.643646184355;17695.884493142366;15.0;18.0;False;False;False;False;False;True;True;12.515167674172917
102;99;2016-04-01;3818.769006729156;17695.884493142366;15.0;18.0;False;False;False;False;False;True;True;15.29589403743588
102;99;2016-05-01;4629.714863662958;17695.884493142366;15.0;18.0;False;False;False;False;False;True;True;16.96185797726271
102;99;2016-06-01;3788.2136176474055;17695.884493142366;15.0;18.0;False;False;False;False;False;True;True;19.401180382433072
102;99;2016-07-01;3374.634496150943;17695.884493142366;15.0;18.0;False;False;False;False;False;True;True;21.32305825008297
102;99;2016-08-01;3397.2417123418463;17695.884493142366;15.0;18.0;False;False;False;False;False;True;True;20.742745780697103
102;99;2016-09-01;3686.208617579744;17695.884493142366;15.0;18.0;False;False;False;False;False;True;True;19.343314778472426
102;99;2016-10-01;3615.618593570452;17695.884493142366;15.0;18.0;False;False;False;False;False;True;True;15.324236311387889
102;99;2016-11-01;3709.715955573321;17695.884493142366;15.0;18.0;False;False;False;False;False;True;True;12.177426391472933
102;99;2016-12-01;4147.043478720052;17695.884493142366;15.0;18.0;False;False;False;False;False;True;True;9.090210333213026
102;99;2017-01-01;3894.182057897742;17695.884493142366;15.0;18.0;False;False;False;False;False;True;True;8.220158448422033
102;99;2017-02-01;4168.052715185979;17695.884493142366;15.0;18.0;False;False;False;False;False;True;True;11.089617159986588
102;99;2017-03-01;3956.3193300663065;17695.884493142366;15.0;18.0;False;False;False;False;False;True;True;13.587104379909494
103;100;2015-03-01;752.6383053263313;9047.136190339224;15.0;18.0;False;False;False;False;False;True;True;12.60792026996771
103;100;2015-04-01;719.15166269694;9047.136190339224;15.0;18.0;False;False;False;False;False;True;True;14.895697905434822
103;100;2015-05-01;3525.677563556997;9047.136190339224;15.0;18.0;False;False;False;False;False;True;True;17.141654142366107
103;100;2015-06-01;11323.745322427842;9047.136190339224;15.0;18.0;False;False;False;False;False;True;True;19.39294481553273
103;100;2015-07-01;12488.657569247434;9047.136190339224;15.0;18.0;False;False;False;False;False;True;True;21.53785193429267
103;100;2015-08-01;11300.064866332295;9047.136190339224;15.0;18.0;False;False;False;False;False;True;True;20.49907454866584
103;100;2015-09-01;10626.162918291167;9047.136190339224;15.0;18.0;False;False;False;False;False;True;True;17.621727802535418
103;100;2015-10-01;11120.809682705603;9047.136190339224;15.0;18.0;False;False;False;False;False;True;True;14.792289238072366
103;100;2015-11-01;12211.17856848334;9047.136190339224;15.0;18.0;False;False;False;False;False;True;True;12.474742852144688
103;100;2015-12-01;3284.5774749669827;9047.136190339224;15.0;18.0;False;False;False;False;False;True;True;10.585770904643011
103;100;2016-01-01;3150.629366225541;9047.136190339224;15.0;18.0;False;False;False;False;False;True;True;10.044430381276952
103;100;2016-02-01;3071.354332806595;9047.136190339224;15.0;18.0;False;False;False;False;False;True;True;12.181250227658523
103;100;2016-03-01;2904.876601058353;9047.136190339224;15.0;18.0;False;False;False;False;False;True;True;12.515167674172917
103;100;2016-04-01;2798.920601846707;9047.136190339224;15.0;18.0;False;False;False;False;False;True;True;15.29589403743588
103;100;2016-05-01;2613.561360693006;9047.136190339224;15.0;18.0;False;False;False;False;False;True;True;16.96185797726271
103;100;2016-06-01;3529.0973735146026;9047.136190339224;15.0;18.0;False;False;False;False;False;True;True;19.401180382433072
103;100;2016-07-01;3462.075138693892;9047.136190339224;15.0;18.0;False;False;False;False;False;True;True;21.32305825008297
103;100;2016-08-01;2838.9962859775183;9047.136190339224;15.0;18.0;False;False;False;False;False;True;True;20.742745780697103
103;100;2016-09-01;3057.795735053445;9047.136190339224;15.0;18.0;False;False;False;False;False;True;True;19.343314778472426
103;100;2016-10-01;2557.776647424512;9047.136190339224;15.0;18.0;False;False;False;False;False;True;True;15.324236311387889
103;100;2016-11-01;2454.511910750694;9047.136190339224;15.0;18.0;False;False;False;False;False;True;True;12.177426391472933
103;100;2016-12-01;2256.8060578022328;9047.136190339224;15.0;18.0;False;False;False;False;False;True;True;9.090210333213026
103;100;2017-01-01;2344.0034245952684;9047.136190339224;15.0;18.0;False;False;False;False;False;True;True;8.220158448422033
103;100;2017-02-01;2385.59458866006;9047.136190339224;15.0;18.0;False;False;False;False;False;True;True;11.089617159986588
103;100;2017-03-01;2435.163187521145;9047.136190339224;15.0;18.0;False;False;False;False;False;True;True;13.587104379909494
103;100;2017-04-01;2421.035805295882;9047.136190339224;15.0;18.0;False;False;False;False;False;True;True;14.894739608181292
104;101;2015-04-01;563.1416361270385;9024.155116648762;15.0;18.0;False;False;False;False;False;True;True;14.895697905434822
104;101;2015-05-01;803.9746134030671;9024.155116648762;15.0;18.0;False;False;False;False;False;True;True;17.141654142366107
104;101;2015-06-01;630.2709314220845;9024.155116648762;15.0;18.0;False;False;False;False;False;True;True;19.39294481553273
105;102;2015-01-01;185492.46696710176;19255.71056290297;15.0;18.0;False;False;False;False;False;True;True;9.817247733789548
105;102;2015-02-01;171288.1410600418;19255.71056290297;15.0;18.0;False;False;False;False;False;True;True;8.827408379093514
105;102;2015-03-01;126429.706394157;19255.71056290297;15.0;18.0;False;False;False;False;False;True;True;12.60792026996771
105;102;2015-04-01;84104.27474238229;19255.71056290297;15.0;18.0;False;False;False;False;False;True;True;14.895697905434822
105;102;2015-05-01;58351.85480359542;19255.71056290297;15.0;18.0;False;False;False;False;False;True;True;17.141654142366107
105;102;2015-06-01;68776.16240757969;19255.71056290297;15.0;18.0;False;False;False;False;False;True;True;19.39294481553273
105;102;2015-07-01;105286.51404421504;19255.71056290297;15.0;18.0;False;False;False;False;False;True;True;21.53785193429267
105;102;2015-08-01;64456.25141500124;19255.71056290297;15.0;18.0;False;False;False;False;False;True;True;20.49907454866584
105;102;2015-09-01;65516.05388437076;19255.71056290297;15.0;18.0;False;False;False;False;False;True;True;17.621727802535418
105;102;2015-10-01;83952.67408371413;19255.71056290297;15.0;18.0;False;False;False;False;False;True;True;14.792289238072366
105;102;2015-11-01;133865.3774749769;19255.71056290297;15.0;18.0;False;False;False;False;False;True;True;12.474742852144688
105;102;2015-12-01;145759.80927487768;19255.71056290297;15.0;18.0;False;False;False;False;False;True;True;10.585770904643011
105;102;2016-01-01;164909.93993908545;19255.71056290297;15.0;18.0;False;False;False;False;False;True;True;10.044430381276952
106;102;2016-03-01;114248.98954154644;19255.71056290297;15.0;18.0;False;False;False;False;False;True;True;12.515167674172917
106;102;2016-04-01;82580.19577996734;19255.71056290297;15.0;18.0;False;False;False;False;False;True;True;15.29589403743588
106;102;2016-05-01;70121.84153084512;19255.71056290297;15.0;18.0;False;False;False;False;False;True;True;16.96185797726271
106;102;2016-06-01;56982.34788479907;19255.71056290297;15.0;18.0;False;False;False;False;False;True;True;19.401180382433072
107;106;2013-01-01;168697.51149058904;10060.0609357754;15.0;18.0;False;False;False;False;False;True;True;18.67923836297071
107;106;2013-02-01;176955.17380936217;10060.0609357754;15.0;18.0;False;False;False;False;False;True;True;17.943591401421234
107;106;2013-03-01;158544.51288705878;10060.0609357754;15.0;18.0;False;False;False;False;False;True;True;17.44643151326696
107;106;2013-04-01;141485.22154528808;10060.0609357754;15.0;18.0;False;False;False;False;False;True;True;14.77075102592344
107;106;2013-05-01;154126.9508326024;10060.0609357754;15.0;18.0;False;False;False;False;False;True;True;11.437205108882877
107;106;2013-06-01;168635.34216366825;10060.0609357754;15.0;18.0;False;False;False;False;False;True;True;9.34033570701933
107;106;2013-07-01;189027.31467735703;10060.0609357754;15.0;18.0;False;False;False;False;False;True;True;9.28215510971985
107;106;2013-08-01;167259.96484964667;10060.0609357754;15.0;18.0;False;False;False;False;False;True;True;10.718845608782434
107;106;2013-09-01;189272.74708215904;10060.0609357754;15.0;18.0;False;False;False;False;False;True;True;11.332531404826844
107;106;2013-10-01;180532.23938480232;10060.0609357754;15.0;18.0;False;False;False;False;False;True;True;13.491441487583788
107;106;2013-11-01;167491.804888114;10060.0609357754;15.0;18.0;False;False;False;False;False;True;True;15.371231557821652
107;106;2013-12-01;167006.3570479906;10060.0609357754;15.0;18.0;False;False;False;False;False;True;True;14.390944069096545
107;106;2014-01-01;164845.8828944626;10060.0609357754;15.0;18.0;False;False;False;False;False;True;True;11.1431840880552
107;106;2014-02-01;172144.09642547145;10060.0609357754;15.0;18.0;False;False;False;False;False;True;True;12.204535957921411
107;106;2014-03-01;171140.30906335393;10060.0609357754;15.0;18.0;False;False;False;False;False;True;True;13.182095292577824
107;106;2014-04-01;159829.99400837303;10060.0609357754;15.0;18.0;False;False;False;False;False;True;True;15.084608638230538
107;106;2014-05-01;148432.75693051788;10060.0609357754;15.0;18.0;False;False;False;False;False;True;True;15.007417672450508
107;106;2014-06-01;182721.2635650257;10060.0609357754;15.0;18.0;False;False;False;False;False;True;True;17.60630221210198
107;106;2014-07-01;198617.94475367857;10060.0609357754;15.0;18.0;False;False;False;False;False;True;True;17.02814087022849
107;106;2014-08-01;153159.72971370284;10060.0609357754;15.0;18.0;False;False;False;False;False;True;True;16.768820314896253
108;107;2013-01-01;69640.99424494426;12458.855608629528;15.0;18.0;False;False;False;False;False;True;True;18.67923836297071
108;107;2013-02-01;73049.8875293627;12458.855608629528;15.0;18.0;False;False;False;False;False;True;True;17.943591401421234
108;107;2013-03-01;65449.67623989578;12458.855608629528;15.0;18.0;False;False;False;False;False;True;True;17.44643151326696
108;107;2013-04-01;58407.33163351813;12458.855608629528;15.0;18.0;False;False;False;False;False;True;True;14.77075102592344
108;107;2013-05-01;63626.03692896116;12458.855608629528;15.0;18.0;False;False;False;False;False;True;True;11.437205108882877
108;107;2013-06-01;69615.32976596025;12458.855608629528;15.0;18.0;False;False;False;False;False;True;True;9.34033570701933
108;107;2013-07-01;78033.45773904589;12458.855608629528;15.0;18.0;False;False;False;False;False;True;True;9.28215510971985
108;107;2013-08-01;69047.5523117223;12458.855608629528;15.0;18.0;False;False;False;False;False;True;True;10.718845608782434
108;107;2013-09-01;78134.77610787845;12458.855608629528;15.0;18.0;False;False;False;False;False;True;True;11.332531404826844
108;107;2013-10-01;74526.5566334408;12458.855608629528;15.0;18.0;False;False;False;False;False;True;True;13.491441487583788
108;107;2013-11-01;69143.25953728831;12458.855608629528;15.0;18.0;False;False;False;False;False;True;True;15.371231557821652
108;107;2013-12-01;68942.85901008705;12458.855608629528;15.0;18.0;False;False;False;False;False;True;True;14.390944069096545
108;107;2014-01-01;68050.98119420955;12458.855608629528;15.0;18.0;False;False;False;False;False;True;True;11.1431840880552
108;107;2014-02-01;71063.79888203724;12458.855608629528;15.0;18.0;False;False;False;False;False;True;True;12.204535957921411
108;107;2014-03-01;70649.41962243404;12458.855608629528;15.0;18.0;False;False;False;False;False;True;True;13.182095292577824
108;107;2014-04-01;65980.3431275127;12458.855608629528;15.0;18.0;False;False;False;False;False;True;True;15.084608638230538
108;107;2014-05-01;61275.38385020022;12458.855608629528;15.0;18.0;False;False;False;False;False;True;True;15.007417672450508
108;107;2014-06-01;75430.22035076533;12458.855608629528;15.0;18.0;False;False;False;False;False;True;True;17.60630221210198
108;107;2014-07-01;81992.62114370441;12458.855608629528;15.0;18.0;False;False;False;False;False;True;True;17.02814087022849
108;107;2014-08-01;63226.7527914555;12458.855608629528;15.0;18.0;False;False;False;False;False;True;True;16.768820314896253
109;108;2015-06-01;31678.393078171808;19067.465109346085;15.0;18.0;False;False;False;False;False;True;True;19.39294481553273
109;108;2015-07-01;37394.41585185661;19067.465109346085;15.0;18.0;False;False;False;False;False;True;True;21.53785193429267
109;108;2015-08-01;10980.477983407967;19067.465109346085;15.0;18.0;False;False;False;False;False;True;True;20.49907454866584
109;108;2015-09-01;33636.3921192093;19067.465109346085;15.0;18.0;False;False;False;False;False;True;True;17.621727802535418
109;108;2015-10-01;32245.56518356065;19067.465109346085;15.0;18.0;False;False;False;False;False;True;True;14.792289238072366
109;108;2015-11-01;34799.44145141691;19067.465109346085;15.0;18.0;False;False;False;False;False;True;True;12.474742852144688
109;108;2015-12-01;23587.88790846127;19067.465109346085;15.0;18.0;False;False;False;False;False;True;True;10.585770904643011
109;108;2016-01-01;28884.581653830173;19067.465109346085;15.0;18.0;False;False;False;False;False;True;True;10.044430381276952
109;108;2016-02-01;34961.082176208176;19067.465109346085;15.0;18.0;False;False;False;False;False;True;True;12.181250227658523
109;108;2016-03-01;36643.18295419224;19067.465109346085;15.0;18.0;False;False;False;False;False;True;True;12.515167674172917
109;108;2016-04-01;36091.95709392974;19067.465109346085;15.0;18.0;False;False;False;False;False;True;True;15.29589403743588
109;108;2016-05-01;32849.10395575427;19067.465109346085;15.0;18.0;False;False;False;False;False;True;True;16.96185797726271
109;108;2016-06-01;37031.09450992022;19067.465109346085;15.0;18.0;False;False;False;False;False;True;True;19.401180382433072
109;108;2016-07-01;37567.29303954905;19067.465109346085;15.0;18.0;False;False;False;False;False;True;True;21.32305825008297
109;108;2016-08-01;9970.668302598822;19067.465109346085;15.0;18.0;False;False;False;False;False;True;True;20.742745780697103
109;108;2016-09-01;36309.05102906159;19067.465109346085;15.0;18.0;False;False;False;False;False;True;True;19.343314778472426
109;108;2016-10-01;34971.51979207411;19067.465109346085;15.0;18.0;False;False;False;False;False;True;True;15.324236311387889
109;108;2016-11-01;32589.007998191784;19067.465109346085;15.0;18.0;False;False;False;False;False;True;True;12.177426391472933
109;108;2016-12-01;26996.066298739697;19067.465109346085;15.0;18.0;False;False;False;False;False;True;True;9.090210333213026
109;108;2017-01-01;34197.135181994025;19067.465109346085;15.0;18.0;False;False;False;False;False;True;True;8.220158448422033
109;108;2017-02-01;36360.26610288398;19067.465109346085;15.0;18.0;False;False;False;False;False;True;True;11.089617159986588
109;108;2017-03-01;36235.76992442758;19067.465109346085;15.0;18.0;False;False;False;False;False;True;True;13.587104379909494
109;108;2017-04-01;26850.570016679103;19067.465109346085;15.0;18.0;False;False;False;False;False;True;True;14.894739608181292
110;109;2015-02-01;5341.622794401572;20683.592124267016;15.0;18.0;False;False;False;False;False;True;True;8.827408379093514
110;109;2015-03-01;5105.196959205936;20683.592124267016;15.0;18.0;False;False;False;False;False;True;True;12.60792026996771
110;109;2015-04-01;6320.834655263051;20683.592124267016;15.0;18.0;False;False;False;False;False;True;True;14.895697905434822
110;109;2015-05-01;5789.543393436801;20683.592124267016;15.0;18.0;False;False;False;False;False;True;True;17.141654142366107
110;109;2015-06-01;7699.510741934482;20683.592124267016;15.0;18.0;False;False;False;False;False;True;True;19.39294481553273
110;109;2015-07-01;12272.24088255766;20683.592124267016;15.0;18.0;False;False;False;False;False;True;True;21.53785193429267
110;109;2015-08-01;11135.482485611845;20683.592124267016;15.0;18.0;False;False;False;False;False;True;True;20.49907454866584
110;109;2015-09-01;6818.06085320912;20683.592124267016;15.0;18.0;False;False;False;False;False;True;True;17.621727802535418
110;109;2015-10-01;7511.167802972241;20683.592124267016;15.0;18.0;False;False;False;False;False;True;True;14.792289238072366
110;109;2015-11-01;7226.986759677209;20683.592124267016;15.0;18.0;False;False;False;False;False;True;True;12.474742852144688
110;109;2015-12-01;2138.423720606472;20683.592124267016;15.0;18.0;False;False;False;False;False;True;True;10.585770904643011
110;109;2016-01-01;1915.44876957066;20683.592124267016;15.0;18.0;False;False;False;False;False;True;True;10.044430381276952
110;109;2016-02-01;1332.381596366293;20683.592124267016;15.0;18.0;False;False;False;False;False;True;True;12.181250227658523
110;109;2016-03-01;1711.552924757366;20683.592124267016;15.0;18.0;False;False;False;False;False;True;True;12.515167674172917
110;109;2016-04-01;1418.990975532196;20683.592124267016;15.0;18.0;False;False;False;False;False;True;True;15.29589403743588
110;109;2016-05-01;1428.4796045696144;20683.592124267016;15.0;18.0;False;False;False;False;False;True;True;16.96185797726271
110;109;2016-06-01;1815.8882845297844;20683.592124267016;15.0;18.0;False;False;False;False;False;True;True;19.401180382433072
110;109;2016-07-01;3518.657844225824;20683.592124267016;15.0;18.0;False;False;False;False;False;True;True;21.32305825008297
110;109;2016-08-01;3904.157675863746;20683.592124267016;15.0;18.0;False;False;False;False;False;True;True;20.742745780697103
110;109;2016-09-01;2118.835447481999;20683.592124267016;15.0;18.0;False;False;False;False;False;True;True;19.343314778472426
110;109;2016-10-01;1550.4048522548187;20683.592124267016;15.0;18.0;False;False;False;False;False;True;True;15.324236311387889
110;109;2016-11-01;1739.5932843247217;20683.592124267016;15.0;18.0;False;False;False;False;False;True;True;12.177426391472933
110;109;2016-12-01;2224.821891532496;20683.592124267016;15.0;18.0;False;False;False;False;False;True;True;9.090210333213026
110;109;2017-01-01;1692.356551805148;20683.592124267016;15.0;18.0;False;False;False;False;False;True;True;8.220158448422033
110;109;2017-02-01;1676.892205421903;20683.592124267016;15.0;18.0;False;False;False;False;False;True;True;11.089617159986588
110;109;2017-03-01;1388.235502411438;20683.592124267016;15.0;18.0;False;False;False;False;False;True;True;13.587104379909494
111;110;2015-06-01;4602.394031301228;14861.286072627408;15.0;18.0;False;False;False;False;False;False;True;19.39294481553273
111;110;2015-07-01;4952.674693541023;14861.286072627408;15.0;18.0;False;False;False;False;False;False;True;21.53785193429267
111;110;2015-08-01;3094.6013313072863;14861.286072627408;15.0;18.0;False;False;False;False;False;False;True;20.49907454866584
111;110;2015-09-01;4130.76338317619;14861.286072627408;15.0;18.0;False;False;False;False;False;False;True;17.621727802535418
111;110;2015-10-01;15024.172090034575;14861.286072627408;15.0;18.0;False;False;False;False;False;False;True;14.792289238072366
111;110;2015-11-01;21573.563391991807;14861.286072627408;15.0;18.0;False;False;False;False;False;False;True;12.474742852144688
111;110;2015-12-01;21108.932758653064;14861.286072627408;15.0;18.0;False;False;False;False;False;False;True;10.585770904643011
111;110;2016-01-01;24118.353382085126;14861.286072627408;15.0;18.0;False;False;False;False;False;False;True;10.044430381276952
111;110;2016-02-01;23490.17620920348;14861.286072627408;15.0;18.0;False;False;False;False;False;False;True;12.181250227658523
111;110;2016-03-01;19781.47676245855;14861.286072627408;15.0;18.0;False;False;False;False;False;False;True;12.515167674172917
111;110;2016-04-01;10755.141020774445;14861.286072627408;15.0;18.0;False;False;False;False;False;False;True;15.29589403743588
111;110;2016-05-01;10283.70162634728;14861.286072627408;15.0;18.0;False;False;False;False;False;False;True;16.96185797726271
112;110;2016-07-01;9385.061662389897;14861.286072627408;15.0;18.0;False;False;False;False;False;False;True;21.32305825008297
112;110;2016-08-01;6946.994471813154;14861.286072627408;15.0;18.0;False;False;False;False;False;False;True;20.742745780697103
112;110;2016-09-01;7889.282348227016;14861.286072627408;15.0;18.0;False;False;False;False;False;False;True;19.343314778472426
112;110;2016-10-01;14705.99195327796;14861.286072627408;15.0;18.0;False;False;False;False;False;False;True;15.324236311387889
113;111;2015-02-01;369537.4136740857;16620.931716549676;15.0;18.0;False;False;False;False;False;True;True;8.827408379093514
113;111;2015-03-01;339431.2216882388;16620.931716549676;15.0;18.0;False;False;False;False;False;True;True;12.60792026996771
113;111;2015-04-01;290174.2262276822;16620.931716549676;15.0;18.0;False;False;False;False;False;True;True;14.895697905434822
113;111;2015-05-01;327254.7860489344;16620.931716549676;15.0;18.0;False;False;False;False;False;True;True;17.141654142366107
113;111;2015-06-01;241817.9736912176;16620.931716549676;15.0;18.0;False;False;False;False;False;True;True;19.39294481553273
113;111;2015-07-01;149994.1638495735;16620.931716549676;15.0;18.0;False;False;False;False;False;True;True;21.53785193429267
113;111;2015-08-01;136266.08077047684;16620.931716549676;15.0;18.0;False;False;False;False;False;True;True;20.49907454866584
113;111;2015-09-01;284775.0151811283;16620.931716549676;15.0;18.0;False;False;False;False;False;True;True;17.621727802535418
113;111;2015-10-01;350188.86615741975;16620.931716549676;15.0;18.0;False;False;False;False;False;True;True;14.792289238072366
113;111;2015-11-01;340634.3830935811;16620.931716549676;15.0;18.0;False;False;False;False;False;True;True;12.474742852144688
113;111;2015-12-01;289818.09122188215;16620.931716549676;15.0;18.0;False;False;False;False;False;True;True;10.585770904643011
113;111;2016-01-01;333253.81774574745;16620.931716549676;15.0;18.0;False;False;False;False;False;True;True;10.044430381276952
113;111;2016-02-01;381077.943426521;16620.931716549676;15.0;18.0;False;False;False;False;False;True;True;12.181250227658523
114;111;2016-04-01;319221.88749387383;16620.931716549676;15.0;18.0;False;False;False;False;False;True;True;15.29589403743588
114;111;2016-05-01;325482.3991548787;16620.931716549676;15.0;18.0;False;False;False;False;False;True;True;16.96185797726271
114;111;2016-06-01;226276.2917813902;16620.931716549676;15.0;18.0;False;False;False;False;False;True;True;19.401180382433072
114;111;2016-07-01;228889.1654624864;16620.931716549676;15.0;18.0;False;False;False;False;False;True;True;21.32305825008297
115;112;2014-09-01;1733.8062614615894;8554.793630982167;15.0;18.0;False;False;False;False;False;True;True;16.227282433689336
115;112;2014-10-01;1846.3188536501764;8554.793630982167;15.0;18.0;False;False;False;False;False;True;True;14.53081529820492
115;112;2014-11-01;1971.5448008556705;8554.793630982167;15.0;18.0;False;False;False;False;False;True;True;12.603836181081192
115;112;2014-12-01;1828.3341143597952;8554.793630982167;15.0;18.0;False;False;False;False;False;True;True;9.994714275622268
115;112;2015-01-01;1935.6010859376904;8554.793630982167;15.0;18.0;False;False;False;False;False;True;True;9.817247733789548
115;112;2015-02-01;1865.982289975289;8554.793630982167;15.0;18.0;False;False;False;False;False;True;True;8.827408379093514
115;112;2015-03-01;1821.0865353366264;8554.793630982167;15.0;18.0;False;False;False;False;False;True;True;12.60792026996771
115;112;2015-04-01;1727.0961971864106;8554.793630982167;15.0;18.0;False;False;False;False;False;True;True;14.895697905434822
115;112;2015-05-01;1929.136071910768;8554.793630982167;15.0;18.0;False;False;False;False;False;True;True;17.141654142366107
115;112;2015-06-01;1650.775577510169;8554.793630982167;15.0;18.0;False;False;False;False;False;True;True;19.39294481553273
115;112;2015-07-01;1538.16384729256;8554.793630982167;15.0;18.0;False;False;False;False;False;True;True;21.53785193429267
115;112;2015-08-01;1071.1532022127255;8554.793630982167;15.0;18.0;False;False;False;False;False;True;True;20.49907454866584
115;112;2015-09-01;1236.0087150911222;8554.793630982167;15.0;18.0;False;False;False;False;False;True;True;17.621727802535418
115;112;2015-10-01;1718.1609304922358;8554.793630982167;15.0;18.0;False;False;False;False;False;True;True;14.792289238072366
115;112;2015-11-01;1798.6832383739263;8554.793630982167;15.0;18.0;False;False;False;False;False;True;True;12.474742852144688
115;112;2015-12-01;1433.2363479758644;8554.793630982167;15.0;18.0;False;False;False;False;False;True;True;10.585770904643011
115;112;2016-01-01;1296.4418442899805;8554.793630982167;15.0;18.0;False;False;False;False;False;True;True;10.044430381276952
115;112;2016-02-01;1568.519388880249;8554.793630982167;15.0;18.0;False;False;False;False;False;True;True;12.181250227658523
115;112;2016-03-01;1503.6107382931;8554.793630982167;15.0;18.0;False;False;False;False;False;True;True;12.515167674172917
115;112;2016-04-01;1708.1997012073775;8554.793630982167;15.0;18.0;False;False;False;False;False;True;True;15.29589403743588
115;112;2016-05-01;1797.738955318015;8554.793630982167;15.0;18.0;False;False;False;False;False;True;True;16.96185797726271
115;112;2016-06-01;1715.8481725692614;8554.793630982167;15.0;18.0;False;False;False;False;False;True;True;19.401180382433072
115;112;2016-07-01;;8554.793630982167;15.0;18.0;False;False;False;False;False;True;True;21.32305825008297
116;115;2014-06-01;51771.63600756034;215.871986374259;15.0;18.0;False;False;False;False;False;False;False;17.60630221210198
116;115;2014-07-01;51083.04072627913;215.871986374259;15.0;18.0;False;False;False;False;False;False;False;17.02814087022849
116;115;2014-08-01;50472.21961421659;215.871986374259;15.0;18.0;False;False;False;False;False;False;False;16.768820314896253
116;115;2014-09-01;51022.02722823094;215.871986374259;15.0;18.0;False;False;False;False;False;False;False;16.227282433689336
116;115;2014-10-01;49944.6824475145;215.871986374259;15.0;18.0;False;False;False;False;False;False;False;14.53081529820492
116;115;2014-11-01;48040.16568567544;215.871986374259;15.0;18.0;False;False;False;False;False;False;False;12.603836181081192
116;115;2014-12-01;45841.31577318379;215.871986374259;15.0;18.0;False;False;False;False;False;False;False;9.994714275622268
116;115;2015-01-01;44856.562835890094;215.871986374259;15.0;18.0;False;False;False;False;False;False;False;9.817247733789548
116;115;2015-02-01;46721.44147978648;215.871986374259;15.0;18.0;False;False;False;False;False;False;False;8.827408379093514
116;115;2015-03-01;49295.09049481565;215.871986374259;15.0;18.0;False;False;False;False;False;False;False;12.60792026996771
116;115;2015-04-01;50674.84741367172;215.871986374259;15.0;18.0;False;False;False;False;False;False;False;14.895697905434822
116;115;2015-05-01;52179.26801927237;215.871986374259;15.0;18.0;False;False;False;False;False;False;False;17.141654142366107
116;115;2015-06-01;53550.56703177433;215.871986374259;15.0;18.0;False;False;False;False;False;False;False;19.39294481553273
116;115;2015-07-01;56483.13010147734;215.871986374259;15.0;18.0;False;False;False;False;False;False;False;21.53785193429267
116;115;2015-08-01;54262.40534041391;215.871986374259;15.0;18.0;False;False;False;False;False;False;False;20.49907454866584
116;115;2015-09-01;52557.66105758448;215.871986374259;15.0;18.0;False;False;False;False;False;False;False;17.621727802535418
116;115;2015-10-01;50919.90829830437;215.871986374259;15.0;18.0;False;False;False;False;False;False;False;14.792289238072366
116;115;2015-11-01;49877.76587951602;215.871986374259;15.0;18.0;False;False;False;False;False;False;False;12.474742852144688
116;115;2015-12-01;48193.08782227188;215.871986374259;15.0;18.0;False;False;False;False;False;False;False;10.585770904643011
116;115;2016-01-01;45262.39904120311;215.871986374259;15.0;18.0;False;False;False;False;False;False;False;10.044430381276952
116;115;2016-02-01;48804.50260728213;215.871986374259;15.0;18.0;False;False;False;False;False;False;False;12.181250227658523
116;115;2016-03-01;50007.50097068276;215.871986374259;15.0;18.0;False;False;False;False;False;False;False;12.515167674172917
116;115;2016-04-01;51862.72818176884;215.871986374259;15.0;18.0;False;False;False;False;False;False;False;15.29589403743588
116;115;2016-05-01;51659.69479414471;215.871986374259;15.0;18.0;False;False;False;False;False;False;False;16.96185797726271
116;115;2016-06-01;52552.51053015317;215.871986374259;15.0;18.0;False;False;False;False;False;False;False;19.401180382433072
116;115;2016-07-01;55099.32140988938;215.871986374259;15.0;18.0;False;False;False;False;False;False;False;21.32305825008297
116;115;2016-08-01;54924.92114535239;215.871986374259;15.0;18.0;False;False;False;False;False;False;False;20.742745780697103
116;115;2016-09-01;54200.96407176003;215.871986374259;15.0;18.0;False;False;False;False;False;False;False;19.343314778472426
116;115;2016-10-01;53368.67861839343;215.871986374259;15.0;18.0;False;False;False;False;False;False;False;15.324236311387889
116;115;2016-11-01;51230.04197046188;215.871986374259;15.0;18.0;False;False;False;False;False;False;False;12.177426391472933
116;115;2016-12-01;49858.91871886059;215.871986374259;15.0;18.0;False;False;False;False;False;False;False;9.090210333213026
117;116;2015-11-01;2126465.544217732;14251.475104977144;15.0;18.0;False;False;False;False;False;False;False;12.474742852144688
117;116;2015-12-01;2109745.8474643184;14251.475104977144;15.0;18.0;False;False;False;False;False;False;False;10.585770904643011
117;116;2016-01-01;2108191.5278412043;14251.475104977144;15.0;18.0;False;False;False;False;False;False;False;10.044430381276952
117;116;2016-02-01;2154302.0625623795;14251.475104977144;15.0;18.0;False;False;False;False;False;False;False;12.181250227658523
117;116;2016-03-01;2191176.531400613;14251.475104977144;15.0;18.0;False;False;False;False;False;False;False;12.515167674172917
117;116;2016-04-01;2189189.735985284;14251.475104977144;15.0;18.0;False;False;False;False;False;False;False;15.29589403743588
117;116;2016-05-01;2221575.92563926;14251.475104977144;15.0;18.0;False;False;False;False;False;False;False;16.96185797726271
117;116;2016-06-01;2222706.773426717;14251.475104977144;15.0;18.0;False;False;False;False;False;False;False;19.401180382433072
117;116;2016-07-01;2268646.99929502;14251.475104977144;15.0;18.0;False;False;False;False;False;False;False;21.32305825008297
117;116;2016-08-01;2246340.3749913806;14251.475104977144;15.0;18.0;False;False;False;False;False;False;False;20.742745780697103
117;116;2016-09-01;2251606.078958884;14251.475104977144;15.0;18.0;False;False;False;False;False;False;False;19.343314778472426
117;116;2016-10-01;2274456.403955066;14251.475104977144;15.0;18.0;False;False;False;False;False;False;False;15.324236311387889
117;116;2016-11-01;2252725.3770195;14251.475104977144;15.0;18.0;False;False;False;False;False;False;False;12.177426391472933
118;116;2017-01-01;2297195.8724764143;14251.475104977144;15.0;18.0;False;False;False;False;False;False;False;8.220158448422033
118;116;2017-02-01;2308425.8674663543;14251.475104977144;15.0;18.0;False;False;False;False;False;False;False;11.089617159986588
118;116;2017-03-01;2317542.8218504097;14251.475104977144;15.0;18.0;False;False;False;False;False;False;False;13.587104379909494
118;116;2017-04-01;2325710.1812573806;14251.475104977144;15.0;18.0;False;False;False;False;False;False;False;14.894739608181292
119;117;2015-11-01;1087046.6308207898;18772.751947399232;15.0;18.0;False;False;False;False;False;False;False;12.474742852144688
119;117;2015-12-01;625942.0288813716;18772.751947399232;15.0;18.0;False;False;False;False;False;False;False;10.585770904643011
119;117;2016-01-01;255732.86222893524;18772.751947399232;15.0;18.0;False;False;False;False;False;False;False;10.044430381276952
119;117;2016-02-01;468409.7340564021;18772.751947399232;15.0;18.0;False;False;False;False;False;False;False;12.181250227658523
119;117;2016-03-01;733742.8344513673;18772.751947399232;15.0;18.0;False;False;False;False;False;False;False;12.515167674172917
119;117;2016-04-01;1152524.4228055454;18772.751947399232;15.0;18.0;False;False;False;False;False;False;False;15.29589403743588
119;117;2016-05-01;1325915.1515497724;18772.751947399232;15.0;18.0;False;False;False;False;False;False;False;16.96185797726271
119;117;2016-06-01;1002887.6050668576;18772.751947399232;15.0;18.0;False;False;False;False;False;False;False;19.401180382433072
119;117;2016-07-01;1346802.1160697732;18772.751947399232;15.0;18.0;False;False;False;False;False;False;False;21.32305825008297
119;117;2016-08-01;1036031.0387315224;18772.751947399232;15.0;18.0;False;False;False;False;False;False;False;20.742745780697103
119;117;2016-09-01;1055913.965359538;18772.751947399232;15.0;18.0;False;False;False;False;False;False;False;19.343314778472426
119;117;2016-10-01;1121784.1572654853;18772.751947399232;15.0;18.0;False;False;False;False;False;False;False;15.324236311387889
119;117;2016-11-01;889870.3340823383;18772.751947399232;15.0;18.0;False;False;False;False;False;False;False;12.177426391472933
119;117;2016-12-01;508013.79355047137;18772.751947399232;15.0;18.0;False;False;False;False;False;False;False;9.090210333213026
119;117;2017-01-01;663233.3941529046;18772.751947399232;15.0;18.0;False;False;False;False;False;False;False;8.220158448422033
119;117;2017-02-01;661388.1187375766;18772.751947399232;15.0;18.0;False;False;False;False;False;False;False;11.089617159986588
119;117;2017-03-01;724467.8034711506;18772.751947399232;15.0;18.0;False;False;False;False;False;False;False;13.587104379909494
119;117;2017-04-01;1199312.902119556;18772.751947399232;15.0;18.0;False;False;False;False;False;False;False;14.894739608181292
119;117;2017-05-01;1157789.0711906871;18772.751947399232;15.0;18.0;False;False;False;False;False;False;False;17.435992917198842
119;117;2017-06-01;1382837.173988962;18772.751947399232;15.0;18.0;False;False;False;False;False;False;False;20.887620035041337
119;117;2017-07-01;1394184.6646277308;18772.751947399232;15.0;18.0;False;False;False;False;False;False;False;21.37875162596229
119;117;2017-08-01;1268640.1309235636;18772.751947399232;15.0;18.0;False;False;False;False;False;False;False;22.11828355029739
119;117;2017-09-01;1360071.4872119424;18772.751947399232;15.0;18.0;False;False;False;False;False;False;False;18.007116473367873
120;118;2014-08-01;1682918.9805480333;6027.921056374908;15.0;18.0;False;False;False;False;False;True;True;16.768820314896253
120;118;2014-09-01;3295725.777014293;6027.921056374908;15.0;18.0;False;False;False;False;False;True;True;16.227282433689336
120;118;2014-10-01;3264972.251468756;6027.921056374908;15.0;18.0;False;False;False;False;False;True;True;14.53081529820492
120;118;2014-11-01;3486624.888020451;6027.921056374908;15.0;18.0;False;False;False;False;False;True;True;12.603836181081192
120;118;2014-12-01;2921916.2396779386;6027.921056374908;15.0;18.0;False;False;False;False;False;True;True;9.994714275622268
120;118;2015-01-01;2632893.539991135;6027.921056374908;15.0;18.0;False;False;False;False;False;True;True;9.817247733789548
120;118;2015-02-01;3084751.598852303;6027.921056374908;15.0;18.0;False;False;False;False;False;True;True;8.827408379093514
120;118;2015-03-01;3206522.830925349;6027.921056374908;15.0;18.0;False;False;False;False;False;True;True;12.60792026996771
120;118;2015-04-01;3186371.6285686432;6027.921056374908;15.0;18.0;False;False;False;False;False;True;True;14.895697905434822
120;118;2015-05-01;2986537.133300942;6027.921056374908;15.0;18.0;False;False;False;False;False;True;True;17.141654142366107
120;118;2015-06-01;3386968.417707742;6027.921056374908;15.0;18.0;False;False;False;False;False;True;True;19.39294481553273
120;118;2015-07-01;3997219.576508688;6027.921056374908;15.0;18.0;False;False;False;False;False;True;True;21.53785193429267
120;118;2015-08-01;2813343.7805299764;6027.921056374908;15.0;18.0;False;False;False;False;False;True;True;20.49907454866584
121;118;2015-10-01;3342606.551631674;6027.921056374908;15.0;18.0;False;False;False;False;False;True;True;14.792289238072366
121;118;2015-11-01;3655378.421718997;6027.921056374908;15.0;18.0;False;False;False;False;False;True;True;12.474742852144688
121;118;2015-12-01;3236746.7742990344;6027.921056374908;15.0;18.0;False;False;False;False;False;True;True;10.585770904643011
121;118;2016-01-01;1031575.0839054089;6027.921056374908;15.0;18.0;False;False;False;False;False;True;True;10.044430381276952
122;119;2014-12-01;2058.64390019052;18648.46451057064;15.0;18.0;False;False;False;False;False;True;True;9.994714275622268
122;119;2015-01-01;1964.9670785974788;18648.46451057064;15.0;18.0;False;False;False;False;False;True;True;9.817247733789548
122;119;2015-02-01;1924.5653241627683;18648.46451057064;15.0;18.0;False;False;False;False;False;True;True;8.827408379093514
122;119;2015-03-01;2002.5069462076824;18648.46451057064;15.0;18.0;False;False;False;False;False;True;True;12.60792026996771
122;119;2015-04-01;2855.7612972830325;18648.46451057064;15.0;18.0;False;False;False;False;False;True;True;14.895697905434822
122;119;2015-05-01;3022.817105573213;18648.46451057064;15.0;18.0;False;False;False;False;False;True;True;17.141654142366107
122;119;2015-06-01;3185.48128988324;18648.46451057064;15.0;18.0;False;False;False;False;False;True;True;19.39294481553273
122;119;2015-07-01;3124.72873234187;18648.46451057064;15.0;18.0;False;False;False;False;False;True;True;21.53785193429267
122;119;2015-08-01;3148.5602165541404;18648.46451057064;15.0;18.0;False;False;False;False;False;True;True;20.49907454866584
122;119;2015-09-01;3142.868625253799;18648.46451057064;15.0;18.0;False;False;False;False;False;True;True;17.621727802535418
122;119;2015-10-01;3388.475126659142;18648.46451057064;15.0;18.0;False;False;False;False;False;True;True;14.792289238072366
122;119;2015-11-01;3373.8127663090963;18648.46451057064;15.0;18.0;False;False;False;False;False;True;True;12.474742852144688
122;119;2015-12-01;3517.1366340571853;18648.46451057064;15.0;18.0;False;False;False;False;False;True;True;10.585770904643011
122;119;2016-01-01;3605.8399823376135;18648.46451057064;15.0;18.0;False;False;False;False;False;True;True;10.044430381276952
122;119;2016-02-01;3610.28243078218;18648.46451057064;15.0;18.0;False;False;False;False;False;True;True;12.181250227658523
122;119;2016-03-01;3583.114762574074;18648.46451057064;15.0;18.0;False;False;False;False;False;True;True;12.515167674172917
122;119;2016-04-01;3620.591366881064;18648.46451057064;15.0;18.0;False;False;False;False;False;True;True;15.29589403743588
122;119;2016-05-01;3669.7336953589793;18648.46451057064;15.0;18.0;False;False;False;False;False;True;True;16.96185797726271
122;119;2016-06-01;3700.529130893412;18648.46451057064;15.0;18.0;False;False;False;False;False;True;True;19.401180382433072
122;119;2016-07-01;3732.001310740645;18648.46451057064;15.0;18.0;False;False;False;False;False;True;True;21.32305825008297
122;119;2016-08-01;3733.653844032751;18648.46451057064;15.0;18.0;False;False;False;False;False;True;True;20.742745780697103
122;119;2016-09-01;3741.5187411248;18648.46451057064;15.0;18.0;False;False;False;False;False;True;True;19.343314778472426
122;119;2016-10-01;3723.300509594572;18648.46451057064;15.0;18.0;False;False;False;False;False;True;True;15.324236311387889
122;119;2016-11-01;3564.1759416395644;18648.46451057064;15.0;18.0;False;False;False;False;False;True;True;12.177426391472933
122;119;2016-12-01;3857.6326478683327;18648.46451057064;15.0;18.0;False;False;False;False;False;True;True;9.090210333213026
122;119;2017-01-01;3982.298498924082;18648.46451057064;15.0;18.0;False;False;False;False;False;True;True;8.220158448422033
122;119;2017-02-01;4126.214298697086;18648.46451057064;15.0;18.0;False;False;False;False;False;True;True;11.089617159986588
122;119;2017-03-01;4133.742125494319;18648.46451057064;15.0;18.0;False;False;False;False;False;True;True;13.587104379909494
123;120;2014-01-01;14748.825501097006;8793.378373174928;15.0;18.0;False;False;False;False;False;True;True;11.1431840880552
123;120;2014-02-01;14074.846476979685;8793.378373174928;15.0;18.0;False;False;False;False;False;True;True;12.204535957921411
123;120;2014-03-01;13898.225773987204;8793.378373174928;15.0;18.0;False;False;False;False;False;True;True;13.182095292577824
123;120;2014-04-01;11631.101668761385;8793.378373174928;15.0;18.0;False;False;False;False;False;True;True;15.084608638230538
123;120;2014-05-01;11898.054883432167;8793.378373174928;15.0;18.0;False;False;False;False;False;True;True;15.007417672450508
123;120;2014-06-01;11205.066673526282;8793.378373174928;15.0;18.0;False;False;False;False;False;True;True;17.60630221210198
123;120;2014-07-01;11099.57436313126;8793.378373174928;15.0;18.0;False;False;False;False;False;True;True;17.02814087022849
123;120;2014-08-01;8502.677313652337;8793.378373174928;15.0;18.0;False;False;False;False;False;True;True;16.768820314896253
123;120;2014-09-01;10326.378810783968;8793.378373174928;15.0;18.0;False;False;False;False;False;True;True;16.227282433689336
123;120;2014-10-01;10674.875714997328;8793.378373174928;15.0;18.0;False;False;False;False;False;True;True;14.53081529820492
123;120;2014-11-01;11214.6833608572;8793.378373174928;15.0;18.0;False;False;False;False;False;True;True;12.603836181081192
123;120;2014-12-01;10990.112259473915;8793.378373174928;15.0;18.0;False;False;False;False;False;True;True;9.994714275622268
123;120;2015-01-01;9802.394893077542;8793.378373174928;15.0;18.0;False;False;False;False;False;True;True;9.817247733789548
123;120;2015-02-01;10209.235296505798;8793.378373174928;15.0;18.0;False;False;False;False;False;True;True;8.827408379093514
123;120;2015-03-01;10057.790238044116;8793.378373174928;15.0;18.0;False;False;False;False;False;True;True;12.60792026996771
123;120;2015-04-01;8937.628616266735;8793.378373174928;15.0;18.0;False;False;False;False;False;True;True;14.895697905434822
123;120;2015-05-01;8127.556970122454;8793.378373174928;15.0;18.0;False;False;False;False;False;True;True;17.141654142366107
123;120;2015-06-01;7708.961391924142;8793.378373174928;15.0;18.0;False;False;False;False;False;True;True;19.39294481553273
123;120;2015-07-01;8696.777783791307;8793.378373174928;15.0;18.0;False;False;False;False;False;True;True;21.53785193429267
123;120;2015-08-01;8150.288430742325;8793.378373174928;15.0;18.0;False;False;False;False;False;True;True;20.49907454866584
123;120;2015-09-01;10275.068797153122;8793.378373174928;15.0;18.0;False;False;False;False;False;True;True;17.621727802535418
123;120;2015-10-01;12678.42052333328;8793.378373174928;15.0;18.0;False;False;False;False;False;True;True;14.792289238072366
123;120;2015-11-01;12049.575038054543;8793.378373174928;15.0;18.0;False;False;False;False;False;True;True;12.474742852144688
123;120;2015-12-01;11690.28554388669;8793.378373174928;15.0;18.0;False;False;False;False;False;True;True;10.585770904643011
123;120;2016-01-01;9936.183557482733;8793.378373174928;15.0;18.0;False;False;False;False;False;True;True;10.044430381276952
123;120;2016-02-01;9701.552012667851;8793.378373174928;15.0;18.0;False;False;False;False;False;True;True;12.181250227658523
123;120;2016-03-01;10398.596317340338;8793.378373174928;15.0;18.0;False;False;False;False;False;True;True;12.515167674172917
123;120;2016-04-01;10077.360425607989;8793.378373174928;15.0;18.0;False;False;False;False;False;True;True;15.29589403743588
123;120;2016-05-01;9719.012910626316;8793.378373174928;15.0;18.0;False;False;False;False;False;True;True;16.96185797726271
124;121;2014-01-01;3172.607049203093;2381.057123793289;15.0;18.0;False;False;False;False;False;True;True;11.1431840880552
124;121;2014-02-01;2052.463938771874;2381.057123793289;15.0;18.0;False;False;False;False;False;True;True;12.204535957921411
124;121;2014-03-01;1707.9340952998998;2381.057123793289;15.0;18.0;False;False;False;False;False;True;True;13.182095292577824
124;121;2014-04-01;1561.5379139784357;2381.057123793289;15.0;18.0;False;False;False;False;False;True;True;15.084608638230538
124;121;2014-05-01;2178.3170796402524;2381.057123793289;15.0;18.0;False;False;False;False;False;True;True;15.007417672450508
124;121;2014-06-01;4210.896547819747;2381.057123793289;15.0;18.0;False;False;False;False;False;True;True;17.60630221210198
124;121;2014-07-01;4393.5378943183605;2381.057123793289;15.0;18.0;False;False;False;False;False;True;True;17.02814087022849
124;121;2014-08-01;4029.05975822316;2381.057123793289;15.0;18.0;False;False;False;False;False;True;True;16.768820314896253
124;121;2014-09-01;3833.06973164961;2381.057123793289;15.0;18.0;False;False;False;False;False;True;True;16.227282433689336
124;121;2014-10-01;2741.0977208259687;2381.057123793289;15.0;18.0;False;False;False;False;False;True;True;14.53081529820492
124;121;2014-11-01;1319.7154832583446;2381.057123793289;15.0;18.0;False;False;False;False;False;True;True;12.603836181081192
124;121;2014-12-01;2387.0606548566752;2381.057123793289;15.0;18.0;False;False;False;False;False;True;True;9.994714275622268
124;121;2015-01-01;2966.1379532693613;2381.057123793289;15.0;18.0;False;False;False;False;False;True;True;9.817247733789548
124;121;2015-02-01;3115.209933914492;2381.057123793289;15.0;18.0;False;False;False;False;False;True;True;8.827408379093514
124;121;2015-03-01;1458.2678106200171;2381.057123793289;15.0;18.0;False;False;False;False;False;True;True;12.60792026996771
124;121;2015-04-01;3693.463482535836;2381.057123793289;15.0;18.0;False;False;False;False;False;True;True;14.895697905434822
124;121;2015-05-01;3696.425125206122;2381.057123793289;15.0;18.0;False;False;False;False;False;True;True;17.141654142366107
124;121;2015-06-01;4874.061180660255;2381.057123793289;15.0;18.0;False;False;False;False;False;True;True;19.39294481553273
124;121;2015-07-01;6758.216834580218;2381.057123793289;15.0;18.0;False;False;False;False;False;True;True;21.53785193429267
124;121;2015-08-01;6617.897264296326;2381.057123793289;15.0;18.0;False;False;False;False;False;True;True;20.49907454866584
124;121;2015-09-01;4854.591734864163;2381.057123793289;15.0;18.0;False;False;False;False;False;True;True;17.621727802535418
124;121;2015-10-01;2725.3427585822405;2381.057123793289;15.0;18.0;False;False;False;False;False;True;True;14.792289238072366
124;121;2015-11-01;2120.526992736384;2381.057123793289;15.0;18.0;False;False;False;False;False;True;True;12.474742852144688
124;121;2015-12-01;2916.41457388231;2381.057123793289;15.0;18.0;False;False;False;False;False;True;True;10.585770904643011
124;121;2016-01-01;3488.50519736743;2381.057123793289;15.0;18.0;False;False;False;False;False;True;True;10.044430381276952
124;121;2016-02-01;1891.3182455525748;2381.057123793289;15.0;18.0;False;False;False;False;False;True;True;12.181250227658523
124;121;2016-03-01;1919.079111033464;2381.057123793289;15.0;18.0;False;False;False;False;False;True;True;12.515167674172917
124;121;2016-04-01;1907.758506750466;2381.057123793289;15.0;18.0;False;False;False;False;False;True;True;15.29589403743588
124;121;2016-05-01;1824.538475154825;2381.057123793289;15.0;18.0;False;False;False;False;False;True;True;16.96185797726271
124;121;2016-06-01;3827.392911728928;2381.057123793289;15.0;18.0;False;False;False;False;False;True;True;19.401180382433072
124;121;2016-07-01;5446.779355097441;2381.057123793289;15.0;18.0;False;False;False;False;False;True;True;21.32305825008297
124;121;2016-08-01;5096.998969550251;2381.057123793289;15.0;18.0;False;False;False;False;False;True;True;20.742745780697103
124;121;2016-09-01;4514.634253471333;2381.057123793289;15.0;18.0;False;False;False;False;False;True;True;19.343314778472426
124;121;2016-10-01;2409.560804013832;2381.057123793289;15.0;18.0;False;False;False;False;False;True;True;15.324236311387889
124;121;2016-11-01;2076.109730990476;2381.057123793289;15.0;18.0;False;False;False;False;False;True;True;12.177426391472933
124;121;2016-12-01;2458.611250373709;2381.057123793289;15.0;18.0;False;False;False;False;False;True;True;9.090210333213026
124;121;2017-01-01;2885.950407001721;2381.057123793289;15.0;18.0;False;False;False;False;False;True;True;8.220158448422033
124;121;2017-02-01;2206.627652230001;2381.057123793289;15.0;18.0;False;False;False;False;False;True;True;11.089617159986588
125;122;2014-01-01;3051.181565126597;6843.612339842948;15.0;18.0;False;False;False;False;False;True;True;11.1431840880552
125;122;2014-02-01;2936.2625125145105;6843.612339842948;15.0;18.0;False;False;False;False;False;True;True;12.204535957921411
125;122;2014-03-01;2887.236200666004;6843.612339842948;15.0;18.0;False;False;False;False;False;True;True;13.182095292577824
125;122;2014-04-01;2936.0610208815488;6843.612339842948;15.0;18.0;False;False;False;False;False;True;True;15.084608638230538
125;122;2014-05-01;2730.9604704624626;6843.612339842948;15.0;18.0;False;False;False;False;False;True;True;15.007417672450508
125;122;2014-06-01;2977.6578733728948;6843.612339842948;15.0;18.0;False;False;False;False;False;True;True;17.60630221210198
125;122;2014-07-01;2927.0805290989133;6843.612339842948;15.0;18.0;False;False;False;False;False;True;True;17.02814087022849
125;122;2014-08-01;2887.0603732692343;6843.612339842948;15.0;18.0;False;False;False;False;False;True;True;16.768820314896253
125;122;2014-09-01;2749.412604492655;6843.612339842948;15.0;18.0;False;False;False;False;False;True;True;16.227282433689336
125;122;2014-10-01;2697.3503945046737;6843.612339842948;15.0;18.0;False;False;False;False;False;True;True;14.53081529820492
125;122;2014-11-01;3205.1016174292827;6843.612339842948;15.0;18.0;False;False;False;False;False;True;True;12.603836181081192
125;122;2014-12-01;3398.59874630661;6843.612339842948;15.0;18.0;False;False;False;False;False;True;True;9.994714275622268
125;122;2015-01-01;2644.563879333663;6843.612339842948;15.0;18.0;False;False;False;False;False;True;True;9.817247733789548
125;122;2015-02-01;2967.022505417451;6843.612339842948;15.0;18.0;False;False;False;False;False;True;True;8.827408379093514
125;122;2015-03-01;2458.6050235569314;6843.612339842948;15.0;18.0;False;False;False;False;False;True;True;12.60792026996771
125;122;2015-04-01;2372.5350121217243;6843.612339842948;15.0;18.0;False;False;False;False;False;True;True;14.895697905434822
125;122;2015-05-01;2476.05004474397;6843.612339842948;15.0;18.0;False;False;False;False;False;True;True;17.141654142366107
125;122;2015-06-01;2422.183644343234;6843.612339842948;15.0;18.0;False;False;False;False;False;True;True;19.39294481553273
125;122;2015-07-01;2048.572643457261;6843.612339842948;15.0;18.0;False;False;False;False;False;True;True;21.53785193429267
125;122;2015-08-01;2098.9090633316405;6843.612339842948;15.0;18.0;False;False;False;False;False;True;True;20.49907454866584
125;122;2015-09-01;2638.711281678461;6843.612339842948;15.0;18.0;False;False;False;False;False;True;True;17.621727802535418
125;122;2015-10-01;3348.04925162458;6843.612339842948;15.0;18.0;False;False;False;False;False;True;True;14.792289238072366
125;122;2015-11-01;3067.7284013133203;6843.612339842948;15.0;18.0;False;False;False;False;False;True;True;12.474742852144688
125;122;2015-12-01;3214.6345665614167;6843.612339842948;15.0;18.0;False;False;False;False;False;True;True;10.585770904643011
125;122;2016-01-01;3270.911449793917;6843.612339842948;15.0;18.0;False;False;False;False;False;True;True;10.044430381276952
125;122;2016-02-01;3257.1409296326733;6843.612339842948;15.0;18.0;False;False;False;False;False;True;True;12.181250227658523
125;122;2016-03-01;3266.3630855093984;6843.612339842948;15.0;18.0;False;False;False;False;False;True;True;12.515167674172917
125;122;2016-04-01;3182.364846975647;6843.612339842948;15.0;18.0;False;False;False;False;False;True;True;15.29589403743588
125;122;2016-05-01;3144.7211767442946;6843.612339842948;15.0;18.0;False;False;False;False;False;True;True;16.96185797726271
125;122;2016-06-01;3167.448348797073;6843.612339842948;15.0;18.0;False;False;False;False;False;True;True;19.401180382433072
125;122;2016-07-01;3141.861363284316;6843.612339842948;15.0;18.0;False;False;False;False;False;True;True;21.32305825008297
125;122;2016-08-01;3088.0343839889047;6843.612339842948;15.0;18.0;False;False;False;False;False;True;True;20.742745780697103
125;122;2016-09-01;3119.7494960846243;6843.612339842948;15.0;18.0;False;False;False;False;False;True;True;19.343314778472426
125;122;2016-10-01;3354.6466985212323;6843.612339842948;15.0;18.0;False;False;False;False;False;True;True;15.324236311387889
125;122;2016-11-01;3225.221822326432;6843.612339842948;15.0;18.0;False;False;False;False;False;True;True;12.177426391472933
125;122;2016-12-01;3054.017673948486;6843.612339842948;15.0;18.0;False;False;False;False;False;True;True;9.090210333213026
125;122;2017-01-01;3192.6634377724668;6843.612339842948;15.0;18.0;False;False;False;False;False;True;True;8.220158448422033
125;122;2017-02-01;3111.2485847182243;6843.612339842948;15.0;18.0;False;False;False;False;False;True;True;11.089617159986588
126;123;2014-01-01;122.70221952717252;5470.205017883332;15.0;18.0;False;False;False;False;False;True;True;11.1431840880552
126;123;2014-02-01;122.74080097745366;5470.205017883332;15.0;18.0;False;False;False;False;False;True;True;12.204535957921411
126;123;2014-03-01;122.8726287315006;5470.205017883332;15.0;18.0;False;False;False;False;False;True;True;13.182095292577824
126;123;2014-04-01;122.70565866709978;5470.205017883332;15.0;18.0;False;False;False;False;False;True;True;15.084608638230538
126;123;2014-05-01;122.84416283267612;5470.205017883332;15.0;18.0;False;False;False;False;False;True;True;15.007417672450508
126;123;2014-06-01;3834.0048198008194;5470.205017883332;15.0;18.0;False;False;False;False;False;True;True;17.60630221210198
126;123;2014-07-01;7880.69277463824;5470.205017883332;15.0;18.0;False;False;False;False;False;True;True;17.02814087022849
126;123;2014-08-01;7410.101077912551;5470.205017883332;15.0;18.0;False;False;False;False;False;True;True;16.768820314896253
126;123;2014-09-01;5796.977926765111;5470.205017883332;15.0;18.0;False;False;False;False;False;True;True;16.227282433689336
126;123;2014-10-01;4220.506852699499;5470.205017883332;15.0;18.0;False;False;False;False;False;True;True;14.53081529820492
126;123;2014-11-01;3486.6680861936507;5470.205017883332;15.0;18.0;False;False;False;False;False;True;True;12.603836181081192
126;123;2014-12-01;3311.163329982661;5470.205017883332;15.0;18.0;False;False;False;False;False;True;True;9.994714275622268
126;123;2015-01-01;3739.560010362765;5470.205017883332;15.0;18.0;False;False;False;False;False;True;True;9.817247733789548
126;123;2015-02-01;8322.915488354169;5470.205017883332;15.0;18.0;False;False;False;False;False;True;True;8.827408379093514
126;123;2015-03-01;4522.493551769923;5470.205017883332;15.0;18.0;False;False;False;False;False;True;True;12.60792026996771
126;123;2015-04-01;4669.0103760962165;5470.205017883332;15.0;18.0;False;False;False;False;False;True;True;14.895697905434822
126;123;2015-05-01;3715.532416012577;5470.205017883332;15.0;18.0;False;False;False;False;False;True;True;17.141654142366107
126;123;2015-06-01;7467.116095607885;5470.205017883332;15.0;18.0;False;False;False;False;False;True;True;19.39294481553273
126;123;2015-07-01;11081.38730304131;5470.205017883332;15.0;18.0;False;False;False;False;False;True;True;21.53785193429267
126;123;2015-08-01;10501.485772235945;5470.205017883332;15.0;18.0;False;False;False;False;False;True;True;20.49907454866584
126;123;2015-09-01;5856.113453828721;5470.205017883332;15.0;18.0;False;False;False;False;False;True;True;17.621727802535418
126;123;2015-10-01;4336.03544454702;5470.205017883332;15.0;18.0;False;False;False;False;False;True;True;14.792289238072366
126;123;2015-11-01;6333.998752367948;5470.205017883332;15.0;18.0;False;False;False;False;False;True;True;12.474742852144688
126;123;2015-12-01;6808.515130250512;5470.205017883332;15.0;18.0;False;False;False;False;False;True;True;10.585770904643011
126;123;2016-01-01;4173.03157848936;5470.205017883332;15.0;18.0;False;False;False;False;False;True;True;10.044430381276952
126;123;2016-02-01;4092.197500191583;5470.205017883332;15.0;18.0;False;False;False;False;False;True;True;12.181250227658523
126;123;2016-03-01;4207.256874697171;5470.205017883332;15.0;18.0;False;False;False;False;False;True;True;12.515167674172917
126;123;2016-04-01;4147.833586178186;5470.205017883332;15.0;18.0;False;False;False;False;False;True;True;15.29589403743588
126;123;2016-05-01;4131.130025329562;5470.205017883332;15.0;18.0;False;False;False;False;False;True;True;16.96185797726271
126;123;2016-06-01;4800.709997470366;5470.205017883332;15.0;18.0;False;False;False;False;False;True;True;19.401180382433072
126;123;2016-07-01;11686.701261217422;5470.205017883332;15.0;18.0;False;False;False;False;False;True;True;21.32305825008297
126;123;2016-08-01;10351.714909608325;5470.205017883332;15.0;18.0;False;False;False;False;False;True;True;20.742745780697103
126;123;2016-09-01;8582.003833707691;5470.205017883332;15.0;18.0;False;False;False;False;False;True;True;19.343314778472426
126;123;2016-10-01;4368.715663862786;5470.205017883332;15.0;18.0;False;False;False;False;False;True;True;15.324236311387889
126;123;2016-11-01;5537.73156115739;5470.205017883332;15.0;18.0;False;False;False;False;False;True;True;12.177426391472933
126;123;2016-12-01;9307.343179780702;5470.205017883332;15.0;18.0;False;False;False;False;False;True;True;9.090210333213026
126;123;2017-01-01;10069.974944508556;5470.205017883332;15.0;18.0;False;False;False;False;False;True;True;8.220158448422033
126;123;2017-02-01;7112.106614178006;5470.205017883332;15.0;18.0;False;False;False;False;False;True;True;11.089617159986588
127;124;2014-07-01;49446.902399405015;339.2401199089363;15.0;18.0;False;False;False;False;False;True;True;17.02814087022849
127;124;2014-08-01;44064.82934949407;339.2401199089363;15.0;18.0;False;False;False;False;False;True;True;16.768820314896253
127;124;2014-09-01;49055.62907269845;339.2401199089363;15.0;18.0;False;False;False;False;False;True;True;16.227282433689336
127;124;2014-10-01;49600.55327391132;339.2401199089363;15.0;18.0;False;False;False;False;False;True;True;14.53081529820492
127;124;2014-11-01;53947.754301885245;339.2401199089363;15.0;18.0;False;False;False;False;False;True;True;12.603836181081192
127;124;2014-12-01;59501.34391725637;339.2401199089363;15.0;18.0;False;False;False;False;False;True;True;9.994714275622268
127;124;2015-01-01;64080.6116768119;339.2401199089363;15.0;18.0;False;False;False;False;False;True;True;9.817247733789548
127;124;2015-02-01;62683.51720632359;339.2401199089363;15.0;18.0;False;False;False;False;False;True;True;8.827408379093514
127;124;2015-03-01;53876.06155654449;339.2401199089363;15.0;18.0;False;False;False;False;False;True;True;12.60792026996771
127;124;2015-04-01;44205.98424519359;339.2401199089363;15.0;18.0;False;False;False;False;False;True;True;14.895697905434822
127;124;2015-05-01;45885.46055000965;339.2401199089363;15.0;18.0;False;False;False;False;False;True;True;17.141654142366107
127;124;2015-06-01;49271.04026661618;339.2401199089363;15.0;18.0;False;False;False;False;False;True;True;19.39294481553273
127;124;2015-07-01;77628.3166387619;339.2401199089363;15.0;18.0;False;False;False;False;False;True;True;21.53785193429267
128;124;2015-09-01;49998.08621731673;339.2401199089363;15.0;18.0;False;False;False;False;False;True;True;17.621727802535418
128;124;2015-10-01;51943.15221161152;339.2401199089363;15.0;18.0;False;False;False;False;False;True;True;14.792289238072366
128;124;2015-11-01;56954.38294461816;339.2401199089363;15.0;18.0;False;False;False;False;False;True;True;12.474742852144688
129;125;2015-11-01;4319167.0265000425;2365.879311917699;15.0;18.0;False;False;False;False;False;True;True;12.474742852144688
129;125;2015-12-01;2701998.55304208;2365.879311917699;15.0;18.0;False;False;False;False;False;True;True;10.585770904643011
129;125;2016-01-01;3076847.87438451;2365.879311917699;15.0;18.0;False;False;False;False;False;True;True;10.044430381276952
129;125;2016-02-01;4659042.765131321;2365.879311917699;15.0;18.0;False;False;False;False;False;True;True;12.181250227658523
129;125;2016-03-01;4668927.758901967;2365.879311917699;15.0;18.0;False;False;False;False;False;True;True;12.515167674172917
129;125;2016-04-01;5144052.990731703;2365.879311917699;15.0;18.0;False;False;False;False;False;True;True;15.29589403743588
129;125;2016-05-01;5346366.014207766;2365.879311917699;15.0;18.0;False;False;False;False;False;True;True;16.96185797726271
129;125;2016-06-01;6326458.507984855;2365.879311917699;15.0;18.0;False;False;False;False;False;True;True;19.401180382433072
129;125;2016-07-01;6755600.987708298;2365.879311917699;15.0;18.0;False;False;False;False;False;True;True;21.32305825008297
129;125;2016-08-01;2362984.174553633;2365.879311917699;15.0;18.0;False;False;False;False;False;True;True;20.742745780697103
129;125;2016-09-01;6535390.733211556;2365.879311917699;15.0;18.0;False;False;False;False;False;True;True;19.343314778472426
129;125;2016-10-01;6386042.925499281;2365.879311917699;15.0;18.0;False;False;False;False;False;True;True;15.324236311387889
129;125;2016-11-01;6114610.027269977;2365.879311917699;15.0;18.0;False;False;False;False;False;True;True;12.177426391472933
130;125;2017-01-01;6293037.468365996;2365.879311917699;15.0;18.0;False;False;False;False;False;True;True;8.220158448422033
130;125;2017-02-01;6559401.801392065;2365.879311917699;15.0;18.0;False;False;False;False;False;True;True;11.089617159986588
130;125;2017-03-01;6364455.441558477;2365.879311917699;15.0;18.0;False;False;False;False;False;True;True;13.587104379909494
130;125;2017-04-01;5293451.85783049;2365.879311917699;15.0;18.0;False;False;False;False;False;True;True;14.894739608181292
131;126;2014-07-01;342.29311194291085;824.844514784403;15.0;18.0;False;False;False;False;False;True;True;17.02814087022849
131;126;2014-08-01;383.2651831818444;824.844514784403;15.0;18.0;False;False;False;False;False;True;True;16.768820314896253
131;126;2014-09-01;398.995500756724;824.844514784403;15.0;18.0;False;False;False;False;False;True;True;16.227282433689336
131;126;2014-10-01;428.0231112358173;824.844514784403;15.0;18.0;False;False;False;False;False;True;True;14.53081529820492
131;126;2014-11-01;1187.225303078562;824.844514784403;15.0;18.0;False;False;False;False;False;True;True;12.603836181081192
131;126;2014-12-01;1912.8155926297416;824.844514784403;15.0;18.0;False;False;False;False;False;True;True;9.994714275622268
131;126;2015-01-01;2459.1905315117338;824.844514784403;15.0;18.0;False;False;False;False;False;True;True;9.817247733789548
131;126;2015-02-01;3425.843173701366;824.844514784403;15.0;18.0;False;False;False;False;False;True;True;8.827408379093514
131;126;2015-03-01;2132.387606354645;824.844514784403;15.0;18.0;False;False;False;False;False;True;True;12.60792026996771
131;126;2015-04-01;1170.0822077197836;824.844514784403;15.0;18.0;False;False;False;False;False;True;True;14.895697905434822
131;126;2015-05-01;1003.1801522638144;824.844514784403;15.0;18.0;False;False;False;False;False;True;True;17.141654142366107
131;126;2015-06-01;1330.1718746388897;824.844514784403;15.0;18.0;False;False;False;False;False;True;True;19.39294481553273
131;126;2015-07-01;1827.364943911486;824.844514784403;15.0;18.0;False;False;False;False;False;True;True;21.53785193429267
131;126;2015-08-01;1448.9730587820757;824.844514784403;15.0;18.0;False;False;False;False;False;True;True;20.49907454866584
131;126;2015-09-01;1256.536578136964;824.844514784403;15.0;18.0;False;False;False;False;False;True;True;17.621727802535418
131;126;2015-10-01;1189.3488899167744;824.844514784403;15.0;18.0;False;False;False;False;False;True;True;14.792289238072366
131;126;2015-11-01;1895.4920597168;824.844514784403;15.0;18.0;False;False;False;False;False;True;True;12.474742852144688
131;126;2015-12-01;2959.236426824617;824.844514784403;15.0;18.0;False;False;False;False;False;True;True;10.585770904643011
131;126;2016-01-01;3787.9634149559633;824.844514784403;15.0;18.0;False;False;False;False;False;True;True;10.044430381276952
131;126;2016-02-01;2460.727993537935;824.844514784403;15.0;18.0;False;False;False;False;False;True;True;12.181250227658523
131;126;2016-03-01;1921.81151655777;824.844514784403;15.0;18.0;False;False;False;False;False;True;True;12.515167674172917
131;126;2016-04-01;1138.49926203396;824.844514784403;15.0;18.0;False;False;False;False;False;True;True;15.29589403743588
131;126;2016-05-01;1108.288190147374;824.844514784403;15.0;18.0;False;False;False;False;False;True;True;16.96185797726271
132;127;2015-11-01;98619.4910842409;6676.045863255858;15.0;18.0;False;False;False;False;False;True;True;12.474742852144688
132;127;2015-12-01;105374.43881982606;6676.045863255858;15.0;18.0;False;False;False;False;False;True;True;10.585770904643011
132;127;2016-01-01;99774.87404299296;6676.045863255858;15.0;18.0;False;False;False;False;False;True;True;10.044430381276952
132;127;2016-02-01;123736.98630081584;6676.045863255858;15.0;18.0;False;False;False;False;False;True;True;12.181250227658523
132;127;2016-03-01;98811.4232548796;6676.045863255858;15.0;18.0;False;False;False;False;False;True;True;12.515167674172917
132;127;2016-04-01;100713.11141766804;6676.045863255858;15.0;18.0;False;False;False;False;False;True;True;15.29589403743588
132;127;2016-05-01;115261.13385238186;6676.045863255858;15.0;18.0;False;False;False;False;False;True;True;16.96185797726271
132;127;2016-06-01;122738.35692458136;6676.045863255858;15.0;18.0;False;False;False;False;False;True;True;19.401180382433072
132;127;2016-07-01;141433.84749135617;6676.045863255858;15.0;18.0;False;False;False;False;False;True;True;21.32305825008297
132;127;2016-08-01;58919.14458192253;6676.045863255858;15.0;18.0;False;False;False;False;False;True;True;20.742745780697103
132;127;2016-09-01;125730.97944088724;6676.045863255858;15.0;18.0;False;False;False;False;False;True;True;19.343314778472426
132;127;2016-10-01;114286.71748871368;6676.045863255858;15.0;18.0;False;False;False;False;False;True;True;15.324236311387889
132;127;2016-11-01;131090.75193313864;6676.045863255858;15.0;18.0;False;False;False;False;False;True;True;12.177426391472933
132;127;2016-12-01;121120.70132927896;6676.045863255858;15.0;18.0;False;False;False;False;False;True;True;9.090210333213026
132;127;2017-01-01;151707.59492500973;6676.045863255858;15.0;18.0;False;False;False;False;False;True;True;8.220158448422033
132;127;2017-02-01;119602.81224380965;6676.045863255858;15.0;18.0;False;False;False;False;False;True;True;11.089617159986588
132;127;2017-03-01;121472.9655754812;6676.045863255858;15.0;18.0;False;False;False;False;False;True;True;13.587104379909494
132;127;2017-04-01;92154.64002134574;6676.045863255858;15.0;18.0;False;False;False;False;False;True;True;14.894739608181292
132;127;2017-05-01;103452.3764404269;6676.045863255858;15.0;18.0;False;False;False;False;False;True;True;17.435992917198842
132;127;2017-06-01;111767.85319908235;6676.045863255858;15.0;18.0;False;False;False;False;False;True;True;20.887620035041337
133;128;2014-01-01;37196.54291116458;15029.09068480949;15.0;18.0;False;False;False;False;False;True;True;11.1431840880552
133;128;2014-02-01;33338.05018813603;15029.09068480949;15.0;18.0;False;False;False;False;False;True;True;12.204535957921411
133;128;2014-03-01;29979.55938722833;15029.09068480949;15.0;18.0;False;False;False;False;False;True;True;13.182095292577824
133;128;2014-04-01;27325.8776682332;15029.09068480949;15.0;18.0;False;False;False;False;False;True;True;15.084608638230538
133;128;2014-05-01;25892.158824182115;15029.09068480949;15.0;18.0;False;False;False;False;False;True;True;15.007417672450508
133;128;2014-06-01;30365.10248037541;15029.09068480949;15.0;18.0;False;False;False;False;False;True;True;17.60630221210198
133;128;2014-07-01;33380.52956555621;15029.09068480949;15.0;18.0;False;False;False;False;False;True;True;17.02814087022849
133;128;2014-08-01;29237.559519451668;15029.09068480949;15.0;18.0;False;False;False;False;False;True;True;16.768820314896253
133;128;2014-09-01;25926.20609591036;15029.09068480949;15.0;18.0;False;False;False;False;False;True;True;16.227282433689336
133;128;2014-10-01;26732.04345275233;15029.09068480949;15.0;18.0;False;False;False;False;False;True;True;14.53081529820492
133;128;2014-11-01;27396.69112373473;15029.09068480949;15.0;18.0;False;False;False;False;False;True;True;12.603836181081192
133;128;2014-12-01;29779.559353515622;15029.09068480949;15.0;18.0;False;False;False;False;False;True;True;9.994714275622268
133;128;2015-01-01;30588.927204083546;15029.09068480949;15.0;18.0;False;False;False;False;False;True;True;9.817247733789548
134;128;2015-03-01;26108.657268365885;15029.09068480949;15.0;18.0;False;False;False;False;False;True;True;12.60792026996771
134;128;2015-04-01;27209.410838840995;15029.09068480949;15.0;18.0;False;False;False;False;False;True;True;14.895697905434822
134;128;2015-05-01;26718.71070399028;15029.09068480949;15.0;18.0;False;False;False;False;False;True;True;17.141654142366107
134;128;2015-06-01;26230.814228416926;15029.09068480949;15.0;18.0;False;False;False;False;False;True;True;19.39294481553273
135;129;2014-01-01;53945.8022387692;996.655109897256;15.0;18.0;False;False;False;False;False;True;True;11.1431840880552
135;129;2014-02-01;52111.56587634663;996.655109897256;15.0;18.0;False;False;False;False;False;True;True;12.204535957921411
135;129;2014-03-01;51225.453597648906;996.655109897256;15.0;18.0;False;False;False;False;False;True;True;13.182095292577824
135;129;2014-04-01;47897.01221483748;996.655109897256;15.0;18.0;False;False;False;False;False;True;True;15.084608638230538
135;129;2014-05-01;49257.24133493571;996.655109897256;15.0;18.0;False;False;False;False;False;True;True;15.007417672450508
135;129;2014-06-01;55925.15591491183;996.655109897256;15.0;18.0;False;False;False;False;False;True;True;17.60630221210198
135;129;2014-07-01;60232.63490248634;996.655109897256;15.0;18.0;False;False;False;False;False;True;True;17.02814087022849
135;129;2014-08-01;61428.80158782498;996.655109897256;15.0;18.0;False;False;False;False;False;True;True;16.768820314896253
135;129;2014-09-01;54710.48249972455;996.655109897256;15.0;18.0;False;False;False;False;False;True;True;16.227282433689336
135;129;2014-10-01;51387.77218580304;996.655109897256;15.0;18.0;False;False;False;False;False;True;True;14.53081529820492
135;129;2014-11-01;49027.60642880944;996.655109897256;15.0;18.0;False;False;False;False;False;True;True;12.603836181081192
135;129;2014-12-01;50213.785559366246;996.655109897256;15.0;18.0;False;False;False;False;False;True;True;9.994714275622268
135;129;2015-01-01;52272.48414929878;996.655109897256;15.0;18.0;False;False;False;False;False;True;True;9.817247733789548
135;129;2015-02-01;52928.76374175345;996.655109897256;15.0;18.0;False;False;False;False;False;True;True;8.827408379093514
135;129;2015-03-01;50420.49154555357;996.655109897256;15.0;18.0;False;False;False;False;False;True;True;12.60792026996771
135;129;2015-04-01;48395.81666454218;996.655109897256;15.0;18.0;False;False;False;False;False;True;True;14.895697905434822
135;129;2015-05-01;49146.96824730562;996.655109897256;15.0;18.0;False;False;False;False;False;True;True;17.141654142366107
135;129;2015-06-01;57699.346726864336;996.655109897256;15.0;18.0;False;False;False;False;False;True;True;19.39294481553273
135;129;2015-07-01;69489.9821571158;996.655109897256;15.0;18.0;False;False;False;False;False;True;True;21.53785193429267
135;129;2015-08-01;67040.30399345397;996.655109897256;15.0;18.0;False;False;False;False;False;True;True;20.49907454866584
135;129;2015-09-01;54518.73335531722;996.655109897256;15.0;18.0;False;False;False;False;False;True;True;17.621727802535418
135;129;2015-10-01;49458.64394938925;996.655109897256;15.0;18.0;False;False;False;False;False;True;True;14.792289238072366
135;129;2015-11-01;50148.95318201294;996.655109897256;15.0;18.0;False;False;False;False;False;True;True;12.474742852144688
135;129;2015-12-01;51244.84901461264;996.655109897256;15.0;18.0;False;False;False;False;False;True;True;10.585770904643011
135;129;2016-01-01;53176.70753529428;996.655109897256;15.0;18.0;False;False;False;False;False;True;True;10.044430381276952
135;129;2016-02-01;52540.3021206046;996.655109897256;15.0;18.0;False;False;False;False;False;True;True;12.181250227658523
135;129;2016-03-01;51374.23067615769;996.655109897256;15.0;18.0;False;False;False;False;False;True;True;12.515167674172917
135;129;2016-04-01;49839.67671090375;996.655109897256;15.0;18.0;False;False;False;False;False;True;True;15.29589403743588
135;129;2016-05-01;49977.19826441312;996.655109897256;15.0;18.0;False;False;False;False;False;True;True;16.96185797726271
135;129;2016-06-01;54375.361223030864;996.655109897256;15.0;18.0;False;False;False;False;False;True;True;19.401180382433072
135;129;2016-07-01;67218.18608504956;996.655109897256;15.0;18.0;False;False;False;False;False;True;True;21.32305825008297
135;129;2016-08-01;65191.08435095616;996.655109897256;15.0;18.0;False;False;False;False;False;True;True;20.742745780697103
135;129;2016-09-01;58390.91275945927;996.655109897256;15.0;18.0;False;False;False;False;False;True;True;19.343314778472426
135;129;2016-10-01;50745.54464413592;996.655109897256;15.0;18.0;False;False;False;False;False;True;True;15.324236311387889
135;129;2016-11-01;51967.43188062471;996.655109897256;15.0;18.0;False;False;False;False;False;True;True;12.177426391472933
135;129;2016-12-01;55218.99133136953;996.655109897256;15.0;18.0;False;False;False;False;False;True;True;9.090210333213026
135;129;2017-01-01;59636.80847809124;996.655109897256;15.0;18.0;False;False;False;False;False;True;True;8.220158448422033
135;129;2017-02-01;57818.33121450987;996.655109897256;15.0;18.0;False;False;False;False;False;True;True;11.089617159986588
136;130;2015-01-01;72975.52829795558;1189.2450028797612;15.0;18.0;False;False;False;False;False;True;True;9.817247733789548
136;130;2015-02-01;84642.69832298209;1189.2450028797612;15.0;18.0;False;False;False;False;False;True;True;8.827408379093514
136;130;2015-03-01;192141.74646145964;1189.2450028797612;15.0;18.0;False;False;False;False;False;True;True;12.60792026996771
136;130;2015-04-01;257123.36462057973;1189.2450028797612;15.0;18.0;False;False;False;False;False;True;True;14.895697905434822
136;130;2015-05-01;303117.03322329524;1189.2450028797612;15.0;18.0;False;False;False;False;False;True;True;17.141654142366107
136;130;2015-06-01;552268.5136809567;1189.2450028797612;15.0;18.0;False;False;False;False;False;True;True;19.39294481553273
136;130;2015-07-01;811311.5202686995;1189.2450028797612;15.0;18.0;False;False;False;False;False;True;True;21.53785193429267
136;130;2015-08-01;739242.4012136853;1189.2450028797612;15.0;18.0;False;False;False;False;False;True;True;20.49907454866584
136;130;2015-09-01;390775.348892173;1189.2450028797612;15.0;18.0;False;False;False;False;False;True;True;17.621727802535418
136;130;2015-10-01;151074.27418158937;1189.2450028797612;15.0;18.0;False;False;False;False;False;True;True;14.792289238072366
136;130;2015-11-01;46729.61653951958;1189.2450028797612;15.0;18.0;False;False;False;False;False;True;True;12.474742852144688
136;130;2015-12-01;45541.96962344619;1189.2450028797612;15.0;18.0;False;False;False;False;False;True;True;10.585770904643011
136;130;2016-01-01;40985.346949246166;1189.2450028797612;15.0;18.0;False;False;False;False;False;True;True;10.044430381276952
137;131;2014-01-01;62721.228455981305;2968.755596259143;15.0;18.0;False;False;False;False;False;True;True;11.1431840880552
137;131;2014-02-01;60119.93971811099;2968.755596259143;15.0;18.0;False;False;False;False;False;True;True;12.204535957921411
137;131;2014-03-01;56475.39114182309;2968.755596259143;15.0;18.0;False;False;False;False;False;True;True;13.182095292577824
137;131;2014-04-01;53042.57298184383;2968.755596259143;15.0;18.0;False;False;False;False;False;True;True;15.084608638230538
137;131;2014-05-01;54002.198528543;2968.755596259143;15.0;18.0;False;False;False;False;False;True;True;15.007417672450508
137;131;2014-06-01;70627.57801514056;2968.755596259143;15.0;18.0;False;False;False;False;False;True;True;17.60630221210198
137;131;2014-07-01;56146.48265064249;2968.755596259143;15.0;18.0;False;False;False;False;False;True;True;17.02814087022849
137;131;2014-08-01;75349.48741060033;2968.755596259143;15.0;18.0;False;False;False;False;False;True;True;16.768820314896253
137;131;2014-09-01;59160.967890309454;2968.755596259143;15.0;18.0;False;False;False;False;False;True;True;16.227282433689336
137;131;2014-10-01;54249.20580651364;2968.755596259143;15.0;18.0;False;False;False;False;False;True;True;14.53081529820492
137;131;2014-11-01;55395.02642664634;2968.755596259143;15.0;18.0;False;False;False;False;False;True;True;12.603836181081192
137;131;2014-12-01;58555.45942432304;2968.755596259143;15.0;18.0;False;False;False;False;False;True;True;9.994714275622268
137;131;2015-01-01;62735.48510748767;2968.755596259143;15.0;18.0;False;False;False;False;False;True;True;9.817247733789548
137;131;2015-02-01;60524.2912987872;2968.755596259143;15.0;18.0;False;False;False;False;False;True;True;8.827408379093514
137;131;2015-03-01;54044.36552587315;2968.755596259143;15.0;18.0;False;False;False;False;False;True;True;12.60792026996771
137;131;2015-04-01;50297.11173235011;2968.755596259143;15.0;18.0;False;False;False;False;False;True;True;14.895697905434822
137;131;2015-05-01;52166.20188663868;2968.755596259143;15.0;18.0;False;False;False;False;False;True;True;17.141654142366107
137;131;2015-06-01;53214.239898904285;2968.755596259143;15.0;18.0;False;False;False;False;False;True;True;19.39294481553273
137;131;2015-07-01;92445.79384919866;2968.755596259143;15.0;18.0;False;False;False;False;False;True;True;21.53785193429267
137;131;2015-08-01;94980.92414714856;2968.755596259143;15.0;18.0;False;False;False;False;False;True;True;20.49907454866584
137;131;2015-09-01;63519.83959300868;2968.755596259143;15.0;18.0;False;False;False;False;False;True;True;17.621727802535418
137;131;2015-10-01;52888.36641600276;2968.755596259143;15.0;18.0;False;False;False;False;False;True;True;14.792289238072366
137;131;2015-11-01;55169.93743729592;2968.755596259143;15.0;18.0;False;False;False;False;False;True;True;12.474742852144688
137;131;2015-12-01;41194.715353823376;2968.755596259143;15.0;18.0;False;False;False;False;False;True;True;10.585770904643011
137;131;2016-01-01;47631.68625578689;2968.755596259143;15.0;18.0;False;False;False;False;False;True;True;10.044430381276952
137;131;2016-02-01;42959.58128133304;2968.755596259143;15.0;18.0;False;False;False;False;False;True;True;12.181250227658523
137;131;2016-03-01;36873.28775988226;2968.755596259143;15.0;18.0;False;False;False;False;False;True;True;12.515167674172917
137;131;2016-04-01;26234.02951617136;2968.755596259143;15.0;18.0;False;False;False;False;False;True;True;15.29589403743588
137;131;2016-05-01;37197.44991230956;2968.755596259143;15.0;18.0;False;False;False;False;False;True;True;16.96185797726271
137;131;2016-06-01;42532.60410868405;2968.755596259143;15.0;18.0;False;False;False;False;False;True;True;19.401180382433072
137;131;2016-07-01;128134.96917728208;2968.755596259143;15.0;18.0;False;False;False;False;False;True;True;21.32305825008297
137;131;2016-08-01;58892.32342452165;2968.755596259143;15.0;18.0;False;False;False;False;False;True;True;20.742745780697103
137;131;2016-09-01;40174.96495381318;2968.755596259143;15.0;18.0;False;False;False;False;False;True;True;19.343314778472426
137;131;2016-10-01;26260.248029172268;2968.755596259143;15.0;18.0;False;False;False;False;False;True;True;15.324236311387889
137;131;2016-11-01;26094.81384095796;2968.755596259143;15.0;18.0;False;False;False;False;False;True;True;12.177426391472933
138;132;2014-04-01;370389.2212842236;22687.797954896232;15.0;18.0;False;False;False;False;False;True;True;15.084608638230538
138;132;2014-05-01;327586.2035161233;22687.797954896232;15.0;18.0;False;False;False;False;False;True;True;15.007417672450508
138;132;2014-06-01;430542.9755297779;22687.797954896232;15.0;18.0;False;False;False;False;False;True;True;17.60630221210198
138;132;2014-07-01;400455.4776280421;22687.797954896232;15.0;18.0;False;False;False;False;False;True;True;17.02814087022849
138;132;2014-08-01;123230.85591491753;22687.797954896232;15.0;18.0;False;False;False;False;False;True;True;16.768820314896253
138;132;2014-09-01;392583.93408794136;22687.797954896232;15.0;18.0;False;False;False;False;False;True;True;16.227282433689336
138;132;2014-10-01;383466.1736987316;22687.797954896232;15.0;18.0;False;False;False;False;False;True;True;14.53081529820492
138;132;2014-11-01;450605.7030643549;22687.797954896232;15.0;18.0;False;False;False;False;False;True;True;12.603836181081192
138;132;2014-12-01;251746.9054897444;22687.797954896232;15.0;18.0;False;False;False;False;False;True;True;9.994714275622268
138;132;2015-01-01;384511.0887952288;22687.797954896232;15.0;18.0;False;False;False;False;False;True;True;9.817247733789548
138;132;2015-02-01;551039.3280287439;22687.797954896232;15.0;18.0;False;False;False;False;False;True;True;8.827408379093514
138;132;2015-03-01;408026.4953142567;22687.797954896232;15.0;18.0;False;False;False;False;False;True;True;12.60792026996771
138;132;2015-04-01;396681.7663568732;22687.797954896232;15.0;18.0;False;False;False;False;False;True;True;14.895697905434822
139;132;2015-06-01;312841.84427824005;22687.797954896232;15.0;18.0;False;False;False;False;False;True;True;19.39294481553273
139;132;2015-07-01;438119.9670953846;22687.797954896232;15.0;18.0;False;False;False;False;False;True;True;21.53785193429267
139;132;2015-08-01;191194.00006026909;22687.797954896232;15.0;18.0;False;False;False;False;False;True;True;20.49907454866584
139;132;2015-09-01;292989.87885600777;22687.797954896232;15.0;18.0;False;False;False;False;False;True;True;17.621727802535418
140;134;2014-01-01;95631.39623626343;16582.207785210918;15.0;18.0;False;False;False;False;False;True;True;11.1431840880552
140;134;2014-02-01;104278.59132986916;16582.207785210918;15.0;18.0;False;False;False;False;False;True;True;12.204535957921411
140;134;2014-03-01;108097.797009178;16582.207785210918;15.0;18.0;False;False;False;False;False;True;True;13.182095292577824
140;134;2014-04-01;100177.0266306489;16582.207785210918;15.0;18.0;False;False;False;False;False;True;True;15.084608638230538
140;134;2014-05-01;98378.36356329266;16582.207785210918;15.0;18.0;False;False;False;False;False;True;True;15.007417672450508
140;134;2014-06-01;118488.44408571348;16582.207785210918;15.0;18.0;False;False;False;False;False;True;True;17.60630221210198
140;134;2014-07-01;113672.50302611847;16582.207785210918;15.0;18.0;False;False;False;False;False;True;True;17.02814087022849
140;134;2014-08-01;94171.58407529544;16582.207785210918;15.0;18.0;False;False;False;False;False;True;True;16.768820314896253
140;134;2014-09-01;92272.20776914174;16582.207785210918;15.0;18.0;False;False;False;False;False;True;True;16.227282433689336
140;134;2014-10-01;96308.81183531998;16582.207785210918;15.0;18.0;False;False;False;False;False;True;True;14.53081529820492
140;134;2014-11-01;114618.82408463478;16582.207785210918;15.0;18.0;False;False;False;False;False;True;True;12.603836181081192
140;134;2014-12-01;76644.81806452089;16582.207785210918;15.0;18.0;False;False;False;False;False;True;True;9.994714275622268
140;134;2015-01-01;68494.69212308672;16582.207785210918;15.0;18.0;False;False;False;False;False;True;True;9.817247733789548
140;134;2015-02-01;99130.57387999725;16582.207785210918;15.0;18.0;False;False;False;False;False;True;True;8.827408379093514
140;134;2015-03-01;97897.53013424543;16582.207785210918;15.0;18.0;False;False;False;False;False;True;True;12.60792026996771
140;134;2015-04-01;91907.8996708658;16582.207785210918;15.0;18.0;False;False;False;False;False;True;True;14.895697905434822
140;134;2015-05-01;86116.14141637822;16582.207785210918;15.0;18.0;False;False;False;False;False;True;True;17.141654142366107
140;134;2015-06-01;86574.90965832579;16582.207785210918;15.0;18.0;False;False;False;False;False;True;True;19.39294481553273
140;134;2015-07-01;76897.16260641832;16582.207785210918;15.0;18.0;False;False;False;False;False;True;True;21.53785193429267
140;134;2015-08-01;66975.90910981254;16582.207785210918;15.0;18.0;False;False;False;False;False;True;True;20.49907454866584
140;134;2015-09-01;80405.48518727135;16582.207785210918;15.0;18.0;False;False;False;False;False;True;True;17.621727802535418
140;134;2015-10-01;80301.74004906404;16582.207785210918;15.0;18.0;False;False;False;False;False;True;True;14.792289238072366
140;134;2015-11-01;95288.837421435;16582.207785210918;15.0;18.0;False;False;False;False;False;True;True;12.474742852144688
140;134;2015-12-01;79775.78850141245;16582.207785210918;15.0;18.0;False;False;False;False;False;True;True;10.585770904643011
140;134;2016-01-01;95802.18081036628;16582.207785210918;15.0;18.0;False;False;False;False;False;True;True;10.044430381276952
140;134;2016-02-01;118964.04445416176;16582.207785210918;15.0;18.0;False;False;False;False;False;True;True;12.181250227658523
140;134;2016-03-01;117618.03072566049;16582.207785210918;15.0;18.0;False;False;False;False;False;True;True;12.515167674172917
140;134;2016-04-01;98636.1896192663;16582.207785210918;15.0;18.0;False;False;False;False;False;True;True;15.29589403743588
140;134;2016-05-01;105709.00740153962;16582.207785210918;15.0;18.0;False;False;False;False;False;True;True;16.96185797726271
140;134;2016-06-01;117698.2683268699;16582.207785210918;15.0;18.0;False;False;False;False;False;True;True;19.401180382433072
140;134;2016-07-01;96207.28062735112;16582.207785210918;15.0;18.0;False;False;False;False;False;True;True;21.32305825008297
140;134;2016-08-01;52753.07909988154;16582.207785210918;15.0;18.0;False;False;False;False;False;True;True;20.742745780697103
140;134;2016-09-01;73934.63532489541;16582.207785210918;15.0;18.0;False;False;False;False;False;True;True;19.343314778472426
140;134;2016-10-01;93963.06460268672;16582.207785210918;15.0;18.0;False;False;False;False;False;True;True;15.324236311387889
140;134;2016-11-01;76928.05657071828;16582.207785210918;15.0;18.0;False;False;False;False;False;True;True;12.177426391472933
140;134;2016-12-01;77324.34632810274;16582.207785210918;15.0;18.0;False;False;False;False;False;True;True;9.090210333213026
140;134;2017-01-01;107740.07882183054;16582.207785210918;15.0;18.0;False;False;False;False;False;True;True;8.220158448422033
140;134;2017-02-01;97095.307680228;16582.207785210918;15.0;18.0;False;False;False;False;False;True;True;11.089617159986588
140;134;2017-03-01;97095.307680228;16582.207785210918;15.0;18.0;False;False;False;False;False;True;True;13.587104379909494
140;134;2017-04-01;97095.307680228;16582.207785210918;15.0;18.0;False;False;False;False;False;True;True;14.894739608181292
140;134;2017-05-01;103148.33005496582;16582.207785210918;15.0;18.0;False;False;False;False;False;True;True;17.435992917198842
140;134;2017-06-01;98233.26715702478;16582.207785210918;15.0;18.0;False;False;False;False;False;True;True;20.887620035041337
140;134;2017-07-01;110755.86362839428;16582.207785210918;15.0;18.0;False;False;False;False;False;True;True;21.37875162596229
140;134;2017-08-01;66165.0434105935;16582.207785210918;15.0;18.0;False;False;False;False;False;True;True;22.11828355029739
140;134;2017-09-01;79873.20348979882;16582.207785210918;15.0;18.0;False;False;False;False;False;True;True;18.007116473367873
141;135;2014-12-01;485774.8121740928;71615.85247589508;15.0;20.0;False;False;False;False;False;True;True;9.994714275622268
141;135;2015-01-01;479466.9332294511;71615.85247589508;15.0;20.0;False;False;False;False;False;True;True;9.817247733789548
141;135;2015-02-01;569453.6740293272;71615.85247589508;15.0;20.0;False;False;False;False;False;True;True;8.827408379093514
141;135;2015-03-01;544200.9686567052;71615.85247589508;15.0;20.0;False;False;False;False;False;True;True;12.60792026996771
141;135;2015-04-01;418887.1672972809;71615.85247589508;15.0;20.0;False;False;False;False;False;True;True;14.895697905434822
141;135;2015-05-01;464318.89696564793;71615.85247589508;15.0;20.0;False;False;False;False;False;True;True;17.141654142366107
141;135;2015-06-01;608504.721175147;71615.85247589508;15.0;20.0;False;False;False;False;False;True;True;19.39294481553273
141;135;2015-07-01;765206.8217703677;71615.85247589508;15.0;20.0;False;False;False;False;False;True;True;21.53785193429267
141;135;2015-08-01;572572.9524044774;71615.85247589508;15.0;20.0;False;False;False;False;False;True;True;20.49907454866584
141;135;2015-09-01;520754.3317273777;71615.85247589508;15.0;20.0;False;False;False;False;False;True;True;17.621727802535418
141;135;2015-10-01;497283.3945360856;71615.85247589508;15.0;20.0;False;False;False;False;False;True;True;14.792289238072366
141;135;2015-11-01;478342.131148926;71615.85247589508;15.0;20.0;False;False;False;False;False;True;True;12.474742852144688
141;135;2015-12-01;489852.9357897519;71615.85247589508;15.0;20.0;False;False;False;False;False;True;True;10.585770904643011
141;135;2016-01-01;430660.5257715351;71615.85247589508;15.0;20.0;False;False;False;False;False;True;True;10.044430381276952
141;135;2016-02-01;446004.85856214975;71615.85247589508;15.0;20.0;False;False;False;False;False;True;True;12.181250227658523
141;135;2016-03-01;402193.4681296894;71615.85247589508;15.0;20.0;False;False;False;False;False;True;True;12.515167674172917
141;135;2016-04-01;366464.757873828;71615.85247589508;15.0;20.0;False;False;False;False;False;True;True;15.29589403743588
141;135;2016-05-01;377525.628896011;71615.85247589508;15.0;20.0;False;False;False;False;False;True;True;16.96185797726271
141;135;2016-06-01;495230.4946481623;71615.85247589508;15.0;20.0;False;False;False;False;False;True;True;19.401180382433072
141;135;2016-07-01;587712.25970105;71615.85247589508;15.0;20.0;False;False;False;False;False;True;True;21.32305825008297
141;135;2016-08-01;546896.0508722855;71615.85247589508;15.0;20.0;False;False;False;False;False;True;True;20.742745780697103
141;135;2016-09-01;501547.9542361243;71615.85247589508;15.0;20.0;False;False;False;False;False;True;True;19.343314778472426
141;135;2016-10-01;426875.5655045879;71615.85247589508;15.0;20.0;False;False;False;False;False;True;True;15.324236311387889
141;135;2016-11-01;478039.34581499296;71615.85247589508;15.0;20.0;False;False;False;False;False;True;True;12.177426391472933
141;135;2016-12-01;439917.95586156845;71615.85247589508;15.0;20.0;False;False;False;False;False;True;True;9.090210333213026
141;135;2017-01-01;450914.1851300477;71615.85247589508;15.0;20.0;False;False;False;False;False;True;True;8.220158448422033
141;135;2017-02-01;492767.957503138;71615.85247589508;15.0;20.0;False;False;False;False;False;True;True;11.089617159986588
141;135;2017-03-01;441002.9072072976;71615.85247589508;15.0;20.0;False;False;False;False;False;True;True;13.587104379909494
141;135;2017-04-01;367227.88724255946;71615.85247589508;15.0;20.0;False;False;False;False;False;True;True;14.894739608181292
141;135;2017-05-01;437699.3428691709;71615.85247589508;15.0;20.0;False;False;False;False;False;True;True;17.435992917198842
141;135;2017-06-01;610806.5061505692;71615.85247589508;15.0;20.0;False;False;False;False;False;True;True;20.887620035041337
141;135;2017-07-01;561075.2347410329;71615.85247589508;15.0;20.0;False;False;False;False;False;True;True;21.37875162596229
141;135;2017-08-01;592805.6973058467;71615.85247589508;15.0;20.0;False;False;False;False;False;True;True;22.11828355029739
141;135;2017-09-01;459744.8847649274;71615.85247589508;15.0;20.0;False;False;False;False;False;True;True;18.007116473367873
141;135;2017-10-01;451377.6744769248;71615.85247589508;15.0;20.0;False;False;False;False;False;True;True;15.89606581655819
142;136;2015-11-01;9100828.856133342;23995.524290953766;15.0;18.0;False;False;False;False;False;True;True;12.474742852144688
142;136;2015-12-01;5319258.710630762;23995.524290953766;15.0;18.0;False;False;False;False;False;True;True;10.585770904643011
142;136;2016-01-01;5748730.973355744;23995.524290953766;15.0;18.0;False;False;False;False;False;True;True;10.044430381276952
142;136;2016-02-01;7588585.563069405;23995.524290953766;15.0;18.0;False;False;False;False;False;True;True;12.181250227658523
142;136;2016-03-01;7182907.499074098;23995.524290953766;15.0;18.0;False;False;False;False;False;True;True;12.515167674172917
142;136;2016-04-01;6100357.32081727;23995.524290953766;15.0;18.0;False;False;False;False;False;True;True;15.29589403743588
142;136;2016-05-01;6686481.209179707;23995.524290953766;15.0;18.0;False;False;False;False;False;True;True;16.96185797726271
142;136;2016-06-01;6168410.310341128;23995.524290953766;15.0;18.0;False;False;False;False;False;True;True;19.401180382433072
142;136;2016-07-01;7089354.96073639;23995.524290953766;15.0;18.0;False;False;False;False;False;True;True;21.32305825008297
142;136;2016-08-01;4158440.0036294223;23995.524290953766;15.0;18.0;False;False;False;False;False;True;True;20.742745780697103
142;136;2016-09-01;6856134.930024207;23995.524290953766;15.0;18.0;False;False;False;False;False;True;True;19.343314778472426
142;136;2016-10-01;6706967.052198567;23995.524290953766;15.0;18.0;False;False;False;False;False;True;True;15.324236311387889
142;136;2016-11-01;6911379.81288042;23995.524290953766;15.0;18.0;False;False;False;False;False;True;True;12.177426391472933
143;136;2017-01-01;7601000.06222121;23995.524290953766;15.0;18.0;False;False;False;False;False;True;True;8.220158448422033
143;136;2017-02-01;7050478.3646522295;23995.524290953766;15.0;18.0;False;False;False;False;False;True;True;11.089617159986588
143;136;2017-03-01;7040795.774484537;23995.524290953766;15.0;18.0;False;False;False;False;False;True;True;13.587104379909494
143;136;2017-04-01;6469172.939525213;23995.524290953766;15.0;18.0;False;False;False;False;False;True;True;14.894739608181292
144;139;2015-01-01;2179410.7547944533;17301.377986441366;15.0;18.0;False;False;False;False;False;True;True;9.817247733789548
144;139;2015-02-01;5630033.048235192;17301.377986441366;15.0;18.0;False;False;False;False;False;True;True;8.827408379093514
144;139;2015-03-01;5240870.055681398;17301.377986441366;15.0;18.0;False;False;False;False;False;True;True;12.60792026996771
144;139;2015-04-01;5209944.981201228;17301.377986441366;15.0;18.0;False;False;False;False;False;True;True;14.895697905434822
144;139;2015-05-01;5156407.556103692;17301.377986441366;15.0;18.0;False;False;False;False;False;True;True;17.141654142366107
144;139;2015-06-01;5223303.007904583;17301.377986441366;15.0;18.0;False;False;False;False;False;True;True;19.39294481553273
144;139;2015-07-01;5765309.164755557;17301.377986441366;15.0;18.0;False;False;False;False;False;True;True;21.53785193429267
144;139;2015-08-01;5271976.072937794;17301.377986441366;15.0;18.0;False;False;False;False;False;True;True;20.49907454866584
144;139;2015-09-01;5497559.799597348;17301.377986441366;15.0;18.0;False;False;False;False;False;True;True;17.621727802535418
144;139;2015-10-01;6206161.1309599625;17301.377986441366;15.0;18.0;False;False;False;False;False;True;True;14.792289238072366
144;139;2015-11-01;6790153.361570696;17301.377986441366;15.0;18.0;False;False;False;False;False;True;True;12.474742852144688
144;139;2015-12-01;6058787.328363858;17301.377986441366;15.0;18.0;False;False;False;False;False;True;True;10.585770904643011
144;139;2016-01-01;5546723.649037164;17301.377986441366;15.0;18.0;False;False;False;False;False;True;True;10.044430381276952
145;139;2016-03-01;5624574.175124169;17301.377986441366;15.0;18.0;False;False;False;False;False;True;True;12.515167674172917
145;139;2016-04-01;6342218.72467889;17301.377986441366;15.0;18.0;False;False;False;False;False;True;True;15.29589403743588
145;139;2016-05-01;6939331.300875493;17301.377986441366;15.0;18.0;False;False;False;False;False;True;True;16.96185797726271
145;139;2016-06-01;7020344.991164202;17301.377986441366;15.0;18.0;False;False;False;False;False;True;True;19.401180382433072
146;140;2015-08-01;79901.90047316904;16355.878745671362;15.0;18.0;False;False;False;False;False;True;True;20.49907454866584
146;140;2015-09-01;74255.60147891723;16355.878745671362;15.0;18.0;False;False;False;False;False;True;True;17.621727802535418
146;140;2015-10-01;71593.16620149116;16355.878745671362;15.0;18.0;False;False;False;False;False;True;True;14.792289238072366
146;140;2015-11-01;65060.6565472161;16355.878745671362;15.0;18.0;False;False;False;False;False;True;True;12.474742852144688
146;140;2015-12-01;54741.3831868048;16355.878745671362;15.0;18.0;False;False;False;False;False;True;True;10.585770904643011
146;140;2016-01-01;57229.10558070035;16355.878745671362;15.0;18.0;False;False;False;False;False;True;True;10.044430381276952
146;140;2016-02-01;65859.28500085385;16355.878745671362;15.0;18.0;False;False;False;False;False;True;True;12.181250227658523
146;140;2016-03-01;68012.81414691269;16355.878745671362;15.0;18.0;False;False;False;False;False;True;True;12.515167674172917
146;140;2016-04-01;71337.53461892914;16355.878745671362;15.0;18.0;False;False;False;False;False;True;True;15.29589403743588
146;140;2016-05-01;72456.92510205378;16355.878745671362;15.0;18.0;False;False;False;False;False;True;True;16.96185797726271
146;140;2016-06-01;76748.65026058216;16355.878745671362;15.0;18.0;False;False;False;False;False;True;True;19.401180382433072
146;140;2016-07-01;81642.04960031262;16355.878745671362;15.0;18.0;False;False;False;False;False;True;True;21.32305825008297
146;140;2016-08-01;76591.04899990729;16355.878745671362;15.0;18.0;False;False;False;False;False;True;True;20.742745780697103
146;140;2016-09-01;75892.6420080196;16355.878745671362;15.0;18.0;False;False;False;False;False;True;True;19.343314778472426
146;140;2016-10-01;67972.88314306622;16355.878745671362;15.0;18.0;False;False;False;False;False;True;True;15.324236311387889
146;140;2016-11-01;64762.69286203264;16355.878745671362;15.0;18.0;False;False;False;False;False;True;True;12.177426391472933
146;140;2016-12-01;56027.95812765858;16355.878745671362;15.0;18.0;False;False;False;False;False;True;True;9.090210333213026
146;140;2017-01-01;56578.000255784646;16355.878745671362;15.0;18.0;False;False;False;False;False;True;True;8.220158448422033
146;140;2017-02-01;62473.57233191872;16355.878745671362;15.0;18.0;False;False;False;False;False;True;True;11.089617159986588
146;140;2017-03-01;65583.97955135009;16355.878745671362;15.0;18.0;False;False;False;False;False;True;True;13.587104379909494
146;140;2017-04-01;67308.85442811482;16355.878745671362;15.0;18.0;False;False;False;False;False;True;True;14.894739608181292
146;140;2017-05-01;72602.02182222293;16355.878745671362;15.0;18.0;False;False;False;False;False;True;True;17.435992917198842
146;140;2017-06-01;79125.30065109392;16355.878745671362;15.0;18.0;False;False;False;False;False;True;True;20.887620035041337
146;140;2017-07-01;80304.88507236016;16355.878745671362;15.0;18.0;False;False;False;False;False;True;True;21.37875162596229
146;140;2017-08-01;81084.9452654014;16355.878745671362;15.0;18.0;False;False;False;False;False;True;True;22.11828355029739
146;140;2017-09-01;72665.18539399032;16355.878745671362;15.0;18.0;False;False;False;False;False;True;True;18.007116473367873
146;140;2017-10-01;71697.48936669086;16355.878745671362;15.0;18.0;False;False;False;False;False;True;True;15.89606581655819
146;140;2017-11-01;65747.27881611568;16355.878745671362;15.0;18.0;False;False;False;False;False;True;True;11.848114658126905
147;141;2015-11-01;128070.56404409817;20437.057793194545;15.0;18.0;False;False;False;False;False;True;True;12.474742852144688
147;141;2015-12-01;148768.6615351281;20437.057793194545;15.0;18.0;False;False;False;False;False;True;True;10.585770904643011
147;141;2016-01-01;133084.7200783459;20437.057793194545;15.0;18.0;False;False;False;False;False;True;True;10.044430381276952
147;141;2016-02-01;162001.2185496409;20437.057793194545;15.0;18.0;False;False;False;False;False;True;True;12.181250227658523
147;141;2016-03-01;125867.87128403428;20437.057793194545;15.0;18.0;False;False;False;False;False;True;True;12.515167674172917
147;141;2016-04-01;152909.1638202476;20437.057793194545;15.0;18.0;False;False;False;False;False;True;True;15.29589403743588
147;141;2016-05-01;146156.8762927195;20437.057793194545;15.0;18.0;False;False;False;False;False;True;True;16.96185797726271
147;141;2016-06-01;116528.07179267814;20437.057793194545;15.0;18.0;False;False;False;False;False;True;True;19.401180382433072
147;141;2016-07-01;124482.17125910414;20437.057793194545;15.0;18.0;False;False;False;False;False;True;True;21.32305825008297
147;141;2016-08-01;71936.68262917161;20437.057793194545;15.0;18.0;False;False;False;False;False;True;True;20.742745780697103
147;141;2016-09-01;133327.18030878037;20437.057793194545;15.0;18.0;False;False;False;False;False;True;True;19.343314778472426
147;141;2016-10-01;140274.96027591216;20437.057793194545;15.0;18.0;False;False;False;False;False;True;True;15.324236311387889
147;141;2016-11-01;136148.1768057877;20437.057793194545;15.0;18.0;False;False;False;False;False;True;True;12.177426391472933
147;141;2016-12-01;120515.54670283668;20437.057793194545;15.0;18.0;False;False;False;False;False;True;True;9.090210333213026
147;141;2017-01-01;136007.28525590934;20437.057793194545;15.0;18.0;False;False;False;False;False;True;True;8.220158448422033
147;141;2017-02-01;155132.57912957107;20437.057793194545;15.0;18.0;False;False;False;False;False;True;True;11.089617159986588
147;141;2017-03-01;149442.32822012177;20437.057793194545;15.0;18.0;False;False;False;False;False;True;True;13.587104379909494
147;141;2017-04-01;142572.1428875549;20437.057793194545;15.0;18.0;False;False;False;False;False;True;True;14.894739608181292
147;141;2017-05-01;150232.35565755324;20437.057793194545;15.0;18.0;False;False;False;False;False;True;True;17.435992917198842
147;141;2017-06-01;138076.14652514356;20437.057793194545;15.0;18.0;False;False;False;False;False;True;True;20.887620035041337
147;141;2017-07-01;128469.57775062908;20437.057793194545;15.0;18.0;False;False;False;False;False;True;True;21.37875162596229
147;141;2017-08-01;67037.5006710017;20437.057793194545;15.0;18.0;False;False;False;False;False;True;True;22.11828355029739
147;141;2017-09-01;105048.77803273732;20437.057793194545;15.0;18.0;False;False;False;False;False;True;True;18.007116473367873
147;141;2017-10-01;77422.54868376016;20437.057793194545;15.0;18.0;False;False;False;False;False;True;True;15.89606581655819
147;141;2017-11-01;75139.80618192033;20437.057793194545;15.0;18.0;False;False;False;False;False;True;True;11.848114658126905
148;143;2016-06-01;713412.7088664697;65578.16872838885;15.0;18.0;False;False;False;False;False;True;True;19.401180382433072
148;143;2016-07-01;756799.7411128107;65578.16872838885;15.0;18.0;False;False;False;False;False;True;True;21.32305825008297
148;143;2016-08-01;741107.7412733127;65578.16872838885;15.0;18.0;False;False;False;False;False;True;True;20.742745780697103
148;143;2016-09-01;673839.0975091492;65578.16872838885;15.0;18.0;False;False;False;False;False;True;True;19.343314778472426
148;143;2016-10-01;596657.0975357896;65578.16872838885;15.0;18.0;False;False;False;False;False;True;True;15.324236311387889
148;143;2016-11-01;580316.9816029583;65578.16872838885;15.0;18.0;False;False;False;False;False;True;True;12.177426391472933
148;143;2016-12-01;559231.4636161405;65578.16872838885;15.0;18.0;False;False;False;False;False;True;True;9.090210333213026
148;143;2017-01-01;495127.4571558626;65578.16872838885;15.0;18.0;False;False;False;False;False;True;True;8.220158448422033
148;143;2017-02-01;578327.8445676857;65578.16872838885;15.0;18.0;False;False;False;False;False;True;True;11.089617159986588
148;143;2017-03-01;639865.7617028432;65578.16872838885;15.0;18.0;False;False;False;False;False;True;True;13.587104379909494
148;143;2017-04-01;590953.1362265785;65578.16872838885;15.0;18.0;False;False;False;False;False;True;True;14.894739608181292
148;143;2017-05-01;670238.763541595;65578.16872838885;15.0;18.0;False;False;False;False;False;True;True;17.435992917198842
148;143;2017-06-01;770013.4141827871;65578.16872838885;15.0;18.0;False;False;False;False;False;True;True;20.887620035041337
148;143;2017-07-01;779137.7478258932;65578.16872838885;15.0;18.0;False;False;False;False;False;True;True;21.37875162596229
148;143;2017-08-01;759371.2569323491;65578.16872838885;15.0;18.0;False;False;False;False;False;True;True;22.11828355029739
148;143;2017-09-01;663927.0046662902;65578.16872838885;15.0;18.0;False;False;False;False;False;True;True;18.007116473367873
148;143;2017-10-01;622219.4426860416;65578.16872838885;15.0;18.0;False;False;False;False;False;True;True;15.89606581655819
148;143;2017-11-01;538475.7164347786;65578.16872838885;15.0;18.0;False;False;False;False;False;True;True;11.848114658126905
149;145;2014-07-01;64476.96524571707;20442.654328743807;15.0;18.0;False;False;False;False;False;True;True;17.02814087022849
149;145;2014-08-01;71847.86791192896;20442.654328743807;15.0;18.0;False;False;False;False;False;True;True;16.768820314896253
149;145;2014-09-01;79751.85345169686;20442.654328743807;15.0;18.0;False;False;False;False;False;True;True;16.227282433689336
149;145;2014-10-01;71118.07645021848;20442.654328743807;15.0;18.0;False;False;False;False;False;True;True;14.53081529820492
149;145;2014-11-01;61314.60502120495;20442.654328743807;15.0;18.0;False;False;False;False;False;True;True;12.603836181081192
149;145;2014-12-01;67662.91825036792;20442.654328743807;15.0;18.0;False;False;False;False;False;True;True;9.994714275622268
149;145;2015-01-01;71676.39736646779;20442.654328743807;15.0;18.0;False;False;False;False;False;True;True;9.817247733789548
149;145;2015-02-01;66621.72689186179;20442.654328743807;15.0;18.0;False;False;False;False;False;True;True;8.827408379093514
149;145;2015-03-01;60663.68822981943;20442.654328743807;15.0;18.0;False;False;False;False;False;True;True;12.60792026996771
149;145;2015-04-01;60556.01612302776;20442.654328743807;15.0;18.0;False;False;False;False;False;True;True;14.895697905434822
149;145;2015-05-01;61222.890536722975;20442.654328743807;15.0;18.0;False;False;False;False;False;True;True;17.141654142366107
149;145;2015-06-01;68742.65261966664;20442.654328743807;15.0;18.0;False;False;False;False;False;True;True;19.39294481553273
150;145;2015-08-01;75442.41937918792;20442.654328743807;15.0;18.0;False;False;False;False;False;True;True;20.49907454866584
150;145;2015-09-01;67050.58144141757;20442.654328743807;15.0;18.0;False;False;False;False;False;True;True;17.621727802535418
150;145;2015-10-01;57959.60841141964;20442.654328743807;15.0;18.0;False;False;False;False;False;True;True;14.792289238072366
150;145;2015-11-01;63378.67220927759;20442.654328743807;15.0;18.0;False;False;False;False;False;True;True;12.474742852144688
151;146;2015-11-01;41711.30156270883;16727.851489208406;15.0;18.0;False;False;False;False;False;True;True;12.474742852144688
151;146;2015-12-01;45489.85119232453;16727.851489208406;15.0;18.0;False;False;False;False;False;True;True;10.585770904643011
151;146;2016-01-01;52478.59276934536;16727.851489208406;15.0;18.0;False;False;False;False;False;True;True;10.044430381276952
151;146;2016-02-01;52484.64992206544;16727.851489208406;15.0;18.0;False;False;False;False;False;True;True;12.181250227658523
151;146;2016-03-01;49567.5775280512;16727.851489208406;15.0;18.0;False;False;False;False;False;True;True;12.515167674172917
151;146;2016-04-01;50853.05474938047;16727.851489208406;15.0;18.0;False;False;False;False;False;True;True;15.29589403743588
151;146;2016-05-01;57252.286504823;16727.851489208406;15.0;18.0;False;False;False;False;False;True;True;16.96185797726271
151;146;2016-06-01;65438.7471179174;16727.851489208406;15.0;18.0;False;False;False;False;False;True;True;19.401180382433072
151;146;2016-07-01;64528.06196229704;16727.851489208406;15.0;18.0;False;False;False;False;False;True;True;21.32305825008297
151;146;2016-08-01;62627.30583951974;16727.851489208406;15.0;18.0;False;False;False;False;False;True;True;20.742745780697103
151;146;2016-09-01;57527.26286600511;16727.851489208406;15.0;18.0;False;False;False;False;False;True;True;19.343314778472426
151;146;2016-10-01;49050.68269321409;16727.851489208406;15.0;18.0;False;False;False;False;False;True;True;15.324236311387889
151;146;2016-11-01;49870.87741639889;16727.851489208406;15.0;18.0;False;False;False;False;False;True;True;12.177426391472933
151;146;2016-12-01;51757.74396450949;16727.851489208406;15.0;18.0;False;False;False;False;False;True;True;9.090210333213026
151;146;2017-01-01;60102.55159286263;16727.851489208406;15.0;18.0;False;False;False;False;False;True;True;8.220158448422033
151;146;2017-02-01;55320.35463574646;16727.851489208406;15.0;18.0;False;False;False;False;False;True;True;11.089617159986588
151;146;2017-03-01;56142.12369370563;16727.851489208406;15.0;18.0;False;False;False;False;False;True;True;13.587104379909494
151;146;2017-04-01;55796.974844033975;16727.851489208406;15.0;18.0;False;False;False;False;False;True;True;14.894739608181292
151;146;2017-05-01;57207.30109465317;16727.851489208406;15.0;18.0;False;False;False;False;False;True;True;17.435992917198842
151;146;2017-06-01;60784.46875081053;16727.851489208406;15.0;18.0;False;False;False;False;False;True;True;20.887620035041337
151;146;2017-07-01;69140.69338886466;16727.851489208406;15.0;18.0;False;False;False;False;False;True;True;21.37875162596229
151;146;2017-08-01;62752.88609404102;16727.851489208406;15.0;18.0;False;False;False;False;False;True;True;22.11828355029739
151;146;2017-09-01;59174.43112437648;16727.851489208406;15.0;18.0;False;False;False;False;False;True;True;18.007116473367873
152;148;2015-05-01;207732.03686063687;13157.060166971643;15.0;18.0;False;False;False;False;False;True;True;17.141654142366107
152;148;2015-06-01;500997.66633343534;13157.060166971643;15.0;18.0;False;False;False;False;False;True;True;19.39294481553273
152;148;2015-07-01;1521686.775875667;13157.060166971643;15.0;18.0;False;False;False;False;False;True;True;21.53785193429267
152;148;2015-08-01;811676.0065193033;13157.060166971643;15.0;18.0;False;False;False;False;False;True;True;20.49907454866584
152;148;2015-09-01;789731.7271583772;13157.060166971643;15.0;18.0;False;False;False;False;False;True;True;17.621727802535418
152;148;2015-10-01;152246.7260138721;13157.060166971643;15.0;18.0;False;False;False;False;False;True;True;14.792289238072366
152;148;2015-11-01;69944.65130681412;13157.060166971643;15.0;18.0;False;False;False;False;False;True;True;12.474742852144688
152;148;2015-12-01;103287.10807765753;13157.060166971643;15.0;18.0;False;False;False;False;False;True;True;10.585770904643011
152;148;2016-01-01;114290.51810153996;13157.060166971643;15.0;18.0;False;False;False;False;False;True;True;10.044430381276952
152;148;2016-02-01;339896.1417601866;13157.060166971643;15.0;18.0;False;False;False;False;False;True;True;12.181250227658523
152;148;2016-03-01;319198.3692684623;13157.060166971643;15.0;18.0;False;False;False;False;False;True;True;12.515167674172917
152;148;2016-04-01;134939.9956414083;13157.060166971643;15.0;18.0;False;False;False;False;False;True;True;15.29589403743588
152;148;2016-05-01;169271.52077433;13157.060166971643;15.0;18.0;False;False;False;False;False;True;True;16.96185797726271
153;148;2016-07-01;1686807.2312190193;13157.060166971643;15.0;18.0;False;False;False;False;False;True;True;21.32305825008297
153;148;2016-08-01;1947692.3262381176;13157.060166971643;15.0;18.0;False;False;False;False;False;True;True;20.742745780697103
153;148;2016-09-01;1806000.654533796;13157.060166971643;15.0;18.0;False;False;False;False;False;True;True;19.343314778472426
154;149;2015-11-01;7358.18929525074;9551.823600819334;15.0;18.0;False;False;False;False;False;False;False;12.474742852144688
154;149;2015-12-01;7304.109057527503;9551.823600819334;15.0;18.0;False;False;False;False;False;False;False;10.585770904643011
154;149;2016-01-01;7671.405811009964;9551.823600819334;15.0;18.0;False;False;False;False;False;False;False;10.044430381276952
154;149;2016-02-01;7574.741668889698;9551.823600819334;15.0;18.0;False;False;False;False;False;False;False;12.181250227658523
154;149;2016-03-01;6579.527318851511;9551.823600819334;15.0;18.0;False;False;False;False;False;False;False;12.515167674172917
154;149;2016-04-01;5944.699034998326;9551.823600819334;15.0;18.0;False;False;False;False;False;False;False;15.29589403743588
154;149;2016-05-01;5565.478924960019;9551.823600819334;15.0;18.0;False;False;False;False;False;False;False;16.96185797726271
154;149;2016-06-01;6494.460322869487;9551.823600819334;15.0;18.0;False;False;False;False;False;False;False;19.401180382433072
154;149;2016-07-01;10267.60546561168;9551.823600819334;15.0;18.0;False;False;False;False;False;False;False;21.32305825008297
154;149;2016-08-01;9674.473351762888;9551.823600819334;15.0;18.0;False;False;False;False;False;False;False;20.742745780697103
154;149;2016-09-01;8607.536113240278;9551.823600819334;15.0;18.0;False;False;False;False;False;False;False;19.343314778472426
154;149;2016-10-01;6970.415547004995;9551.823600819334;15.0;18.0;False;False;False;False;False;False;False;15.324236311387889
154;149;2016-11-01;7781.805011422445;9551.823600819334;15.0;18.0;False;False;False;False;False;False;False;12.177426391472933
154;149;2016-12-01;7979.088828513428;9551.823600819334;15.0;18.0;False;False;False;False;False;False;False;9.090210333213026
154;149;2017-01-01;8114.908221880883;9551.823600819334;15.0;18.0;False;False;False;False;False;False;False;8.220158448422033
154;149;2017-02-01;7816.484644264041;9551.823600819334;15.0;18.0;False;False;False;False;False;False;False;11.089617159986588
154;149;2017-03-01;6968.464499232846;9551.823600819334;15.0;18.0;False;False;False;False;False;False;False;13.587104379909494
154;149;2017-04-01;5954.329306490164;9551.823600819334;15.0;18.0;False;False;False;False;False;False;False;14.894739608181292
154;149;2017-05-01;8783.8419789613;9551.823600819334;15.0;18.0;False;False;False;False;False;False;False;17.435992917198842
154;149;2017-06-01;8906.92656276256;9551.823600819334;15.0;18.0;False;False;False;False;False;False;False;20.887620035041337
154;149;2017-07-01;8906.92656276256;9551.823600819334;15.0;18.0;False;False;False;False;False;False;False;21.37875162596229
154;149;2017-08-01;8906.92656276256;9551.823600819334;15.0;18.0;False;False;False;False;False;False;False;22.11828355029739
154;149;2017-09-01;8906.92656276256;9551.823600819334;15.0;18.0;False;False;False;False;False;False;False;18.007116473367873
154;149;2017-10-01;8906.92656276256;9551.823600819334;15.0;18.0;False;False;False;False;False;False;False;15.89606581655819
154;149;2017-11-01;8637.356651923028;9551.823600819334;15.0;18.0;False;False;False;False;False;False;False;11.848114658126905
155;150;2014-01-01;49102.51894918633;21607.715149341384;15.0;18.0;False;False;False;False;False;True;True;11.1431840880552
155;150;2014-02-01;63020.564663303885;21607.715149341384;15.0;18.0;False;False;False;False;False;True;True;12.204535957921411
155;150;2014-03-01;113300.1259511236;21607.715149341384;15.0;18.0;False;False;False;False;False;True;True;13.182095292577824
155;150;2014-04-01;136100.775333854;21607.715149341384;15.0;18.0;False;False;False;False;False;True;True;15.084608638230538
155;150;2014-05-01;171945.34335631193;21607.715149341384;15.0;18.0;False;False;False;False;False;True;True;15.007417672450508
155;150;2014-06-01;172843.75123046484;21607.715149341384;15.0;18.0;False;False;False;False;False;True;True;17.60630221210198
155;150;2014-07-01;165082.16456572662;21607.715149341384;15.0;18.0;False;False;False;False;False;True;True;17.02814087022849
155;150;2014-08-01;153457.37811972538;21607.715149341384;15.0;18.0;False;False;False;False;False;True;True;16.768820314896253
155;150;2014-09-01;127161.94333624245;21607.715149341384;15.0;18.0;False;False;False;False;False;True;True;16.227282433689336
155;150;2014-10-01;80682.60817685684;21607.715149341384;15.0;18.0;False;False;False;False;False;True;True;14.53081529820492
155;150;2014-11-01;50161.11320777861;21607.715149341384;15.0;18.0;False;False;False;False;False;True;True;12.603836181081192
155;150;2014-12-01;43262.4944908086;21607.715149341384;15.0;18.0;False;False;False;False;False;True;True;9.994714275622268
156;150;2015-02-01;99389.65528298782;21607.715149341384;15.0;18.0;False;False;False;False;False;True;True;8.827408379093514
156;150;2015-03-01;109694.71836879624;21607.715149341384;15.0;18.0;False;False;False;False;False;True;True;12.60792026996771
156;150;2015-04-01;154625.70810690025;21607.715149341384;15.0;18.0;False;False;False;False;False;True;True;14.895697905434822
156;150;2015-05-01;160302.83002208135;21607.715149341384;15.0;18.0;False;False;False;False;False;True;True;17.141654142366107
157;150;2015-07-01;155098.58654968522;21607.715149341384;15.0;18.0;False;False;False;False;False;True;True;21.53785193429267
157;150;2015-08-01;149898.18466313716;21607.715149341384;15.0;18.0;False;False;False;False;False;True;True;20.49907454866584
157;150;2015-09-01;124365.28013125111;21607.715149341384;15.0;18.0;False;False;False;False;False;True;True;17.621727802535418
157;150;2015-10-01;79506.73110582068;21607.715149341384;15.0;18.0;False;False;False;False;False;True;True;14.792289238072366
157;150;2015-11-01;71025.75866590354;21607.715149341384;15.0;18.0;False;False;False;False;False;True;True;12.474742852144688
157;150;2015-12-01;53066.79386067445;21607.715149341384;15.0;18.0;False;False;False;False;False;True;True;10.585770904643011
157;150;2016-01-01;54464.21500410413;21607.715149341384;15.0;18.0;False;False;False;False;False;True;True;10.044430381276952
157;150;2016-02-01;66558.12900064813;21607.715149341384;15.0;18.0;False;False;False;False;False;True;True;12.181250227658523
157;150;2016-03-01;92532.5469074365;21607.715149341384;15.0;18.0;False;False;False;False;False;True;True;12.515167674172917
157;150;2016-04-01;145405.47288672396;21607.715149341384;15.0;18.0;False;False;False;False;False;True;True;15.29589403743588
157;150;2016-05-01;156638.3328123229;21607.715149341384;15.0;18.0;False;False;False;False;False;True;True;16.96185797726271
157;150;2016-06-01;177956.99069094888;21607.715149341384;15.0;18.0;False;False;False;False;False;True;True;19.401180382433072
157;150;2016-07-01;171645.74821967672;21607.715149341384;15.0;18.0;False;False;False;False;False;True;True;21.32305825008297
158;150;2016-09-01;122561.25997983408;21607.715149341384;15.0;18.0;False;False;False;False;False;True;True;19.343314778472426
158;150;2016-10-01;79189.61242871157;21607.715149341384;15.0;18.0;False;False;False;False;False;True;True;15.324236311387889
158;150;2016-11-01;52979.305363465486;21607.715149341384;15.0;18.0;False;False;False;False;False;True;True;12.177426391472933
158;150;2016-12-01;57443.9006859807;21607.715149341384;15.0;18.0;False;False;False;False;False;True;True;9.090210333213026
159;151;2014-01-01;18166.803083554834;19758.452914001537;15.0;18.0;False;False;False;False;False;True;True;11.1431840880552
159;151;2014-02-01;16632.308613064204;19758.452914001537;15.0;18.0;False;False;False;False;False;True;True;12.204535957921411
159;151;2014-03-01;13677.488837794514;19758.452914001537;15.0;18.0;False;False;False;False;False;True;True;13.182095292577824
159;151;2014-04-01;116.3771380493892;19758.452914001537;15.0;18.0;False;False;False;False;False;True;True;15.084608638230538
159;151;2014-05-01;121.20982185568654;19758.452914001537;15.0;18.0;False;False;False;False;False;True;True;15.007417672450508
159;151;2014-06-01;170.89012887683162;19758.452914001537;15.0;18.0;False;False;False;False;False;True;True;17.60630221210198
159;151;2014-07-01;45745.64731933602;19758.452914001537;15.0;18.0;False;False;False;False;False;True;True;17.02814087022849
159;151;2014-08-01;51231.81295945591;19758.452914001537;15.0;18.0;False;False;False;False;False;True;True;16.768820314896253
159;151;2014-09-01;44076.96176353721;19758.452914001537;15.0;18.0;False;False;False;False;False;True;True;16.227282433689336
159;151;2014-10-01;43478.95914181062;19758.452914001537;15.0;18.0;False;False;False;False;False;True;True;14.53081529820492
159;151;2014-11-01;29600.4850749552;19758.452914001537;15.0;18.0;False;False;False;False;False;True;True;12.603836181081192
159;151;2014-12-01;20475.86977159542;19758.452914001537;15.0;18.0;False;False;False;False;False;True;True;9.994714275622268
159;151;2015-01-01;17108.117775715393;19758.452914001537;15.0;18.0;False;False;False;False;False;True;True;9.817247733789548
159;151;2015-02-01;13978.44855545856;19758.452914001537;15.0;18.0;False;False;False;False;False;True;True;8.827408379093514
159;151;2015-03-01;16686.561824665907;19758.452914001537;15.0;18.0;False;False;False;False;False;True;True;12.60792026996771
159;151;2015-04-01;23358.598382637327;19758.452914001537;15.0;18.0;False;False;False;False;False;True;True;14.895697905434822
159;151;2015-05-01;13739.553681101155;19758.452914001537;15.0;18.0;False;False;False;False;False;True;True;17.141654142366107
159;151;2015-06-01;179.6510676873174;19758.452914001537;15.0;18.0;False;False;False;False;False;True;True;19.39294481553273
159;151;2015-07-01;41676.102986360194;19758.452914001537;15.0;18.0;False;False;False;False;False;True;True;21.53785193429267
159;151;2015-08-01;47231.12034578786;19758.452914001537;15.0;18.0;False;False;False;False;False;True;True;20.49907454866584
159;151;2015-09-01;43426.4765942846;19758.452914001537;15.0;18.0;False;False;False;False;False;True;True;17.621727802535418
159;151;2015-10-01;38340.51458187639;19758.452914001537;15.0;18.0;False;False;False;False;False;True;True;14.792289238072366
159;151;2015-11-01;29043.0472682166;19758.452914001537;15.0;18.0;False;False;False;False;False;True;True;12.474742852144688
159;151;2015-12-01;21557.76237218808;19758.452914001537;15.0;18.0;False;False;False;False;False;True;True;10.585770904643011
159;151;2016-01-01;16429.75393421784;19758.452914001537;15.0;18.0;False;False;False;False;False;True;True;10.044430381276952
159;151;2016-02-01;18831.79808652584;19758.452914001537;15.0;18.0;False;False;False;False;False;True;True;12.181250227658523
159;151;2016-03-01;15560.157154724697;19758.452914001537;15.0;18.0;False;False;False;False;False;True;True;12.515167674172917
159;151;2016-04-01;27164.62026594957;19758.452914001537;15.0;18.0;False;False;False;False;False;True;True;15.29589403743588
159;151;2016-05-01;8234.492201719111;19758.452914001537;15.0;18.0;False;False;False;False;False;True;True;16.96185797726271
159;151;2016-06-01;151.63559232647265;19758.452914001537;15.0;18.0;False;False;False;False;False;True;True;19.401180382433072
159;151;2016-07-01;25712.30622879328;19758.452914001537;15.0;18.0;False;False;False;False;False;True;True;21.32305825008297
159;151;2016-08-01;46831.28593607037;19758.452914001537;15.0;18.0;False;False;False;False;False;True;True;20.742745780697103
159;151;2016-09-01;43384.62201804283;19758.452914001537;15.0;18.0;False;False;False;False;False;True;True;19.343314778472426
159;151;2016-10-01;36632.51755216469;19758.452914001537;15.0;18.0;False;False;False;False;False;True;True;15.324236311387889
159;151;2016-11-01;26406.09063296165;19758.452914001537;15.0;18.0;False;False;False;False;False;True;True;12.177426391472933
159;151;2016-12-01;16984.336162402105;19758.452914001537;15.0;18.0;False;False;False;False;False;True;True;9.090210333213026
159;151;2017-01-01;14200.28485858602;19758.452914001537;15.0;18.0;False;False;False;False;False;True;True;8.220158448422033
159;151;2017-02-01;18350.81378713692;19758.452914001537;15.0;18.0;False;False;False;False;False;True;True;11.089617159986588
160;152;2015-11-01;11541.326602939938;13999.177368241362;15.0;18.0;False;False;False;False;False;True;True;12.474742852144688
160;152;2015-12-01;8412.812872401471;13999.177368241362;15.0;18.0;False;False;False;False;False;True;True;10.585770904643011
160;152;2016-01-01;9781.349565613786;13999.177368241362;15.0;18.0;False;False;False;False;False;True;True;10.044430381276952
160;152;2016-02-01;9994.72651118908;13999.177368241362;15.0;18.0;False;False;False;False;False;True;True;12.181250227658523
160;152;2016-03-01;10544.132914130303;13999.177368241362;15.0;18.0;False;False;False;False;False;True;True;12.515167674172917
160;152;2016-04-01;7747.79308869898;13999.177368241362;15.0;18.0;False;False;False;False;False;True;True;15.29589403743588
160;152;2016-05-01;8926.594633778255;13999.177368241362;15.0;18.0;False;False;False;False;False;True;True;16.96185797726271
160;152;2016-06-01;7586.53364560841;13999.177368241362;15.0;18.0;False;False;False;False;False;True;True;19.401180382433072
160;152;2016-07-01;10181.264038604468;13999.177368241362;15.0;18.0;False;False;False;False;False;True;True;21.32305825008297
160;152;2016-08-01;11846.895240353231;13999.177368241362;15.0;18.0;False;False;False;False;False;True;True;20.742745780697103
160;152;2016-09-01;8140.59739275664;13999.177368241362;15.0;18.0;False;False;False;False;False;True;True;19.343314778472426
160;152;2016-10-01;6397.252702296591;13999.177368241362;15.0;18.0;False;False;False;False;False;True;True;15.324236311387889
160;152;2016-11-01;6209.349009756242;13999.177368241362;15.0;18.0;False;False;False;False;False;True;True;12.177426391472933
160;152;2016-12-01;7902.390705351875;13999.177368241362;15.0;18.0;False;False;False;False;False;True;True;9.090210333213026
160;152;2017-01-01;13146.251298144003;13999.177368241362;15.0;18.0;False;False;False;False;False;True;True;8.220158448422033
160;152;2017-02-01;10055.978264304767;13999.177368241362;15.0;18.0;False;False;False;False;False;True;True;11.089617159986588
160;152;2017-03-01;7587.445247063342;13999.177368241362;15.0;18.0;False;False;False;False;False;True;True;13.587104379909494
160;152;2017-04-01;6320.834125238207;13999.177368241362;15.0;18.0;False;False;False;False;False;True;True;14.894739608181292
160;152;2017-05-01;7015.530930829203;13999.177368241362;15.0;18.0;False;False;False;False;False;True;True;17.435992917198842
160;152;2017-06-01;20234.403127607704;13999.177368241362;15.0;18.0;False;False;False;False;False;True;True;20.887620035041337
160;152;2017-07-01;39112.45432832972;13999.177368241362;15.0;18.0;False;False;False;False;False;True;True;21.37875162596229
160;152;2017-08-01;45600.051086718864;13999.177368241362;15.0;18.0;False;False;False;False;False;True;True;22.11828355029739
160;152;2017-09-01;26501.00740151775;13999.177368241362;15.0;18.0;False;False;False;False;False;True;True;18.007116473367873
161;153;2015-11-01;4706.466474483539;336.7854926071596;5.0;18.0;False;False;False;False;False;True;True;12.474742852144688
161;153;2015-12-01;4928.124611529088;336.7854926071596;5.0;18.0;False;False;False;False;False;True;True;10.585770904643011
161;153;2016-01-01;3701.275363632076;336.7854926071596;5.0;18.0;False;False;False;False;False;True;True;10.044430381276952
161;153;2016-02-01;4799.770043561394;336.7854926071596;5.0;18.0;False;False;False;False;False;True;True;12.181250227658523
161;153;2016-03-01;1799.0044815735428;336.7854926071596;5.0;18.0;False;False;False;False;False;True;True;12.515167674172917
161;153;2016-04-01;1339.034544545003;336.7854926071596;5.0;18.0;False;False;False;False;False;True;True;15.29589403743588
161;153;2016-05-01;1430.5676673959722;336.7854926071596;5.0;18.0;False;False;False;False;False;True;True;16.96185797726271
161;153;2016-06-01;1367.8972339581458;336.7854926071596;5.0;18.0;False;False;False;False;False;True;True;19.401180382433072
161;153;2016-07-01;1558.1256543935494;336.7854926071596;5.0;18.0;False;False;False;False;False;True;True;21.32305825008297
161;153;2016-08-01;1106.4041265359308;336.7854926071596;5.0;18.0;False;False;False;False;False;True;True;20.742745780697103
161;153;2016-09-01;1421.1157063902026;336.7854926071596;5.0;18.0;False;False;False;False;False;True;True;19.343314778472426
161;153;2016-10-01;1385.8877156021506;336.7854926071596;5.0;18.0;False;False;False;False;False;True;True;15.324236311387889
161;153;2016-11-01;1566.3587545173682;336.7854926071596;5.0;18.0;False;False;False;False;False;True;True;12.177426391472933
161;153;2016-12-01;1636.6561125717435;336.7854926071596;5.0;18.0;False;False;False;False;False;True;True;9.090210333213026
161;153;2017-01-01;2597.8054934150728;336.7854926071596;5.0;18.0;False;False;False;False;False;True;True;8.220158448422033
161;153;2017-02-01;2314.0517282781907;336.7854926071596;5.0;18.0;False;False;False;False;False;True;True;11.089617159986588
161;153;2017-03-01;2113.326194478121;336.7854926071596;5.0;18.0;False;False;False;False;False;True;True;13.587104379909494
161;153;2017-04-01;1558.0285524054586;336.7854926071596;5.0;18.0;False;False;False;False;False;True;True;14.894739608181292
161;153;2017-05-01;1415.0937419609006;336.7854926071596;5.0;18.0;False;False;False;False;False;True;True;17.435992917198842
161;153;2017-06-01;1471.0302864394062;336.7854926071596;5.0;18.0;False;False;False;False;False;True;True;20.887620035041337
161;153;2017-07-01;1657.5678514752033;336.7854926071596;5.0;18.0;False;False;False;False;False;True;True;21.37875162596229
161;153;2017-08-01;1423.332944714394;336.7854926071596;5.0;18.0;False;False;False;False;False;True;True;22.11828355029739
161;153;2017-09-01;1495.7664767056278;336.7854926071596;5.0;18.0;False;False;False;False;False;True;True;18.007116473367873
162;154;2014-11-01;42431.93837904165;20258.56762693205;15.0;18.0;False;False;False;False;False;True;True;12.603836181081192
162;154;2014-12-01;38854.91791734759;20258.56762693205;15.0;18.0;False;False;False;False;False;True;True;9.994714275622268
162;154;2015-01-01;38635.97731597945;20258.56762693205;15.0;18.0;False;False;False;False;False;True;True;9.817247733789548
162;154;2015-02-01;39937.675809140135;20258.56762693205;15.0;18.0;False;False;False;False;False;True;True;8.827408379093514
162;154;2015-03-01;35862.87465161933;20258.56762693205;15.0;18.0;False;False;False;False;False;True;True;12.60792026996771
162;154;2015-04-01;44872.03688710863;20258.56762693205;15.0;18.0;False;False;False;False;False;True;True;14.895697905434822
162;154;2015-05-01;53297.70792928639;20258.56762693205;15.0;18.0;False;False;False;False;False;True;True;17.141654142366107
162;154;2015-06-01;64498.53491184211;20258.56762693205;15.0;18.0;False;False;False;False;False;True;True;19.39294481553273
162;154;2015-07-01;89359.13907487322;20258.56762693205;15.0;18.0;False;False;False;False;False;True;True;21.53785193429267
162;154;2015-08-01;85944.83615219801;20258.56762693205;15.0;18.0;False;False;False;False;False;True;True;20.49907454866584
162;154;2015-09-01;65554.84323528776;20258.56762693205;15.0;18.0;False;False;False;False;False;True;True;17.621727802535418
162;154;2015-10-01;40038.39324478183;20258.56762693205;15.0;18.0;False;False;False;False;False;True;True;14.792289238072366
162;154;2015-11-01;32984.905669350104;20258.56762693205;15.0;18.0;False;False;False;False;False;True;True;12.474742852144688
162;154;2015-12-01;35313.577487850926;20258.56762693205;15.0;18.0;False;False;False;False;False;True;True;10.585770904643011
162;154;2016-01-01;33834.23107796439;20258.56762693205;15.0;18.0;False;False;False;False;False;True;True;10.044430381276952
162;154;2016-02-01;39970.06078623881;20258.56762693205;15.0;18.0;False;False;False;False;False;True;True;12.181250227658523
162;154;2016-03-01;35730.28665706083;20258.56762693205;15.0;18.0;False;False;False;False;False;True;True;12.515167674172917
162;154;2016-04-01;34135.86174367376;20258.56762693205;15.0;18.0;False;False;False;False;False;True;True;15.29589403743588
162;154;2016-05-01;46322.83553742065;20258.56762693205;15.0;18.0;False;False;False;False;False;True;True;16.96185797726271
162;154;2016-06-01;57597.50752729448;20258.56762693205;15.0;18.0;False;False;False;False;False;True;True;19.401180382433072
162;154;2016-07-01;81594.26200895442;20258.56762693205;15.0;18.0;False;False;False;False;False;True;True;21.32305825008297
162;154;2016-08-01;72234.0754689252;20258.56762693205;15.0;18.0;False;False;False;False;False;True;True;20.742745780697103
162;154;2016-09-01;62418.9624573394;20258.56762693205;15.0;18.0;False;False;False;False;False;True;True;19.343314778472426
162;154;2016-10-01;35633.410754429315;20258.56762693205;15.0;18.0;False;False;False;False;False;True;True;15.324236311387889
162;154;2016-11-01;33548.7382339512;20258.56762693205;15.0;18.0;False;False;False;False;False;True;True;12.177426391472933
162;154;2016-12-01;30778.67622951345;20258.56762693205;15.0;18.0;False;False;False;False;False;True;True;9.090210333213026
162;154;2017-01-01;34238.99264442028;20258.56762693205;15.0;18.0;False;False;False;False;False;True;True;8.220158448422033
162;154;2017-02-01;34971.26689545841;20258.56762693205;15.0;18.0;False;False;False;False;False;True;True;11.089617159986588
162;154;2017-03-01;33587.3322373177;20258.56762693205;15.0;18.0;False;False;False;False;False;True;True;13.587104379909494
162;154;2017-04-01;34298.334364615366;20258.56762693205;15.0;18.0;False;False;False;False;False;True;True;14.894739608181292
162;154;2017-05-01;47843.09557997171;20258.56762693205;15.0;18.0;False;False;False;False;False;True;True;17.435992917198842
162;154;2017-06-01;63543.612754306254;20258.56762693205;15.0;18.0;False;False;False;False;False;True;True;20.887620035041337
162;154;2017-07-01;69013.5432147445;20258.56762693205;15.0;18.0;False;False;False;False;False;True;True;21.37875162596229
162;154;2017-08-01;73068.06305327678;20258.56762693205;15.0;18.0;False;False;False;False;False;True;True;22.11828355029739
162;154;2017-09-01;55719.87469543183;20258.56762693205;15.0;18.0;False;False;False;False;False;True;True;18.007116473367873
162;154;2017-10-01;41700.80123975997;20258.56762693205;15.0;18.0;False;False;False;False;False;True;True;15.89606581655819
163;155;2014-03-01;1690667.6748763574;4224.944262416102;15.0;18.0;False;False;False;False;False;True;True;13.182095292577824
163;155;2014-04-01;1497802.2657967831;4224.944262416102;15.0;18.0;False;False;False;False;False;True;True;15.084608638230538
163;155;2014-05-01;1415951.7724733455;4224.944262416102;15.0;18.0;False;False;False;False;False;True;True;15.007417672450508
163;155;2014-06-01;1441032.2061247744;4224.944262416102;15.0;18.0;False;False;False;False;False;True;True;17.60630221210198
163;155;2014-07-01;2014487.950746228;4224.944262416102;15.0;18.0;False;False;False;False;False;True;True;17.02814087022849
163;155;2014-08-01;625867.1882461241;4224.944262416102;15.0;18.0;False;False;False;False;False;True;True;16.768820314896253
163;155;2014-09-01;1601813.2111322214;4224.944262416102;15.0;18.0;False;False;False;False;False;True;True;16.227282433689336
163;155;2014-10-01;1312492.6321162838;4224.944262416102;15.0;18.0;False;False;False;False;False;True;True;14.53081529820492
163;155;2014-11-01;1323828.966217592;4224.944262416102;15.0;18.0;False;False;False;False;False;True;True;12.603836181081192
163;155;2014-12-01;1308323.1799981317;4224.944262416102;15.0;18.0;False;False;False;False;False;True;True;9.994714275622268
163;155;2015-01-01;1435380.837391935;4224.944262416102;15.0;18.0;False;False;False;False;False;True;True;9.817247733789548
163;155;2015-02-01;1547609.0539984284;4224.944262416102;15.0;18.0;False;False;False;False;False;True;True;8.827408379093514
164;155;2015-04-01;1510654.4523554028;4224.944262416102;15.0;18.0;False;False;False;False;False;True;True;14.895697905434822
164;155;2015-05-01;1378649.3307149005;4224.944262416102;15.0;18.0;False;False;False;False;False;True;True;17.141654142366107
164;155;2015-06-01;1539386.1153962254;4224.944262416102;15.0;18.0;False;False;False;False;False;True;True;19.39294481553273
164;155;2015-07-01;1541539.3934474348;4224.944262416102;15.0;18.0;False;False;False;False;False;True;True;21.53785193429267
165;155;2015-09-01;1411160.430138782;4224.944262416102;15.0;18.0;False;False;False;False;False;True;True;17.621727802535418
165;155;2015-10-01;1453732.268946559;4224.944262416102;15.0;18.0;False;False;False;False;False;True;True;14.792289238072366
165;155;2015-11-01;1355166.973901987;4224.944262416102;15.0;18.0;False;False;False;False;False;True;True;12.474742852144688
165;155;2015-12-01;1217123.9341825177;4224.944262416102;15.0;18.0;False;False;False;False;False;True;True;10.585770904643011
165;155;2016-01-01;1148559.1387607683;4224.944262416102;15.0;18.0;False;False;False;False;False;True;True;10.044430381276952
165;155;2016-02-01;1521361.4906430128;4224.944262416102;15.0;18.0;False;False;False;False;False;True;True;12.181250227658523
165;155;2016-03-01;1556136.6951265414;4224.944262416102;15.0;18.0;False;False;False;False;False;True;True;12.515167674172917
165;155;2016-04-01;1507057.1235631683;4224.944262416102;15.0;18.0;False;False;False;False;False;True;True;15.29589403743588
165;155;2016-05-01;1242725.1962060884;4224.944262416102;15.0;18.0;False;False;False;False;False;True;True;16.96185797726271
165;155;2016-06-01;1296172.5749634665;4224.944262416102;15.0;18.0;False;False;False;False;False;True;True;19.401180382433072
165;155;2016-07-01;1258292.8437868624;4224.944262416102;15.0;18.0;False;False;False;False;False;True;True;21.32305825008297
165;155;2016-08-01;584425.2733019863;4224.944262416102;15.0;18.0;False;False;False;False;False;True;True;20.742745780697103
165;155;2016-09-01;1414178.184597885;4224.944262416102;15.0;18.0;False;False;False;False;False;True;True;19.343314778472426
166;155;2016-11-01;1747176.8781440356;4224.944262416102;15.0;18.0;False;False;False;False;False;True;True;12.177426391472933
166;155;2016-12-01;1443799.243267586;4224.944262416102;15.0;18.0;False;False;False;False;False;True;True;9.090210333213026
166;155;2017-01-01;1379984.2768132992;4224.944262416102;15.0;18.0;False;False;False;False;False;True;True;8.220158448422033
166;155;2017-02-01;1611323.836191063;4224.944262416102;15.0;18.0;False;False;False;False;False;True;True;11.089617159986588
167;156;2014-09-01;22012018.13622281;17531.967528630048;15.0;20.0;False;False;False;False;False;True;True;16.227282433689336
167;156;2014-10-01;21732464.985157523;17531.967528630048;15.0;20.0;False;False;False;False;False;True;True;14.53081529820492
167;156;2014-11-01;18710624.290492103;17531.967528630048;15.0;20.0;False;False;False;False;False;True;True;12.603836181081192
167;156;2014-12-01;13606477.052026637;17531.967528630048;15.0;20.0;False;False;False;False;False;True;True;9.994714275622268
167;156;2015-01-01;16246790.56441657;17531.967528630048;15.0;20.0;False;False;False;False;False;True;True;9.817247733789548
167;156;2015-02-01;18221602.64486918;17531.967528630048;15.0;20.0;False;False;False;False;False;True;True;8.827408379093514
167;156;2015-03-01;19904706.291947283;17531.967528630048;15.0;20.0;False;False;False;False;False;True;True;12.60792026996771
167;156;2015-04-01;19611514.19939751;17531.967528630048;15.0;20.0;False;False;False;False;False;True;True;14.895697905434822
167;156;2015-05-01;20845224.336830374;17531.967528630048;15.0;20.0;False;False;False;False;False;True;True;17.141654142366107
167;156;2015-06-01;21745816.481421165;17531.967528630048;15.0;20.0;False;False;False;False;False;True;True;19.39294481553273
167;156;2015-07-01;26768112.51340001;17531.967528630048;15.0;20.0;False;False;False;False;False;True;True;21.53785193429267
167;156;2015-08-01;14563342.80830916;17531.967528630048;15.0;20.0;False;False;False;False;False;True;True;20.49907454866584
167;156;2015-09-01;20731050.23007649;17531.967528630048;15.0;20.0;False;False;False;False;False;True;True;17.621727802535418
168;156;2015-11-01;17294850.86481117;17531.967528630048;15.0;20.0;False;False;False;False;False;True;True;12.474742852144688
168;156;2015-12-01;13032543.086096538;17531.967528630048;15.0;20.0;False;False;False;False;False;True;True;10.585770904643011
168;156;2016-01-01;14912278.538775325;17531.967528630048;15.0;20.0;False;False;False;False;False;True;True;10.044430381276952
168;156;2016-02-01;19017981.980337866;17531.967528630048;15.0;20.0;False;False;False;False;False;True;True;12.181250227658523
169;157;2014-02-01;79570.26522824029;1138.5723210405558;15.0;18.0;False;False;False;False;False;True;True;12.204535957921411
169;157;2014-03-01;78023.4596378976;1138.5723210405558;15.0;18.0;False;False;False;False;False;True;True;13.182095292577824
169;157;2014-04-01;82354.07455318444;1138.5723210405558;15.0;18.0;False;False;False;False;False;True;True;15.084608638230538
169;157;2014-05-01;123924.45183855678;1138.5723210405558;15.0;18.0;False;False;False;False;False;True;True;15.007417672450508
169;157;2014-06-01;259161.0347146266;1138.5723210405558;15.0;18.0;False;False;False;False;False;True;True;17.60630221210198
169;157;2014-07-01;252662.8976348912;1138.5723210405558;15.0;18.0;False;False;False;False;False;True;True;17.02814087022849
169;157;2014-08-01;246369.2738537123;1138.5723210405558;15.0;18.0;False;False;False;False;False;True;True;16.768820314896253
169;157;2014-09-01;192898.2509650655;1138.5723210405558;15.0;18.0;False;False;False;False;False;True;True;16.227282433689336
169;157;2014-10-01;139866.94348253327;1138.5723210405558;15.0;18.0;False;False;False;False;False;True;True;14.53081529820492
169;157;2014-11-01;98983.53054055298;1138.5723210405558;15.0;18.0;False;False;False;False;False;True;True;12.603836181081192
169;157;2014-12-01;94251.6778422462;1138.5723210405558;15.0;18.0;False;False;False;False;False;True;True;9.994714275622268
169;157;2015-01-01;75007.19791876423;1138.5723210405558;15.0;18.0;False;False;False;False;False;True;True;9.817247733789548
169;157;2015-02-01;74134.55831440396;1138.5723210405558;15.0;18.0;False;False;False;False;False;True;True;8.827408379093514
170;157;2015-04-01;98403.3382372848;1138.5723210405558;15.0;18.0;False;False;False;False;False;True;True;14.895697905434822
170;157;2015-05-01;137387.55534090992;1138.5723210405558;15.0;18.0;False;False;False;False;False;True;True;17.141654142366107
170;157;2015-06-01;223881.5363941496;1138.5723210405558;15.0;18.0;False;False;False;False;False;True;True;19.39294481553273
170;157;2015-07-01;331232.6463711749;1138.5723210405558;15.0;18.0;False;False;False;False;False;True;True;21.53785193429267
171;157;2015-09-01;179577.44819023012;1138.5723210405558;15.0;18.0;False;False;False;False;False;True;True;17.621727802535418
171;157;2015-10-01;124949.4784834343;1138.5723210405558;15.0;18.0;False;False;False;False;False;True;True;14.792289238072366
171;157;2015-11-01;97208.07881553304;1138.5723210405558;15.0;18.0;False;False;False;False;False;True;True;12.474742852144688
171;157;2015-12-01;78224.23717808323;1138.5723210405558;15.0;18.0;False;False;False;False;False;True;True;10.585770904643011
171;157;2016-01-01;78629.6906338287;1138.5723210405558;15.0;18.0;False;False;False;False;False;True;True;10.044430381276952
171;157;2016-02-01;77874.2141633421;1138.5723210405558;15.0;18.0;False;False;False;False;False;True;True;12.181250227658523
171;157;2016-03-01;78721.6248395318;1138.5723210405558;15.0;18.0;False;False;False;False;False;True;True;12.515167674172917
171;157;2016-04-01;83157.45118291066;1138.5723210405558;15.0;18.0;False;False;False;False;False;True;True;15.29589403743588
171;157;2016-05-01;121410.28531515152;1138.5723210405558;15.0;18.0;False;False;False;False;False;True;True;16.96185797726271
171;157;2016-06-01;233818.00884951328;1138.5723210405558;15.0;18.0;False;False;False;False;False;True;True;19.401180382433072
171;157;2016-07-01;369376.9913331345;1138.5723210405558;15.0;18.0;False;False;False;False;False;True;True;21.32305825008297
171;157;2016-08-01;313868.10640625074;1138.5723210405558;15.0;18.0;False;False;False;False;False;True;True;20.742745780697103
172;157;2016-10-01;93936.2014889695;1138.5723210405558;15.0;18.0;False;False;False;False;False;True;True;15.324236311387889
172;157;2016-11-01;90601.1333985882;1138.5723210405558;15.0;18.0;False;False;False;False;False;True;True;12.177426391472933
172;157;2016-12-01;76125.90031639567;1138.5723210405558;15.0;18.0;False;False;False;False;False;True;True;9.090210333213026
172;157;2017-01-01;84113.98856126325;1138.5723210405558;15.0;18.0;False;False;False;False;False;True;True;8.220158448422033
173;158;2015-12-01;1019608.2497156144;878.6372150767128;15.0;18.0;False;False;False;False;False;True;True;10.585770904643011
173;158;2016-01-01;1056717.6900687946;878.6372150767128;15.0;18.0;False;False;False;False;False;True;True;10.044430381276952
173;158;2016-02-01;1008396.613276114;878.6372150767128;15.0;18.0;False;False;False;False;False;True;True;12.181250227658523
173;158;2016-03-01;990972.838085968;878.6372150767128;15.0;18.0;False;False;False;False;False;True;True;12.515167674172917
173;158;2016-04-01;951112.635470974;878.6372150767128;15.0;18.0;False;False;False;False;False;True;True;15.29589403743588
173;158;2016-05-01;936549.9655408206;878.6372150767128;15.0;18.0;False;False;False;False;False;True;True;16.96185797726271
173;158;2016-06-01;945755.5850832524;878.6372150767128;15.0;18.0;False;False;False;False;False;True;True;19.401180382433072
173;158;2016-07-01;995946.7653627852;878.6372150767128;15.0;18.0;False;False;False;False;False;True;True;21.32305825008297
173;158;2016-08-01;986207.6914518512;878.6372150767128;15.0;18.0;False;False;False;False;False;True;True;20.742745780697103
173;158;2016-09-01;959676.9574182592;878.6372150767128;15.0;18.0;False;False;False;False;False;True;True;19.343314778472426
173;158;2016-10-01;972153.6509350574;878.6372150767128;15.0;18.0;False;False;False;False;False;True;True;15.324236311387889
173;158;2016-11-01;1040352.247274566;878.6372150767128;15.0;18.0;False;False;False;False;False;True;True;12.177426391472933
173;158;2016-12-01;1055624.5288233953;878.6372150767128;15.0;18.0;False;False;False;False;False;True;True;9.090210333213026
174;158;2017-02-01;1025442.4934618731;878.6372150767128;15.0;18.0;False;False;False;False;False;True;True;11.089617159986588
174;158;2017-03-01;1035650.0509063489;878.6372150767128;15.0;18.0;False;False;False;False;False;True;True;13.587104379909494
174;158;2017-04-01;970420.20726651;878.6372150767128;15.0;18.0;False;False;False;False;False;True;True;14.894739608181292
174;158;2017-05-01;1011347.637789864;878.6372150767128;15.0;18.0;False;False;False;False;False;True;True;17.435992917198842
175;159;2016-02-01;287.03495759754503;826.2092761258828;15.0;18.0;False;False;False;False;False;True;True;12.181250227658523
175;159;2016-03-01;331.7364546490812;826.2092761258828;15.0;18.0;False;False;False;False;False;True;True;12.515167674172917
175;159;2016-04-01;315.42680951363667;826.2092761258828;15.0;18.0;False;False;False;False;False;True;True;15.29589403743588
176;160;2015-12-01;42658.391044123055;652.9254679715958;15.0;18.0;False;False;False;False;False;True;True;10.585770904643011
176;160;2016-01-01;37933.29862553119;652.9254679715958;15.0;18.0;False;False;False;False;False;True;True;10.044430381276952
176;160;2016-02-01;34411.144105450025;652.9254679715958;15.0;18.0;False;False;False;False;False;True;True;12.181250227658523
176;160;2016-03-01;33471.47369858558;652.9254679715958;15.0;18.0;False;False;False;False;False;True;True;12.515167674172917
176;160;2016-04-01;34904.788880878456;652.9254679715958;15.0;18.0;False;False;False;False;False;True;True;15.29589403743588
176;160;2016-05-01;34238.15258352687;652.9254679715958;15.0;18.0;False;False;False;False;False;True;True;16.96185797726271
176;160;2016-06-01;37618.41591271728;652.9254679715958;15.0;18.0;False;False;False;False;False;True;True;19.401180382433072
176;160;2016-07-01;36998.20176232033;652.9254679715958;15.0;18.0;False;False;False;False;False;True;True;21.32305825008297
176;160;2016-08-01;35786.70055603031;652.9254679715958;15.0;18.0;False;False;False;False;False;True;True;20.742745780697103
176;160;2016-09-01;33710.06678804401;652.9254679715958;15.0;18.0;False;False;False;False;False;True;True;19.343314778472426
176;160;2016-10-01;31866.828109466987;652.9254679715958;15.0;18.0;False;False;False;False;False;True;True;15.324236311387889
176;160;2016-11-01;30503.07216369606;652.9254679715958;15.0;18.0;False;False;False;False;False;True;True;12.177426391472933
176;160;2016-12-01;31992.88802162237;652.9254679715958;15.0;18.0;False;False;False;False;False;True;True;9.090210333213026
176;160;2017-01-01;28707.772923502307;652.9254679715958;15.0;18.0;False;False;False;False;False;True;True;8.220158448422033
176;160;2017-02-01;28895.993261283616;652.9254679715958;15.0;18.0;False;False;False;False;False;True;True;11.089617159986588
176;160;2017-03-01;30020.82914355009;652.9254679715958;15.0;18.0;False;False;False;False;False;True;True;13.587104379909494
176;160;2017-04-01;28577.217132552643;652.9254679715958;15.0;18.0;False;False;False;False;False;True;True;14.894739608181292
176;160;2017-05-01;31387.01478563265;652.9254679715958;15.0;18.0;False;False;False;False;False;True;True;17.435992917198842
176;160;2017-06-01;36397.60821999092;652.9254679715958;15.0;18.0;False;False;False;False;False;True;True;20.887620035041337
176;160;2017-07-01;38322.27818010104;652.9254679715958;15.0;18.0;False;False;False;False;False;True;True;21.37875162596229
176;160;2017-08-01;38755.70685677669;652.9254679715958;15.0;18.0;False;False;False;False;False;True;True;22.11828355029739
176;160;2017-09-01;33208.060033098816;652.9254679715958;15.0;18.0;False;False;False;False;False;True;True;18.007116473367873
176;160;2017-10-01;31920.595683305288;652.9254679715958;15.0;18.0;False;False;False;False;False;True;True;15.89606581655819
177;161;2014-10-01;877441.230108837;3719.858954311349;15.0;18.0;False;False;False;False;False;True;True;14.53081529820492
177;161;2014-11-01;833004.329877497;3719.858954311349;15.0;18.0;False;False;False;False;False;True;True;12.603836181081192
177;161;2014-12-01;742458.9910801592;3719.858954311349;15.0;18.0;False;False;False;False;False;True;True;9.994714275622268
177;161;2015-01-01;794619.7961589069;3719.858954311349;15.0;18.0;False;False;False;False;False;True;True;9.817247733789548
177;161;2015-02-01;833692.3975023602;3719.858954311349;15.0;18.0;False;False;False;False;False;True;True;8.827408379093514
177;161;2015-03-01;769583.3496024136;3719.858954311349;15.0;18.0;False;False;False;False;False;True;True;12.60792026996771
177;161;2015-04-01;781270.5508929386;3719.858954311349;15.0;18.0;False;False;False;False;False;True;True;14.895697905434822
177;161;2015-05-01;808400.8450522007;3719.858954311349;15.0;18.0;False;False;False;False;False;True;True;17.141654142366107
177;161;2015-06-01;868017.7325619354;3719.858954311349;15.0;18.0;False;False;False;False;False;True;True;19.39294481553273
177;161;2015-07-01;1059809.3638377066;3719.858954311349;15.0;18.0;False;False;False;False;False;True;True;21.53785193429267
177;161;2015-08-01;659227.4555371717;3719.858954311349;15.0;18.0;False;False;False;False;False;True;True;20.49907454866584
177;161;2015-09-01;905880.8837640438;3719.858954311349;15.0;18.0;False;False;False;False;False;True;True;17.621727802535418
178;161;2015-11-01;805806.3862832949;3719.858954311349;15.0;18.0;False;False;False;False;False;True;True;12.474742852144688
178;161;2015-12-01;694169.7328002424;3719.858954311349;15.0;18.0;False;False;False;False;False;True;True;10.585770904643011
178;161;2016-01-01;718180.517360006;3719.858954311349;15.0;18.0;False;False;False;False;False;True;True;10.044430381276952
178;161;2016-02-01;827480.2813585169;3719.858954311349;15.0;18.0;False;False;False;False;False;True;True;12.181250227658523
179;162;2016-01-01;11952.777515378366;1694.9545815102756;15.0;18.0;False;False;False;False;False;True;True;10.044430381276952
179;162;2016-02-01;11800.93853339458;1694.9545815102756;15.0;18.0;False;False;False;False;False;True;True;12.181250227658523
179;162;2016-03-01;10926.56944331598;1694.9545815102756;15.0;18.0;False;False;False;False;False;True;True;12.515167674172917
179;162;2016-04-01;12038.01426485498;1694.9545815102756;15.0;18.0;False;False;False;False;False;True;True;15.29589403743588
179;162;2016-05-01;12121.444378290144;1694.9545815102756;15.0;18.0;False;False;False;False;False;True;True;16.96185797726271
179;162;2016-06-01;14917.091396804655;1694.9545815102756;15.0;18.0;False;False;False;False;False;True;True;19.401180382433072
179;162;2016-07-01;17493.054037831185;1694.9545815102756;15.0;18.0;False;False;False;False;False;True;True;21.32305825008297
179;162;2016-08-01;17692.2996209555;1694.9545815102756;15.0;18.0;False;False;False;False;False;True;True;20.742745780697103
179;162;2016-09-01;14851.58766977678;1694.9545815102756;15.0;18.0;False;False;False;False;False;True;True;19.343314778472426
179;162;2016-10-01;14046.46669126146;1694.9545815102756;15.0;18.0;False;False;False;False;False;True;True;15.324236311387889
179;162;2016-11-01;12686.373327638736;1694.9545815102756;15.0;18.0;False;False;False;False;False;True;True;12.177426391472933
179;162;2016-12-01;12350.768700337478;1694.9545815102756;15.0;18.0;False;False;False;False;False;True;True;9.090210333213026
179;162;2017-01-01;13360.564604344108;1694.9545815102756;15.0;18.0;False;False;False;False;False;True;True;8.220158448422033
179;162;2017-02-01;11194.745763168514;1694.9545815102756;15.0;18.0;False;False;False;False;False;True;True;11.089617159986588
179;162;2017-03-01;11298.760719050864;1694.9545815102756;15.0;18.0;False;False;False;False;False;True;True;13.587104379909494
179;162;2017-04-01;11712.163253534074;1694.9545815102756;15.0;18.0;False;False;False;False;False;True;True;14.894739608181292
179;162;2017-05-01;13451.341436493136;1694.9545815102756;15.0;18.0;False;False;False;False;False;True;True;17.435992917198842
179;162;2017-06-01;15861.22751201177;1694.9545815102756;15.0;18.0;False;False;False;False;False;True;True;20.887620035041337
179;162;2017-07-01;16815.120260526528;1694.9545815102756;15.0;18.0;False;False;False;False;False;True;True;21.37875162596229
179;162;2017-08-01;17159.762700061492;1694.9545815102756;15.0;18.0;False;False;False;False;False;True;True;22.11828355029739
179;162;2017-09-01;14706.962068723044;1694.9545815102756;15.0;18.0;False;False;False;False;False;True;True;18.007116473367873
179;162;2017-10-01;12652.529212934844;1694.9545815102756;15.0;18.0;False;False;False;False;False;True;True;15.89606581655819
179;162;2017-11-01;11786.039073714564;1694.9545815102756;15.0;18.0;False;False;False;False;False;True;True;11.848114658126905
180;163;2014-01-01;678685.6691264587;4707.302231641486;15.0;18.0;False;False;False;False;False;True;True;11.1431840880552
180;163;2014-02-01;665290.2084164676;4707.302231641486;15.0;18.0;False;False;False;False;False;True;True;12.204535957921411
180;163;2014-03-01;662018.1839828367;4707.302231641486;15.0;18.0;False;False;False;False;False;True;True;13.182095292577824
180;163;2014-04-01;677060.8825744677;4707.302231641486;15.0;18.0;False;False;False;False;False;True;True;15.084608638230538
180;163;2014-05-01;853395.541403997;4707.302231641486;15.0;18.0;False;False;False;False;False;True;True;15.007417672450508
180;163;2014-06-01;848460.9098201259;4707.302231641486;15.0;18.0;False;False;False;False;False;True;True;17.60630221210198
180;163;2014-07-01;851047.4549639517;4707.302231641486;15.0;18.0;False;False;False;False;False;True;True;17.02814087022849
180;163;2014-08-01;490748.3776158324;4707.302231641486;15.0;18.0;False;False;False;False;False;True;True;16.768820314896253
180;163;2014-09-01;507127.5924548399;4707.302231641486;15.0;18.0;False;False;False;False;False;True;True;16.227282433689336
180;163;2014-10-01;497152.8198184841;4707.302231641486;15.0;18.0;False;False;False;False;False;True;True;14.53081529820492
180;163;2014-11-01;515687.4537859308;4707.302231641486;15.0;18.0;False;False;False;False;False;True;True;12.603836181081192
180;163;2014-12-01;489852.5777557463;4707.302231641486;15.0;18.0;False;False;False;False;False;True;True;9.994714275622268
181;164;2014-01-01;2066265.675756572;6176.042091590469;15.0;18.0;False;False;False;False;False;True;True;11.1431840880552
181;164;2014-02-01;2042462.1270536664;6176.042091590469;15.0;18.0;False;False;False;False;False;True;True;12.204535957921411
181;164;2014-03-01;1951868.2254289915;6176.042091590469;15.0;18.0;False;False;False;False;False;True;True;13.182095292577824
181;164;2014-04-01;1930933.7072778188;6176.042091590469;15.0;18.0;False;False;False;False;False;True;True;15.084608638230538
181;164;2014-05-01;1922300.2848331635;6176.042091590469;15.0;18.0;False;False;False;False;False;True;True;15.007417672450508
181;164;2014-06-01;2057259.7247541416;6176.042091590469;15.0;18.0;False;False;False;False;False;True;True;17.60630221210198
181;164;2014-07-01;2060270.055952336;6176.042091590469;15.0;18.0;False;False;False;False;False;True;True;17.02814087022849
181;164;2014-08-01;1834748.9379292969;6176.042091590469;15.0;18.0;False;False;False;False;False;True;True;16.768820314896253
181;164;2014-09-01;2046940.9928162773;6176.042091590469;15.0;18.0;False;False;False;False;False;True;True;16.227282433689336
181;164;2014-10-01;1956718.4254164617;6176.042091590469;15.0;18.0;False;False;False;False;False;True;True;14.53081529820492
181;164;2014-11-01;1747270.0927322938;6176.042091590469;15.0;18.0;False;False;False;False;False;True;True;12.603836181081192
181;164;2014-12-01;1690822.0776262064;6176.042091590469;15.0;18.0;False;False;False;False;False;True;True;9.994714275622268
182;164;2015-02-01;2240844.510279717;6176.042091590469;15.0;18.0;False;False;False;False;False;True;True;8.827408379093514
182;164;2015-03-01;2144758.117210016;6176.042091590469;15.0;18.0;False;False;False;False;False;True;True;12.60792026996771
182;164;2015-04-01;1812684.9529455672;6176.042091590469;15.0;18.0;False;False;False;False;False;True;True;14.895697905434822
182;164;2015-05-01;1759642.8914075526;6176.042091590469;15.0;18.0;False;False;False;False;False;True;True;17.141654142366107
183;164;2015-07-01;1959679.846868488;6176.042091590469;15.0;18.0;False;False;False;False;False;True;True;21.53785193429267
183;164;2015-08-01;1710154.3941589918;6176.042091590469;15.0;18.0;False;False;False;False;False;True;True;20.49907454866584
183;164;2015-09-01;1767609.8976996352;6176.042091590469;15.0;18.0;False;False;False;False;False;True;True;17.621727802535418
183;164;2015-10-01;1755824.7736215426;6176.042091590469;15.0;18.0;False;False;False;False;False;True;True;14.792289238072366
183;164;2015-11-01;1758673.0543531177;6176.042091590469;15.0;18.0;False;False;False;False;False;True;True;12.474742852144688
183;164;2015-12-01;1842933.215435854;6176.042091590469;15.0;18.0;False;False;False;False;False;True;True;10.585770904643011
183;164;2016-01-01;1845519.430421772;6176.042091590469;15.0;18.0;False;False;False;False;False;True;True;10.044430381276952
183;164;2016-02-01;1822990.8197538625;6176.042091590469;15.0;18.0;False;False;False;False;False;True;True;12.181250227658523
183;164;2016-03-01;1674615.815715599;6176.042091590469;15.0;18.0;False;False;False;False;False;True;True;12.515167674172917
183;164;2016-04-01;1782950.143357793;6176.042091590469;15.0;18.0;False;False;False;False;False;True;True;15.29589403743588
183;164;2016-05-01;1772658.1570320774;6176.042091590469;15.0;18.0;False;False;False;False;False;True;True;16.96185797726271
183;164;2016-06-01;1822944.8937771088;6176.042091590469;15.0;18.0;False;False;False;False;False;True;True;19.401180382433072
183;164;2016-07-01;1792566.0662370245;6176.042091590469;15.0;18.0;False;False;False;False;False;True;True;21.32305825008297
184;164;2016-09-01;1947490.319560147;6176.042091590469;15.0;18.0;False;False;False;False;False;True;True;19.343314778472426
184;164;2016-10-01;1955683.2505428155;6176.042091590469;15.0;18.0;False;False;False;False;False;True;True;15.324236311387889
184;164;2016-11-01;2095008.5087608327;6176.042091590469;15.0;18.0;False;False;False;False;False;True;True;12.177426391472933
184;164;2016-12-01;2306504.719204413;6176.042091590469;15.0;18.0;False;False;False;False;False;True;True;9.090210333213026
185;165;2016-01-01;931289.129970877;1462.398785684025;15.0;18.0;False;False;False;False;False;True;True;10.044430381276952
185;165;2016-02-01;876197.42946005;1462.398785684025;15.0;18.0;False;False;False;False;False;True;True;12.181250227658523
185;165;2016-03-01;859813.6817804526;1462.398785684025;15.0;18.0;False;False;False;False;False;True;True;12.515167674172917
185;165;2016-04-01;834851.2823354118;1462.398785684025;15.0;18.0;False;False;False;False;False;True;True;15.29589403743588
185;165;2016-05-01;871689.6993369684;1462.398785684025;15.0;18.0;False;False;False;False;False;True;True;16.96185797726271
185;165;2016-06-01;993512.329457248;1462.398785684025;15.0;18.0;False;False;False;False;False;True;True;19.401180382433072
185;165;2016-07-01;1089034.2407800932;1462.398785684025;15.0;18.0;False;False;False;False;False;True;True;21.32305825008297
185;165;2016-08-01;1058132.353942345;1462.398785684025;15.0;18.0;False;False;False;False;False;True;True;20.742745780697103
185;165;2016-09-01;962358.714285222;1462.398785684025;15.0;18.0;False;False;False;False;False;True;True;19.343314778472426
185;165;2016-10-01;892720.6434543504;1462.398785684025;15.0;18.0;False;False;False;False;False;True;True;15.324236311387889
185;165;2016-11-01;882296.3870344431;1462.398785684025;15.0;18.0;False;False;False;False;False;True;True;12.177426391472933
185;165;2016-12-01;948762.2026937284;1462.398785684025;15.0;18.0;False;False;False;False;False;True;True;9.090210333213026
185;165;2017-01-01;470798.407231764;1462.398785684025;15.0;18.0;False;False;False;False;False;True;True;8.220158448422033
186;165;2017-03-01;853013.5396010935;1462.398785684025;15.0;18.0;False;False;False;False;False;True;True;13.587104379909494
186;165;2017-04-01;843772.765420185;1462.398785684025;15.0;18.0;False;False;False;False;False;True;True;14.894739608181292
186;165;2017-05-01;933344.5430374906;1462.398785684025;15.0;18.0;False;False;False;False;False;True;True;17.435992917198842
187;167;2016-01-01;23167.811606667703;659.7325836613309;15.0;18.0;False;False;False;False;False;True;True;10.044430381276952
187;167;2016-02-01;22185.33916428867;659.7325836613309;15.0;18.0;False;False;False;False;False;True;True;12.181250227658523
187;167;2016-03-01;20777.03469009725;659.7325836613309;15.0;18.0;False;False;False;False;False;True;True;12.515167674172917
187;167;2016-04-01;23277.871583511253;659.7325836613309;15.0;18.0;False;False;False;False;False;True;True;15.29589403743588
187;167;2016-05-01;24058.943787696247;659.7325836613309;15.0;18.0;False;False;False;False;False;True;True;16.96185797726271
187;167;2016-06-01;29042.33144221837;659.7325836613309;15.0;18.0;False;False;False;False;False;True;True;19.401180382433072
187;167;2016-07-01;33609.52809903034;659.7325836613309;15.0;18.0;False;False;False;False;False;True;True;21.32305825008297
187;167;2016-08-01;35279.21620941564;659.7325836613309;15.0;18.0;False;False;False;False;False;True;True;20.742745780697103
187;167;2016-09-01;29972.78774405965;659.7325836613309;15.0;18.0;False;False;False;False;False;True;True;19.343314778472426
187;167;2016-10-01;25960.242388201543;659.7325836613309;15.0;18.0;False;False;False;False;False;True;True;15.324236311387889
187;167;2016-11-01;23109.42106576215;659.7325836613309;15.0;18.0;False;False;False;False;False;True;True;12.177426391472933
187;167;2016-12-01;21216.532772647774;659.7325836613309;15.0;18.0;False;False;False;False;False;True;True;9.090210333213026
187;167;2017-01-01;20078.06937057701;659.7325836613309;15.0;18.0;False;False;False;False;False;True;True;8.220158448422033
187;167;2017-02-01;22264.361410952548;659.7325836613309;15.0;18.0;False;False;False;False;False;True;True;11.089617159986588
187;167;2017-03-01;23734.996319952537;659.7325836613309;15.0;18.0;False;False;False;False;False;True;True;13.587104379909494
187;167;2017-04-01;26557.67006637341;659.7325836613309;15.0;18.0;False;False;False;False;False;True;True;14.894739608181292
187;167;2017-05-01;28266.741911834884;659.7325836613309;15.0;18.0;False;False;False;False;False;True;True;17.435992917198842
187;167;2017-06-01;30328.88049318126;659.7325836613309;15.0;18.0;False;False;False;False;False;True;True;20.887620035041337
187;167;2017-07-01;31304.73938430961;659.7325836613309;15.0;18.0;False;False;False;False;False;True;True;21.37875162596229
187;167;2017-08-01;32628.745799658915;659.7325836613309;15.0;18.0;False;False;False;False;False;True;True;22.11828355029739
187;167;2017-09-01;27471.15433342302;659.7325836613309;15.0;18.0;False;False;False;False;False;True;True;18.007116473367873
187;167;2017-10-01;24718.11951679287;659.7325836613309;15.0;18.0;False;False;False;False;False;True;True;15.89606581655819
187;167;2017-11-01;22549.51369418808;659.7325836613309;15.0;18.0;False;False;False;False;False;True;True;11.848114658126905
188;169;2016-01-01;23566.879708207627;762.1230935826899;15.0;18.0;False;False;False;False;False;True;True;10.044430381276952
188;169;2016-02-01;20503.312267595004;762.1230935826899;15.0;18.0;False;False;False;False;False;True;True;12.181250227658523
188;169;2016-03-01;19600.691229053533;762.1230935826899;15.0;18.0;False;False;False;False;False;True;True;12.515167674172917
188;169;2016-04-01;21885.97744262341;762.1230935826899;15.0;18.0;False;False;False;False;False;True;True;15.29589403743588
188;169;2016-05-01;22773.69393478949;762.1230935826899;15.0;18.0;False;False;False;False;False;True;True;16.96185797726271
188;169;2016-06-01;26542.93173968016;762.1230935826899;15.0;18.0;False;False;False;False;False;True;True;19.401180382433072
188;169;2016-07-01;32517.464040933977;762.1230935826899;15.0;18.0;False;False;False;False;False;True;True;21.32305825008297
188;169;2016-08-01;33421.43659571354;762.1230935826899;15.0;18.0;False;False;False;False;False;True;True;20.742745780697103
188;169;2016-09-01;28908.503436494742;762.1230935826899;15.0;18.0;False;False;False;False;False;True;True;19.343314778472426
188;169;2016-10-01;26272.57677328857;762.1230935826899;15.0;18.0;False;False;False;False;False;True;True;15.324236311387889
188;169;2016-11-01;24902.17417128001;762.1230935826899;15.0;18.0;False;False;False;False;False;True;True;12.177426391472933
188;169;2016-12-01;23651.369472561502;762.1230935826899;15.0;18.0;False;False;False;False;False;True;True;9.090210333213026
188;169;2017-01-01;26425.03837083393;762.1230935826899;15.0;18.0;False;False;False;False;False;True;True;8.220158448422033
188;169;2017-02-01;22892.744014218228;762.1230935826899;15.0;18.0;False;False;False;False;False;True;True;11.089617159986588
188;169;2017-03-01;23582.20947251376;762.1230935826899;15.0;18.0;False;False;False;False;False;True;True;13.587104379909494
188;169;2017-04-01;22084.362493639142;762.1230935826899;15.0;18.0;False;False;False;False;False;True;True;14.894739608181292
188;169;2017-05-01;24307.864765832;762.1230935826899;15.0;18.0;False;False;False;False;False;True;True;17.435992917198842
188;169;2017-06-01;29942.92313173517;762.1230935826899;15.0;18.0;False;False;False;False;False;True;True;20.887620035041337
188;169;2017-07-01;32718.57433557643;762.1230935826899;15.0;18.0;False;False;False;False;False;True;True;21.37875162596229
188;169;2017-08-01;33099.9150703753;762.1230935826899;15.0;18.0;False;False;False;False;False;True;True;22.11828355029739
188;169;2017-09-01;28030.988005646617;762.1230935826899;15.0;18.0;False;False;False;False;False;True;True;18.007116473367873
188;169;2017-10-01;26322.69511959677;762.1230935826899;15.0;18.0;False;False;False;False;False;True;True;15.89606581655819
188;169;2017-11-01;24208.5370507518;762.1230935826899;15.0;18.0;False;False;False;False;False;True;True;11.848114658126905
189;170;2016-01-01;628491.1168092495;827.3777953870595;15.0;18.0;False;False;False;False;False;True;True;10.044430381276952
189;170;2016-02-01;586721.5478829748;827.3777953870595;15.0;18.0;False;False;False;False;False;True;True;12.181250227658523
189;170;2016-03-01;549231.5971556844;827.3777953870595;15.0;18.0;False;False;False;False;False;True;True;12.515167674172917
189;170;2016-04-01;563332.1581013978;827.3777953870595;15.0;18.0;False;False;False;False;False;True;True;15.29589403743588
189;170;2016-05-01;587207.6764198373;827.3777953870595;15.0;18.0;False;False;False;False;False;True;True;16.96185797726271
189;170;2016-06-01;716399.3018447662;827.3777953870595;15.0;18.0;False;False;False;False;False;True;True;19.401180382433072
189;170;2016-07-01;820145.0313258177;827.3777953870595;15.0;18.0;False;False;False;False;False;True;True;21.32305825008297
189;170;2016-08-01;783270.3915698632;827.3777953870595;15.0;18.0;False;False;False;False;False;True;True;20.742745780697103
189;170;2016-09-01;657250.8854774327;827.3777953870595;15.0;18.0;False;False;False;False;False;True;True;19.343314778472426
189;170;2016-10-01;602491.4220138548;827.3777953870595;15.0;18.0;False;False;False;False;False;True;True;15.324236311387889
189;170;2016-11-01;591738.7285311766;827.3777953870595;15.0;18.0;False;False;False;False;False;True;True;12.177426391472933
189;170;2016-12-01;627976.7569305603;827.3777953870595;15.0;18.0;False;False;False;False;False;True;True;9.090210333213026
189;170;2017-01-01;601658.5628586886;827.3777953870595;15.0;18.0;False;False;False;False;False;True;True;8.220158448422033
190;170;2017-03-01;545211.4169330642;827.3777953870595;15.0;18.0;False;False;False;False;False;True;True;13.587104379909494
190;170;2017-04-01;545549.7077882183;827.3777953870595;15.0;18.0;False;False;False;False;False;True;True;14.894739608181292
190;170;2017-05-01;603370.7589006348;827.3777953870595;15.0;18.0;False;False;False;False;False;True;True;17.435992917198842
190;170;2017-06-01;714904.9734568128;827.3777953870595;15.0;18.0;False;False;False;False;False;True;True;20.887620035041337
191;171;2016-01-01;70858.42645401816;2206.308125129435;15.0;18.0;False;False;False;False;False;True;True;10.044430381276952
191;171;2016-02-01;60154.72780494876;2206.308125129435;15.0;18.0;False;False;False;False;False;True;True;12.181250227658523
191;171;2016-03-01;55828.0295156122;2206.308125129435;15.0;18.0;False;False;False;False;False;True;True;12.515167674172917
191;171;2016-04-01;56448.43826740801;2206.308125129435;15.0;18.0;False;False;False;False;False;True;True;15.29589403743588
191;171;2016-05-01;60739.0233237071;2206.308125129435;15.0;18.0;False;False;False;False;False;True;True;16.96185797726271
191;171;2016-06-01;72836.36209380314;2206.308125129435;15.0;18.0;False;False;False;False;False;True;True;19.401180382433072
191;171;2016-07-01;85651.69526900802;2206.308125129435;15.0;18.0;False;False;False;False;False;True;True;21.32305825008297
191;171;2016-08-01;79731.49305969298;2206.308125129435;15.0;18.0;False;False;False;False;False;True;True;20.742745780697103
191;171;2016-09-01;63376.10234595954;2206.308125129435;15.0;18.0;False;False;False;False;False;True;True;19.343314778472426
191;171;2016-10-01;56038.28875405598;2206.308125129435;15.0;18.0;False;False;False;False;False;True;True;15.324236311387889
191;171;2016-11-01;63100.61788430217;2206.308125129435;15.0;18.0;False;False;False;False;False;True;True;12.177426391472933
191;171;2016-12-01;72665.26440105558;2206.308125129435;15.0;18.0;False;False;False;False;False;True;True;9.090210333213026
191;171;2017-01-01;76003.8320616184;2206.308125129435;15.0;18.0;False;False;False;False;False;True;True;8.220158448422033
191;171;2017-02-01;67800.09357940128;2206.308125129435;15.0;18.0;False;False;False;False;False;True;True;11.089617159986588
191;171;2017-03-01;55609.35616025236;2206.308125129435;15.0;18.0;False;False;False;False;False;True;True;13.587104379909494
191;171;2017-04-01;59042.223930869965;2206.308125129435;15.0;18.0;False;False;False;False;False;True;True;14.894739608181292
191;171;2017-05-01;64755.42255422839;2206.308125129435;15.0;18.0;False;False;False;False;False;True;True;17.435992917198842
192;172;2016-01-01;210133.1695747201;2539.468956184573;15.0;18.0;False;False;False;False;False;True;True;10.044430381276952
192;172;2016-02-01;313162.9169649304;2539.468956184573;15.0;18.0;False;False;False;False;False;True;True;12.181250227658523
192;172;2016-03-01;358351.9642614256;2539.468956184573;15.0;18.0;False;False;False;False;False;True;True;12.515167674172917
192;172;2016-04-01;1635858.8001816524;2539.468956184573;15.0;18.0;False;False;False;False;False;True;True;15.29589403743588
192;172;2016-05-01;1590504.1716776392;2539.468956184573;15.0;18.0;False;False;False;False;False;True;True;16.96185797726271
192;172;2016-06-01;1978202.7436815004;2539.468956184573;15.0;18.0;False;False;False;False;False;True;True;19.401180382433072
192;172;2016-07-01;2525272.022166801;2539.468956184573;15.0;18.0;False;False;False;False;False;True;True;21.32305825008297
192;172;2016-08-01;2471065.064035243;2539.468956184573;15.0;18.0;False;False;False;False;False;True;True;20.742745780697103
192;172;2016-09-01;1954311.8627482408;2539.468956184573;15.0;18.0;False;False;False;False;False;True;True;19.343314778472426
192;172;2016-10-01;1636750.5166513545;2539.468956184573;15.0;18.0;False;False;False;False;False;True;True;15.324236311387889
192;172;2016-11-01;1551548.2336725856;2539.468956184573;15.0;18.0;False;False;False;False;False;True;True;12.177426391472933
192;172;2016-12-01;1826069.7682608585;2539.468956184573;15.0;18.0;False;False;False;False;False;True;True;9.090210333213026
192;172;2017-01-01;2060407.5685991943;2539.468956184573;15.0;18.0;False;False;False;False;False;True;True;8.220158448422033
193;173;2016-01-01;8996.243749261836;814.9143684002338;15.0;18.0;False;False;False;False;False;True;True;10.044430381276952
193;173;2016-02-01;8809.20934602475;814.9143684002338;15.0;18.0;False;False;False;False;False;True;True;12.181250227658523
193;173;2016-03-01;8895.5526175777;814.9143684002338;15.0;18.0;False;False;False;False;False;True;True;12.515167674172917
193;173;2016-04-01;7756.590868272496;814.9143684002338;15.0;18.0;False;False;False;False;False;True;True;15.29589403743588
193;173;2016-05-01;7959.344698242038;814.9143684002338;15.0;18.0;False;False;False;False;False;True;True;16.96185797726271
193;173;2016-06-01;9070.011824336278;814.9143684002338;15.0;18.0;False;False;False;False;False;True;True;19.401180382433072
193;173;2016-07-01;10207.711728244492;814.9143684002338;15.0;18.0;False;False;False;False;False;True;True;21.32305825008297
193;173;2016-08-01;10045.935760415156;814.9143684002338;15.0;18.0;False;False;False;False;False;True;True;20.742745780697103
193;173;2016-09-01;8839.196643432047;814.9143684002338;15.0;18.0;False;False;False;False;False;True;True;19.343314778472426
193;173;2016-10-01;7869.312355373761;814.9143684002338;15.0;18.0;False;False;False;False;False;True;True;15.324236311387889
193;173;2016-11-01;7290.603571329985;814.9143684002338;15.0;18.0;False;False;False;False;False;True;True;12.177426391472933
193;173;2016-12-01;6575.445404494337;814.9143684002338;15.0;18.0;False;False;False;False;False;True;True;9.090210333213026
193;173;2017-01-01;6533.780272358576;814.9143684002338;15.0;18.0;False;False;False;False;False;True;True;8.220158448422033
193;173;2017-02-01;6533.780272358576;814.9143684002338;15.0;18.0;False;False;False;False;False;True;True;11.089617159986588
193;173;2017-03-01;6533.780272358576;814.9143684002338;15.0;18.0;False;False;False;False;False;True;True;13.587104379909494
193;173;2017-04-01;6303.792935775537;814.9143684002338;15.0;18.0;False;False;False;False;False;True;True;14.894739608181292
193;173;2017-05-01;6627.957066386763;814.9143684002338;15.0;18.0;False;False;False;False;False;True;True;17.435992917198842
193;173;2017-06-01;8389.406228787142;814.9143684002338;15.0;18.0;False;False;False;False;False;True;True;20.887620035041337
193;173;2017-07-01;9206.48061539903;814.9143684002338;15.0;18.0;False;False;False;False;False;True;True;21.37875162596229
193;173;2017-08-01;9614.671031015496;814.9143684002338;15.0;18.0;False;False;False;False;False;True;True;22.11828355029739
193;173;2017-09-01;7790.941251780701;814.9143684002338;15.0;18.0;False;False;False;False;False;True;True;18.007116473367873
193;173;2017-10-01;7182.98493229925;814.9143684002338;15.0;18.0;False;False;False;False;False;True;True;15.89606581655819
193;173;2017-11-01;6447.740169715456;814.9143684002338;15.0;18.0;False;False;False;False;False;True;True;11.848114658126905
194;174;2016-01-01;23431.72144392213;587.763238186948;15.0;18.0;False;False;False;False;False;True;True;10.044430381276952
194;174;2016-02-01;23862.72230783568;587.763238186948;15.0;18.0;False;False;False;False;False;True;True;12.181250227658523
194;174;2016-03-01;21910.56945800261;587.763238186948;15.0;18.0;False;False;False;False;False;True;True;12.515167674172917
194;174;2016-04-01;20072.0904722709;587.763238186948;15.0;18.0;False;False;False;False;False;True;True;15.29589403743588
194;174;2016-05-01;21998.56273255708;587.763238186948;15.0;18.0;False;False;False;False;False;True;True;16.96185797726271
194;174;2016-06-01;24669.13932010345;587.763238186948;15.0;18.0;False;False;False;False;False;True;True;19.401180382433072
194;174;2016-07-01;28594.847866494256;587.763238186948;15.0;18.0;False;False;False;False;False;True;True;21.32305825008297
194;174;2016-08-01;26721.48093060452;587.763238186948;15.0;18.0;False;False;False;False;False;True;True;20.742745780697103
194;174;2016-09-01;25118.99758075832;587.763238186948;15.0;18.0;False;False;False;False;False;True;True;19.343314778472426
194;174;2016-10-01;22126.219994953848;587.763238186948;15.0;18.0;False;False;False;False;False;True;True;15.324236311387889
194;174;2016-11-01;22262.906142490865;587.763238186948;15.0;18.0;False;False;False;False;False;True;True;12.177426391472933
194;174;2016-12-01;24013.68012606976;587.763238186948;15.0;18.0;False;False;False;False;False;True;True;9.090210333213026
194;174;2017-01-01;24158.08572313196;587.763238186948;15.0;18.0;False;False;False;False;False;True;True;8.220158448422033
194;174;2017-02-01;23440.239103869582;587.763238186948;15.0;18.0;False;False;False;False;False;True;True;11.089617159986588
194;174;2017-03-01;21007.94761696893;587.763238186948;15.0;18.0;False;False;False;False;False;True;True;13.587104379909494
194;174;2017-04-01;20020.488970724044;587.763238186948;15.0;18.0;False;False;False;False;False;True;True;14.894739608181292
194;174;2017-05-01;22277.577348712144;587.763238186948;15.0;18.0;False;False;False;False;False;True;True;17.435992917198842
194;174;2017-06-01;26395.561315949133;587.763238186948;15.0;18.0;False;False;False;False;False;True;True;20.887620035041337
194;174;2017-07-01;27289.040723573653;587.763238186948;15.0;18.0;False;False;False;False;False;True;True;21.37875162596229
194;174;2017-08-01;28704.753945180066;587.763238186948;15.0;18.0;False;False;False;False;False;True;True;22.11828355029739
194;174;2017-09-01;24133.88418718417;587.763238186948;15.0;18.0;False;False;False;False;False;True;True;18.007116473367873
194;174;2017-10-01;21944.759593259707;587.763238186948;15.0;18.0;False;False;False;False;False;True;True;15.89606581655819
194;174;2017-11-01;22229.8630840196;587.763238186948;15.0;18.0;False;False;False;False;False;True;True;11.848114658126905
195;175;2016-02-01;13498.865871367723;1887.4202605099413;15.0;18.0;False;False;False;False;False;True;True;12.181250227658523
195;175;2016-03-01;13239.457752454053;1887.4202605099413;15.0;18.0;False;False;False;False;False;True;True;12.515167674172917
195;175;2016-04-01;12014.189003296784;1887.4202605099413;15.0;18.0;False;False;False;False;False;True;True;15.29589403743588
195;175;2016-05-01;12021.38065686194;1887.4202605099413;15.0;18.0;False;False;False;False;False;True;True;16.96185797726271
195;175;2016-06-01;13573.991277481176;1887.4202605099413;15.0;18.0;False;False;False;False;False;True;True;19.401180382433072
195;175;2016-07-01;15352.183193049075;1887.4202605099413;15.0;18.0;False;False;False;False;False;True;True;21.32305825008297
195;175;2016-08-01;14943.355909466049;1887.4202605099413;15.0;18.0;False;False;False;False;False;True;True;20.742745780697103
195;175;2016-09-01;13066.386101196753;1887.4202605099413;15.0;18.0;False;False;False;False;False;True;True;19.343314778472426
195;175;2016-10-01;12540.005044484222;1887.4202605099413;15.0;18.0;False;False;False;False;False;True;True;15.324236311387889
195;175;2016-11-01;12317.957986984022;1887.4202605099413;15.0;18.0;False;False;False;False;False;True;True;12.177426391472933
195;175;2016-12-01;12962.037985774718;1887.4202605099413;15.0;18.0;False;False;False;False;False;True;True;9.090210333213026
195;175;2017-01-01;15034.694964501774;1887.4202605099413;15.0;18.0;False;False;False;False;False;True;True;8.220158448422033
195;175;2017-02-01;14821.389363534588;1887.4202605099413;15.0;18.0;False;False;False;False;False;True;True;11.089617159986588
195;175;2017-03-01;12725.002355916631;1887.4202605099413;15.0;18.0;False;False;False;False;False;True;True;13.587104379909494
195;175;2017-04-01;11774.145907153474;1887.4202605099413;15.0;18.0;False;False;False;False;False;True;True;14.894739608181292
195;175;2017-05-01;12574.995739359232;1887.4202605099413;15.0;18.0;False;False;False;False;False;True;True;17.435992917198842
195;175;2017-06-01;14869.859784815832;1887.4202605099413;15.0;18.0;False;False;False;False;False;True;True;20.887620035041337
195;175;2017-07-01;16810.241084305173;1887.4202605099413;15.0;18.0;False;False;False;False;False;True;True;21.37875162596229
195;175;2017-08-01;17252.35948860665;1887.4202605099413;15.0;18.0;False;False;False;False;False;True;True;22.11828355029739
195;175;2017-09-01;13678.502150639251;1887.4202605099413;15.0;18.0;False;False;False;False;False;True;True;18.007116473367873
195;175;2017-10-01;11823.909635411132;1887.4202605099413;15.0;18.0;False;False;False;False;False;True;True;15.89606581655819
195;175;2017-11-01;11121.837103254082;1887.4202605099413;15.0;18.0;False;False;False;False;False;True;True;11.848114658126905
196;176;2016-02-01;48876.56215999727;1849.278622076381;15.0;18.0;False;False;False;False;False;True;True;12.181250227658523
196;176;2016-03-01;46421.641200769096;1849.278622076381;15.0;18.0;False;False;False;False;False;True;True;12.515167674172917
196;176;2016-04-01;47286.0622641124;1849.278622076381;15.0;18.0;False;False;False;False;False;True;True;15.29589403743588
196;176;2016-05-01;48988.31428913434;1849.278622076381;15.0;18.0;False;False;False;False;False;True;True;16.96185797726271
196;176;2016-06-01;53211.93611035934;1849.278622076381;15.0;18.0;False;False;False;False;False;True;True;19.401180382433072
196;176;2016-07-01;58104.11409939477;1849.278622076381;15.0;18.0;False;False;False;False;False;True;True;21.32305825008297
196;176;2016-08-01;57616.564640799246;1849.278622076381;15.0;18.0;False;False;False;False;False;True;True;20.742745780697103
196;176;2016-09-01;56547.05839606522;1849.278622076381;15.0;18.0;False;False;False;False;False;True;True;19.343314778472426
196;176;2016-10-01;53288.86874786536;1849.278622076381;15.0;18.0;False;False;False;False;False;True;True;15.324236311387889
196;176;2016-11-01;50132.36893580322;1849.278622076381;15.0;18.0;False;False;False;False;False;True;True;12.177426391472933
196;176;2016-12-01;47683.166479073305;1849.278622076381;15.0;18.0;False;False;False;False;False;True;True;9.090210333213026
196;176;2017-01-01;53701.42876263956;1849.278622076381;15.0;18.0;False;False;False;False;False;True;True;8.220158448422033
196;176;2017-02-01;51837.37324415208;1849.278622076381;15.0;18.0;False;False;False;False;False;True;True;11.089617159986588
196;176;2017-03-01;49429.157617423145;1849.278622076381;15.0;18.0;False;False;False;False;False;True;True;13.587104379909494
196;176;2017-04-01;49428.3339522864;1849.278622076381;15.0;18.0;False;False;False;False;False;True;True;14.894739608181292
196;176;2017-05-01;56217.31754660949;1849.278622076381;15.0;18.0;False;False;False;False;False;True;True;17.435992917198842
196;176;2017-06-01;62576.93837856523;1849.278622076381;15.0;18.0;False;False;False;False;False;True;True;20.887620035041337
196;176;2017-07-01;65656.73730269248;1849.278622076381;15.0;18.0;False;False;False;False;False;True;True;21.37875162596229
196;176;2017-08-01;68272.60922653695;1849.278622076381;15.0;18.0;False;False;False;False;False;True;True;22.11828355029739
196;176;2017-09-01;60427.56288913567;1849.278622076381;15.0;18.0;False;False;False;False;False;True;True;18.007116473367873
196;176;2017-10-01;55199.145949941565;1849.278622076381;15.0;18.0;False;False;False;False;False;True;True;15.89606581655819
196;176;2017-11-01;50351.11023970682;1849.278622076381;15.0;18.0;False;False;False;False;False;True;True;11.848114658126905
197;178;2016-02-01;8480.483082859384;1439.9368176013234;15.0;18.0;False;False;False;False;False;True;True;12.181250227658523
197;178;2016-03-01;8280.966298854828;1439.9368176013234;15.0;18.0;False;False;False;False;False;True;True;12.515167674172917
197;178;2016-04-01;8947.997504341482;1439.9368176013234;15.0;18.0;False;False;False;False;False;True;True;15.29589403743588
197;178;2016-05-01;9638.648707102546;1439.9368176013234;15.0;18.0;False;False;False;False;False;True;True;16.96185797726271
197;178;2016-06-01;12485.105378904542;1439.9368176013234;15.0;18.0;False;False;False;False;False;True;True;19.401180382433072
197;178;2016-07-01;14603.21261506511;1439.9368176013234;15.0;18.0;False;False;False;False;False;True;True;21.32305825008297
197;178;2016-08-01;14459.531550035152;1439.9368176013234;15.0;18.0;False;False;False;False;False;True;True;20.742745780697103
197;178;2016-09-01;11708.716042325568;1439.9368176013234;15.0;18.0;False;False;False;False;False;True;True;19.343314778472426
197;178;2016-10-01;9397.69926038434;1439.9368176013234;15.0;18.0;False;False;False;False;False;True;True;15.324236311387889
197;178;2016-11-01;8158.373900397014;1439.9368176013234;15.0;18.0;False;False;False;False;False;True;True;12.177426391472933
197;178;2016-12-01;8503.765364261937;1439.9368176013234;15.0;18.0;False;False;False;False;False;True;True;9.090210333213026
197;178;2017-01-01;9197.047448498595;1439.9368176013234;15.0;18.0;False;False;False;False;False;True;True;8.220158448422033
197;178;2017-02-01;7679.106431563899;1439.9368176013234;15.0;18.0;False;False;False;False;False;True;True;11.089617159986588
197;178;2017-03-01;7810.454889509691;1439.9368176013234;15.0;18.0;False;False;False;False;False;True;True;13.587104379909494
197;178;2017-04-01;8269.12492655625;1439.9368176013234;15.0;18.0;False;False;False;False;False;True;True;14.894739608181292
197;178;2017-05-01;3029.1307833777096;1439.9368176013234;15.0;18.0;False;False;False;False;False;True;True;17.435992917198842
197;178;2017-06-01;13710.69172665536;1439.9368176013234;15.0;18.0;False;False;False;False;False;True;True;20.887620035041337
197;178;2017-07-01;14732.22774330179;1439.9368176013234;15.0;18.0;False;False;False;False;False;True;True;21.37875162596229
197;178;2017-08-01;15575.71687016253;1439.9368176013234;15.0;18.0;False;False;False;False;False;True;True;22.11828355029739
197;178;2017-09-01;11486.569381901743;1439.9368176013234;15.0;18.0;False;False;False;False;False;True;True;18.007116473367873
197;178;2017-10-01;9758.372300656678;1439.9368176013234;15.0;18.0;False;False;False;False;False;True;True;15.89606581655819
197;178;2017-11-01;9423.784327723435;1439.9368176013234;15.0;18.0;False;False;False;False;False;True;True;11.848114658126905
198;180;2015-07-01;111747.51744509702;11557.679928839209;15.0;18.0;False;False;False;False;False;False;True;21.53785193429267
198;180;2015-08-01;38215.91865086668;11557.679928839209;15.0;18.0;False;False;False;False;False;False;True;20.49907454866584
198;180;2015-09-01;92866.10296980765;11557.679928839209;15.0;18.0;False;False;False;False;False;False;True;17.621727802535418
198;180;2015-10-01;85873.32408405787;11557.679928839209;15.0;18.0;False;False;False;False;False;False;True;14.792289238072366
198;180;2015-11-01;94633.95921995657;11557.679928839209;15.0;18.0;False;False;False;False;False;False;True;12.474742852144688
198;180;2015-12-01;72393.23626563385;11557.679928839209;15.0;18.0;False;False;False;False;False;False;True;10.585770904643011
198;180;2016-01-01;72999.70546398699;11557.679928839209;15.0;18.0;False;False;False;False;False;False;True;10.044430381276952
198;180;2016-02-01;105910.8391296302;11557.679928839209;15.0;18.0;False;False;False;False;False;False;True;12.181250227658523
198;180;2016-03-01;89220.02105146322;11557.679928839209;15.0;18.0;False;False;False;False;False;False;True;12.515167674172917
198;180;2016-04-01;85081.01300203809;11557.679928839209;15.0;18.0;False;False;False;False;False;False;True;15.29589403743588
198;180;2016-05-01;82962.14446961472;11557.679928839209;15.0;18.0;False;False;False;False;False;False;True;16.96185797726271
198;180;2016-06-01;76240.35367149803;11557.679928839209;15.0;18.0;False;False;False;False;False;False;True;19.401180382433072
198;180;2016-07-01;93668.6744164172;11557.679928839209;15.0;18.0;False;False;False;False;False;False;True;21.32305825008297
198;180;2016-08-01;50292.84621356461;11557.679928839209;15.0;18.0;False;False;False;False;False;False;True;20.742745780697103
198;180;2016-09-01;88148.66528435977;11557.679928839209;15.0;18.0;False;False;False;False;False;False;True;19.343314778472426
198;180;2016-10-01;88109.64012512816;11557.679928839209;15.0;18.0;False;False;False;False;False;False;True;15.324236311387889
198;180;2016-11-01;92249.01243124834;11557.679928839209;15.0;18.0;False;False;False;False;False;False;True;12.177426391472933
198;180;2016-12-01;81057.42755458248;11557.679928839209;15.0;18.0;False;False;False;False;False;False;True;9.090210333213026
198;180;2017-01-01;84006.44261456875;11557.679928839209;15.0;18.0;False;False;False;False;False;False;True;8.220158448422033
198;180;2017-02-01;106138.87819484726;11557.679928839209;15.0;18.0;False;False;False;False;False;False;True;11.089617159986588
198;180;2017-03-01;84505.24397452499;11557.679928839209;15.0;18.0;False;False;False;False;False;False;True;13.587104379909494
198;180;2017-04-01;59261.76906997112;11557.679928839209;15.0;18.0;False;False;False;False;False;False;True;14.894739608181292
198;180;2017-05-01;70403.16417462369;11557.679928839209;15.0;18.0;False;False;False;False;False;False;True;17.435992917198842
198;180;2017-06-01;71639.5724501792;11557.679928839209;15.0;18.0;False;False;False;False;False;False;True;20.887620035041337
198;180;2017-07-01;84340.33262037767;11557.679928839209;15.0;18.0;False;False;False;False;False;False;True;21.37875162596229
198;180;2017-08-01;39956.050381077766;11557.679928839209;15.0;18.0;False;False;False;False;False;False;True;22.11828355029739
198;180;2017-09-01;79269.81991171544;11557.679928839209;15.0;18.0;False;False;False;False;False;False;True;18.007116473367873
198;180;2017-10-01;99071.789239046;11557.679928839209;15.0;18.0;False;False;False;False;False;False;True;15.89606581655819
198;180;2017-11-01;96474.00029736072;11557.679928839209;15.0;18.0;False;False;False;False;False;False;True;11.848114658126905
199;181;2015-10-01;56315.43357887188;6744.003926830484;15.0;18.0;False;False;False;False;False;True;True;14.792289238072366
199;181;2015-11-01;52440.55706621709;6744.003926830484;15.0;18.0;False;False;False;False;False;True;True;12.474742852144688
199;181;2015-12-01;51298.9449172895;6744.003926830484;15.0;18.0;False;False;False;False;False;True;True;10.585770904643011
199;181;2016-01-01;49942.93740083543;6744.003926830484;15.0;18.0;False;False;False;False;False;True;True;10.044430381276952
199;181;2016-02-01;53114.59198064466;6744.003926830484;15.0;18.0;False;False;False;False;False;True;True;12.181250227658523
199;181;2016-03-01;53378.46387546505;6744.003926830484;15.0;18.0;False;False;False;False;False;True;True;12.515167674172917
199;181;2016-04-01;55745.9386459721;6744.003926830484;15.0;18.0;False;False;False;False;False;True;True;15.29589403743588
199;181;2016-05-01;57815.74834462356;6744.003926830484;15.0;18.0;False;False;False;False;False;True;True;16.96185797726271
199;181;2016-06-01;60893.493853296684;6744.003926830484;15.0;18.0;False;False;False;False;False;True;True;19.401180382433072
199;181;2016-07-01;62903.65125212638;6744.003926830484;15.0;18.0;False;False;False;False;False;True;True;21.32305825008297
199;181;2016-08-01;60615.73006992764;6744.003926830484;15.0;18.0;False;False;False;False;False;True;True;20.742745780697103
199;181;2016-09-01;60909.22982107335;6744.003926830484;15.0;18.0;False;False;False;False;False;True;True;19.343314778472426
199;181;2016-10-01;54822.77139694972;6744.003926830484;15.0;18.0;False;False;False;False;False;True;True;15.324236311387889
199;181;2016-11-01;53186.00773137873;6744.003926830484;15.0;18.0;False;False;False;False;False;True;True;12.177426391472933
199;181;2016-12-01;51596.686444537394;6744.003926830484;15.0;18.0;False;False;False;False;False;True;True;9.090210333213026
199;181;2017-01-01;49869.78743203956;6744.003926830484;15.0;18.0;False;False;False;False;False;True;True;8.220158448422033
199;181;2017-02-01;52184.80976293344;6744.003926830484;15.0;18.0;False;False;False;False;False;True;True;11.089617159986588
200;182;2015-10-01;24725.06462757792;810.9184140339495;15.0;18.0;False;False;False;False;False;True;True;14.792289238072366
200;182;2015-11-01;22337.910030958585;810.9184140339495;15.0;18.0;False;False;False;False;False;True;True;12.474742852144688
200;182;2015-12-01;18927.82981257604;810.9184140339495;15.0;18.0;False;False;False;False;False;True;True;10.585770904643011
200;182;2016-01-01;22916.685173892;810.9184140339495;15.0;18.0;False;False;False;False;False;True;True;10.044430381276952
200;182;2016-02-01;23920.6111906931;810.9184140339495;15.0;18.0;False;False;False;False;False;True;True;12.181250227658523
200;182;2016-03-01;20551.83780930086;810.9184140339495;15.0;18.0;False;False;False;False;False;True;True;12.515167674172917
200;182;2016-04-01;9668.526189299177;810.9184140339495;15.0;18.0;False;False;False;False;False;True;True;15.29589403743588
200;182;2016-05-01;8953.062464105145;810.9184140339495;15.0;18.0;False;False;False;False;False;True;True;16.96185797726271
200;182;2016-06-01;5481.970662552305;810.9184140339495;15.0;18.0;False;False;False;False;False;True;True;19.401180382433072
200;182;2016-07-01;3339.414346308838;810.9184140339495;15.0;18.0;False;False;False;False;False;True;True;21.32305825008297
200;182;2016-08-01;3489.695839490291;810.9184140339495;15.0;18.0;False;False;False;False;False;True;True;20.742745780697103
200;182;2016-09-01;8039.7695240981875;810.9184140339495;15.0;18.0;False;False;False;False;False;True;True;19.343314778472426
200;182;2016-10-01;8975.731557576171;810.9184140339495;15.0;18.0;False;False;False;False;False;True;True;15.324236311387889
201;183;2015-10-01;934.206895570804;1334.9761104909703;15.0;18.0;False;False;False;False;False;True;True;14.792289238072366
201;183;2015-11-01;707.43132575144;1334.9761104909703;15.0;18.0;False;False;False;False;False;True;True;12.474742852144688
201;183;2015-12-01;257.127753605825;1334.9761104909703;15.0;18.0;False;False;False;False;False;True;True;10.585770904643011
201;183;2016-01-01;258.62684808113806;1334.9761104909703;15.0;18.0;False;False;False;False;False;True;True;10.044430381276952
201;183;2016-02-01;280.1636489480954;1334.9761104909703;15.0;18.0;False;False;False;False;False;True;True;12.181250227658523
201;183;2016-03-01;282.9721692295913;1334.9761104909703;15.0;18.0;False;False;False;False;False;True;True;12.515167674172917
201;183;2016-04-01;196.40320616650808;1334.9761104909703;15.0;18.0;False;False;False;False;False;True;True;15.29589403743588
201;183;2016-05-01;185.9827530730956;1334.9761104909703;15.0;18.0;False;False;False;False;False;True;True;16.96185797726271
201;183;2016-06-01;176.82706020387772;1334.9761104909703;15.0;18.0;False;False;False;False;False;True;True;19.401180382433072
201;183;2016-07-01;144.42160931323542;1334.9761104909703;15.0;18.0;False;False;False;False;False;True;True;21.32305825008297
201;183;2016-08-01;135.2662483806657;1334.9761104909703;15.0;18.0;False;False;False;False;False;True;True;20.742745780697103
201;183;2016-09-01;193.7192872834195;1334.9761104909703;15.0;18.0;False;False;False;False;False;True;True;19.343314778472426
201;183;2016-10-01;242.6987084705702;1334.9761104909703;15.0;18.0;False;False;False;False;False;True;True;15.324236311387889
201;183;2016-11-01;322.39094655830723;1334.9761104909703;15.0;18.0;False;False;False;False;False;True;True;12.177426391472933
201;183;2016-12-01;299.6802383183606;1334.9761104909703;15.0;18.0;False;False;False;False;False;True;True;9.090210333213026
201;183;2017-01-01;351.17320626470814;1334.9761104909703;15.0;18.0;False;False;False;False;False;True;True;8.220158448422033
201;183;2017-02-01;346.392889145726;1334.9761104909703;15.0;18.0;False;False;False;False;False;True;True;11.089617159986588
201;183;2017-03-01;289.3537968192067;1334.9761104909703;15.0;18.0;False;False;False;False;False;True;True;13.587104379909494
201;183;2017-04-01;325.56664454593124;1334.9761104909703;15.0;18.0;False;False;False;False;False;True;True;14.894739608181292
202;184;2015-09-01;1516304.0228891857;1126.139554427937;15.0;18.0;False;False;False;False;False;True;True;17.621727802535418
202;184;2015-10-01;1184219.0939715442;1126.139554427937;15.0;18.0;False;False;False;False;False;True;True;14.792289238072366
202;184;2015-11-01;2614033.497558947;1126.139554427937;15.0;18.0;False;False;False;False;False;True;True;12.474742852144688
202;184;2015-12-01;774798.6532606281;1126.139554427937;15.0;18.0;False;False;False;False;False;True;True;10.585770904643011
202;184;2016-01-01;1336479.3554977505;1126.139554427937;15.0;18.0;False;False;False;False;False;True;True;10.044430381276952
202;184;2016-02-01;1091085.7235201814;1126.139554427937;15.0;18.0;False;False;False;False;False;True;True;12.181250227658523
202;184;2016-03-01;1199446.1536296592;1126.139554427937;15.0;18.0;False;False;False;False;False;True;True;12.515167674172917
202;184;2016-04-01;752715.3944401626;1126.139554427937;15.0;18.0;False;False;False;False;False;True;True;15.29589403743588
202;184;2016-05-01;919384.3282140316;1126.139554427937;15.0;18.0;False;False;False;False;False;True;True;16.96185797726271
202;184;2016-06-01;1475344.1688604956;1126.139554427937;15.0;18.0;False;False;False;False;False;True;True;19.401180382433072
202;184;2016-07-01;2490396.631446031;1126.139554427937;15.0;18.0;False;False;False;False;False;True;True;21.32305825008297
202;184;2016-08-01;2175659.4434121065;1126.139554427937;15.0;18.0;False;False;False;False;False;True;True;20.742745780697103
202;184;2016-09-01;1770344.7460629346;1126.139554427937;15.0;18.0;False;False;False;False;False;True;True;19.343314778472426
203;184;2016-11-01;725494.8775498598;1126.139554427937;15.0;18.0;False;False;False;False;False;True;True;12.177426391472933
203;184;2016-12-01;747592.3930735331;1126.139554427937;15.0;18.0;False;False;False;False;False;True;True;9.090210333213026
203;184;2017-01-01;1303598.0421709046;1126.139554427937;15.0;18.0;False;False;False;False;False;True;True;8.220158448422033
203;184;2017-02-01;842839.5546833422;1126.139554427937;15.0;18.0;False;False;False;False;False;True;True;11.089617159986588
204;185;2015-11-01;161584.38662310364;1620.7059841835874;15.0;18.0;False;False;False;False;False;True;True;12.474742852144688
204;185;2015-12-01;161273.93151063498;1620.7059841835874;15.0;18.0;False;False;False;False;False;True;True;10.585770904643011
204;185;2016-01-01;168233.23303840234;1620.7059841835874;15.0;18.0;False;False;False;False;False;True;True;10.044430381276952
204;185;2016-02-01;178898.6704396203;1620.7059841835874;15.0;18.0;False;False;False;False;False;True;True;12.181250227658523
204;185;2016-03-01;168861.7515391716;1620.7059841835874;15.0;18.0;False;False;False;False;False;True;True;12.515167674172917
204;185;2016-04-01;158468.45652636394;1620.7059841835874;15.0;18.0;False;False;False;False;False;True;True;15.29589403743588
204;185;2016-05-01;170597.39796708102;1620.7059841835874;15.0;18.0;False;False;False;False;False;True;True;16.96185797726271
204;185;2016-06-01;194747.74074299083;1620.7059841835874;15.0;18.0;False;False;False;False;False;True;True;19.401180382433072
204;185;2016-07-01;247532.6898347909;1620.7059841835874;15.0;18.0;False;False;False;False;False;True;True;21.32305825008297
204;185;2016-08-01;197952.680369262;1620.7059841835874;15.0;18.0;False;False;False;False;False;True;True;20.742745780697103
204;185;2016-09-01;212855.78877502057;1620.7059841835874;15.0;18.0;False;False;False;False;False;True;True;19.343314778472426
204;185;2016-10-01;160360.01692050675;1620.7059841835874;15.0;18.0;False;False;False;False;False;True;True;15.324236311387889
204;185;2016-11-01;173030.62263640022;1620.7059841835874;15.0;18.0;False;False;False;False;False;True;True;12.177426391472933
204;185;2016-12-01;153165.5396758618;1620.7059841835874;15.0;18.0;False;False;False;False;False;True;True;9.090210333213026
204;185;2017-01-01;188362.05105067024;1620.7059841835874;15.0;18.0;False;False;False;False;False;True;True;8.220158448422033
204;185;2017-02-01;180802.9110891213;1620.7059841835874;15.0;18.0;False;False;False;False;False;True;True;11.089617159986588
204;185;2017-03-01;184619.038765582;1620.7059841835874;15.0;18.0;False;False;False;False;False;True;True;13.587104379909494
204;185;2017-04-01;156778.5431838926;1620.7059841835874;15.0;18.0;False;False;False;False;False;True;True;14.894739608181292
204;185;2017-05-01;182138.57463863675;1620.7059841835874;15.0;18.0;False;False;False;False;False;True;True;17.435992917198842
204;185;2017-06-01;192687.570277456;1620.7059841835874;15.0;18.0;False;False;False;False;False;True;True;20.887620035041337
204;185;2017-07-01;251626.58506992264;1620.7059841835874;15.0;18.0;False;False;False;False;False;True;True;21.37875162596229
204;185;2017-08-01;232192.5567883888;1620.7059841835874;15.0;18.0;False;False;False;False;False;True;True;22.11828355029739
204;185;2017-09-01;187578.0809309313;1620.7059841835874;15.0;18.0;False;False;False;False;False;True;True;18.007116473367873
205;186;2015-11-01;109121.66577762304;1049.0786647424102;15.0;18.0;False;False;False;False;False;True;True;12.474742852144688
205;186;2015-12-01;117766.28680626584;1049.0786647424102;15.0;18.0;False;False;False;False;False;True;True;10.585770904643011
205;186;2016-01-01;123895.6336482147;1049.0786647424102;15.0;18.0;False;False;False;False;False;True;True;10.044430381276952
205;186;2016-02-01;145771.29401378593;1049.0786647424102;15.0;18.0;False;False;False;False;False;True;True;12.181250227658523
205;186;2016-03-01;139263.25005777396;1049.0786647424102;15.0;18.0;False;False;False;False;False;True;True;12.515167674172917
205;186;2016-04-01;130591.45702647838;1049.0786647424102;15.0;18.0;False;False;False;False;False;True;True;15.29589403743588
205;186;2016-05-01;143952.33142021563;1049.0786647424102;15.0;18.0;False;False;False;False;False;True;True;16.96185797726271
205;186;2016-06-01;153460.72295053702;1049.0786647424102;15.0;18.0;False;False;False;False;False;True;True;19.401180382433072
205;186;2016-07-01;148651.7860872411;1049.0786647424102;15.0;18.0;False;False;False;False;False;True;True;21.32305825008297
205;186;2016-08-01;131255.56879262463;1049.0786647424102;15.0;18.0;False;False;False;False;False;True;True;20.742745780697103
205;186;2016-09-01;160628.74591307118;1049.0786647424102;15.0;18.0;False;False;False;False;False;True;True;19.343314778472426
205;186;2016-10-01;129726.68341235386;1049.0786647424102;15.0;18.0;False;False;False;False;False;True;True;15.324236311387889
205;186;2016-11-01;144641.35663793454;1049.0786647424102;15.0;18.0;False;False;False;False;False;True;True;12.177426391472933
205;186;2016-12-01;121153.38173912892;1049.0786647424102;15.0;18.0;False;False;False;False;False;True;True;9.090210333213026
205;186;2017-01-01;135265.88816347122;1049.0786647424102;15.0;18.0;False;False;False;False;False;True;True;8.220158448422033
205;186;2017-02-01;137374.16120272438;1049.0786647424102;15.0;18.0;False;False;False;False;False;True;True;11.089617159986588
205;186;2017-03-01;139416.637359114;1049.0786647424102;15.0;18.0;False;False;False;False;False;True;True;13.587104379909494
205;186;2017-04-01;122261.515930677;1049.0786647424102;15.0;18.0;False;False;False;False;False;True;True;14.894739608181292
205;186;2017-05-01;146934.9289417888;1049.0786647424102;15.0;18.0;False;False;False;False;False;True;True;17.435992917198842
205;186;2017-06-01;148847.4732945293;1049.0786647424102;15.0;18.0;False;False;False;False;False;True;True;20.887620035041337
205;186;2017-07-01;154728.52765973995;1049.0786647424102;15.0;18.0;False;False;False;False;False;True;True;21.37875162596229
205;186;2017-08-01;127253.0519827716;1049.0786647424102;15.0;18.0;False;False;False;False;False;True;True;22.11828355029739
205;186;2017-09-01;147401.3607534814;1049.0786647424102;15.0;18.0;False;False;False;False;False;True;True;18.007116473367873
206;189;2014-05-01;289577.6380443538;15722.835999913514;15.0;18.0;False;False;False;False;False;True;True;15.007417672450508
206;189;2014-06-01;323151.2428611654;15722.835999913514;15.0;18.0;False;False;False;False;False;True;True;17.60630221210198
206;189;2014-07-01;345426.2538051941;15722.835999913514;15.0;18.0;False;False;False;False;False;True;True;17.02814087022849
206;189;2014-08-01;329712.8920819412;15722.835999913514;15.0;18.0;False;False;False;False;False;True;True;16.768820314896253
206;189;2014-09-01;346040.5433170832;15722.835999913514;15.0;18.0;False;False;False;False;False;True;True;16.227282433689336
206;189;2014-10-01;383924.8755778623;15722.835999913514;15.0;18.0;False;False;False;False;False;True;True;14.53081529820492
206;189;2014-11-01;320045.5058251572;15722.835999913514;15.0;18.0;False;False;False;False;False;True;True;12.603836181081192
206;189;2014-12-01;263243.1746501721;15722.835999913514;15.0;18.0;False;False;False;False;False;True;True;9.994714275622268
206;189;2015-01-01;360082.4125430011;15722.835999913514;15.0;18.0;False;False;False;False;False;True;True;9.817247733789548
206;189;2015-02-01;396757.4546928721;15722.835999913514;15.0;18.0;False;False;False;False;False;True;True;8.827408379093514
206;189;2015-03-01;346278.1170596694;15722.835999913514;15.0;18.0;False;False;False;False;False;True;True;12.60792026996771
206;189;2015-04-01;270171.9363010848;15722.835999913514;15.0;18.0;False;False;False;False;False;True;True;14.895697905434822
206;189;2015-05-01;262717.5807146574;15722.835999913514;15.0;18.0;False;False;False;False;False;True;True;17.141654142366107
207;189;2015-07-01;319560.737398971;15722.835999913514;15.0;18.0;False;False;False;False;False;True;True;21.53785193429267
207;189;2015-08-01;291251.4877836495;15722.835999913514;15.0;18.0;False;False;False;False;False;True;True;20.49907454866584
207;189;2015-09-01;329783.60257825267;15722.835999913514;15.0;18.0;False;False;False;False;False;True;True;17.621727802535418
207;189;2015-10-01;469404.875706518;15722.835999913514;15.0;18.0;False;False;False;False;False;True;True;14.792289238072366
208;189;2015-12-01;436747.92297243926;15722.835999913514;15.0;18.0;False;False;False;False;False;True;True;10.585770904643011
208;189;2016-01-01;420819.87053056754;15722.835999913514;15.0;18.0;False;False;False;False;False;True;True;10.044430381276952
208;189;2016-02-01;600969.0431077352;15722.835999913514;15.0;18.0;False;False;False;False;False;True;True;12.181250227658523
208;189;2016-03-01;387868.4566647;15722.835999913514;15.0;18.0;False;False;False;False;False;True;True;12.515167674172917
208;189;2016-04-01;300171.83168756485;15722.835999913514;15.0;18.0;False;False;False;False;False;True;True;15.29589403743588
208;189;2016-05-01;275690.41947864485;15722.835999913514;15.0;18.0;False;False;False;False;False;True;True;16.96185797726271
208;189;2016-06-01;328887.9774302442;15722.835999913514;15.0;18.0;False;False;False;False;False;True;True;19.401180382433072
208;189;2016-07-01;322264.0712227294;15722.835999913514;15.0;18.0;False;False;False;False;False;True;True;21.32305825008297
208;189;2016-08-01;285519.0259713319;15722.835999913514;15.0;18.0;False;False;False;False;False;True;True;20.742745780697103
208;189;2016-09-01;285634.25895824475;15722.835999913514;15.0;18.0;False;False;False;False;False;True;True;19.343314778472426
208;189;2016-10-01;379844.7864547418;15722.835999913514;15.0;18.0;False;False;False;False;False;True;True;15.324236311387889
208;189;2016-11-01;422552.5523664521;15722.835999913514;15.0;18.0;False;False;False;False;False;True;True;12.177426391472933
208;189;2016-12-01;628179.1835553446;15722.835999913514;15.0;18.0;False;False;False;False;False;True;True;9.090210333213026
208;189;2017-01-01;524688.3324367139;15722.835999913514;15.0;18.0;False;False;False;False;False;True;True;8.220158448422033
208;189;2017-02-01;467760.9964882114;15722.835999913514;15.0;18.0;False;False;False;False;False;True;True;11.089617159986588
208;189;2017-03-01;425902.5826673264;15722.835999913514;15.0;18.0;False;False;False;False;False;True;True;13.587104379909494
208;189;2017-04-01;336309.313774658;15722.835999913514;15.0;18.0;False;False;False;False;False;True;True;14.894739608181292
209;190;2014-05-01;3478.8840852081107;264.6758376096841;15.0;18.0;False;False;False;False;False;True;True;15.007417672450508
209;190;2014-06-01;3490.457751725111;264.6758376096841;15.0;18.0;False;False;False;False;False;True;True;17.60630221210198
209;190;2014-07-01;3468.482972171574;264.6758376096841;15.0;18.0;False;False;False;False;False;True;True;17.02814087022849
209;190;2014-08-01;3570.7152028101777;264.6758376096841;15.0;18.0;False;False;False;False;False;True;True;16.768820314896253
209;190;2014-09-01;3688.688446735058;264.6758376096841;15.0;18.0;False;False;False;False;False;True;True;16.227282433689336
209;190;2014-10-01;3946.3531631970895;264.6758376096841;15.0;18.0;False;False;False;False;False;True;True;14.53081529820492
209;190;2014-11-01;4019.706925146738;264.6758376096841;15.0;18.0;False;False;False;False;False;True;True;12.603836181081192
209;190;2014-12-01;3866.191170368584;264.6758376096841;15.0;18.0;False;False;False;False;False;True;True;9.994714275622268
209;190;2015-01-01;3919.508857493924;264.6758376096841;15.0;18.0;False;False;False;False;False;True;True;9.817247733789548
209;190;2015-02-01;3886.453120202509;264.6758376096841;15.0;18.0;False;False;False;False;False;True;True;8.827408379093514
209;190;2015-03-01;3885.7794696737537;264.6758376096841;15.0;18.0;False;False;False;False;False;True;True;12.60792026996771
209;190;2015-04-01;3846.59055263798;264.6758376096841;15.0;18.0;False;False;False;False;False;True;True;14.895697905434822
209;190;2015-05-01;3879.745257724169;264.6758376096841;15.0;18.0;False;False;False;False;False;True;True;17.141654142366107
209;190;2015-06-01;4005.229744563192;264.6758376096841;15.0;18.0;False;False;False;False;False;True;True;19.39294481553273
209;190;2015-07-01;4012.5716318763207;264.6758376096841;15.0;18.0;False;False;False;False;False;True;True;21.53785193429267
209;190;2015-08-01;4023.618520884548;264.6758376096841;15.0;18.0;False;False;False;False;False;True;True;20.49907454866584
209;190;2015-09-01;3772.982144265317;264.6758376096841;15.0;18.0;False;False;False;False;False;True;True;17.621727802535418
209;190;2015-10-01;3942.2970211567344;264.6758376096841;15.0;18.0;False;False;False;False;False;True;True;14.792289238072366
209;190;2015-11-01;3992.264477298193;264.6758376096841;15.0;18.0;False;False;False;False;False;True;True;12.474742852144688
209;190;2015-12-01;4058.819768021189;264.6758376096841;15.0;18.0;False;False;False;False;False;True;True;10.585770904643011
209;190;2016-01-01;3956.494709455946;264.6758376096841;15.0;18.0;False;False;False;False;False;True;True;10.044430381276952
209;190;2016-02-01;4029.5738203494448;264.6758376096841;15.0;18.0;False;False;False;False;False;True;True;12.181250227658523
209;190;2016-03-01;3869.15463407438;264.6758376096841;15.0;18.0;False;False;False;False;False;True;True;12.515167674172917
209;190;2016-04-01;3924.393662762952;264.6758376096841;15.0;18.0;False;False;False;False;False;True;True;15.29589403743588
209;190;2016-05-01;3857.397245437825;264.6758376096841;15.0;18.0;False;False;False;False;False;True;True;16.96185797726271
209;190;2016-06-01;3833.2782512669664;264.6758376096841;15.0;18.0;False;False;False;False;False;True;True;19.401180382433072
209;190;2016-07-01;3594.967498879748;264.6758376096841;15.0;18.0;False;False;False;False;False;True;True;21.32305825008297
209;190;2016-08-01;3482.711780653945;264.6758376096841;15.0;18.0;False;False;False;False;False;True;True;20.742745780697103
209;190;2016-09-01;3706.428003403041;264.6758376096841;15.0;18.0;False;False;False;False;False;True;True;19.343314778472426
209;190;2016-10-01;3758.764164735766;264.6758376096841;15.0;18.0;False;False;False;False;False;True;True;15.324236311387889
209;190;2016-11-01;3860.154510039759;264.6758376096841;15.0;18.0;False;False;False;False;False;True;True;12.177426391472933
209;190;2016-12-01;3809.9467230381792;264.6758376096841;15.0;18.0;False;False;False;False;False;True;True;9.090210333213026
209;190;2017-01-01;3832.984811995458;264.6758376096841;15.0;18.0;False;False;False;False;False;True;True;8.220158448422033
209;190;2017-02-01;3818.41250513786;264.6758376096841;15.0;18.0;False;False;False;False;False;True;True;11.089617159986588
209;190;2017-03-01;3905.352200077036;264.6758376096841;15.0;18.0;False;False;False;False;False;True;True;13.587104379909494
209;190;2017-04-01;3993.631683575274;264.6758376096841;15.0;18.0;False;False;False;False;False;True;True;14.894739608181292
209;190;2017-05-01;3892.544796477248;264.6758376096841;15.0;18.0;False;False;False;False;False;True;True;17.435992917198842
209;190;2017-06-01;3814.408123901576;264.6758376096841;15.0;18.0;False;False;False;False;False;True;True;20.887620035041337
209;190;2017-07-01;3970.736218177696;264.6758376096841;15.0;18.0;False;False;False;False;False;True;True;21.37875162596229
209;190;2017-08-01;3965.233287872204;264.6758376096841;15.0;18.0;False;False;False;False;False;True;True;22.11828355029739
209;190;2017-09-01;4071.426495565367;264.6758376096841;15.0;18.0;False;False;False;False;False;True;True;18.007116473367873
209;190;2017-10-01;4057.493054941833;264.6758376096841;15.0;18.0;False;False;False;False;False;True;True;15.89606581655819
210;191;2014-03-01;77869.26806695714;9318.1137915235;15.0;18.0;False;False;False;False;False;True;True;13.182095292577824
210;191;2014-04-01;75598.80977363797;9318.1137915235;15.0;18.0;False;False;False;False;False;True;True;15.084608638230538
210;191;2014-05-01;85296.5987801712;9318.1137915235;15.0;18.0;False;False;False;False;False;True;True;15.007417672450508
210;191;2014-06-01;90162.96970476188;9318.1137915235;15.0;18.0;False;False;False;False;False;True;True;17.60630221210198
210;191;2014-07-01;101401.85824360998;9318.1137915235;15.0;18.0;False;False;False;False;False;True;True;17.02814087022849
210;191;2014-08-01;76571.20601970998;9318.1137915235;15.0;18.0;False;False;False;False;False;True;True;16.768820314896253
210;191;2014-09-01;80582.06310788193;9318.1137915235;15.0;18.0;False;False;False;False;False;True;True;16.227282433689336
210;191;2014-10-01;79773.72402176884;9318.1137915235;15.0;18.0;False;False;False;False;False;True;True;14.53081529820492
210;191;2014-11-01;69235.75491905108;9318.1137915235;15.0;18.0;False;False;False;False;False;True;True;12.603836181081192
210;191;2014-12-01;57217.40018351824;9318.1137915235;15.0;18.0;False;False;False;False;False;True;True;9.994714275622268
210;191;2015-01-01;68266.49480584347;9318.1137915235;15.0;18.0;False;False;False;False;False;True;True;9.817247733789548
210;191;2015-02-01;74201.93385063272;9318.1137915235;15.0;18.0;False;False;False;False;False;True;True;8.827408379093514
210;191;2015-03-01;80125.15776230575;9318.1137915235;15.0;18.0;False;False;False;False;False;True;True;12.60792026996771
210;191;2015-04-01;68048.17379797358;9318.1137915235;15.0;18.0;False;False;False;False;False;True;True;14.895697905434822
210;191;2015-05-01;82608.41458608597;9318.1137915235;15.0;18.0;False;False;False;False;False;True;True;17.141654142366107
210;191;2015-06-01;102018.98607202047;9318.1137915235;15.0;18.0;False;False;False;False;False;True;True;19.39294481553273
210;191;2015-07-01;101074.91792742038;9318.1137915235;15.0;18.0;False;False;False;False;False;True;True;21.53785193429267
210;191;2015-08-01;77039.42930763736;9318.1137915235;15.0;18.0;False;False;False;False;False;True;True;20.49907454866584
210;191;2015-09-01;80232.94454093435;9318.1137915235;15.0;18.0;False;False;False;False;False;True;True;17.621727802535418
210;191;2015-10-01;85549.05780275978;9318.1137915235;15.0;18.0;False;False;False;False;False;True;True;14.792289238072366
211;193;2014-04-01;1029805.419047187;12414.049659855664;15.0;18.0;False;False;False;False;False;True;True;15.084608638230538
211;193;2014-05-01;1182582.0336516052;12414.049659855664;15.0;18.0;False;False;False;False;False;True;True;15.007417672450508
211;193;2014-06-01;1685939.6032194693;12414.049659855664;15.0;18.0;False;False;False;False;False;True;True;17.60630221210198
211;193;2014-07-01;1830073.9921609564;12414.049659855664;15.0;18.0;False;False;False;False;False;True;True;17.02814087022849
211;193;2014-08-01;1640702.4728416088;12414.049659855664;15.0;18.0;False;False;False;False;False;True;True;16.768820314896253
211;193;2014-09-01;1397438.8113669134;12414.049659855664;15.0;18.0;False;False;False;False;False;True;True;16.227282433689336
211;193;2014-10-01;1494971.8214825247;12414.049659855664;15.0;18.0;False;False;False;False;False;True;True;14.53081529820492
211;193;2014-11-01;1393007.7421365313;12414.049659855664;15.0;18.0;False;False;False;False;False;True;True;12.603836181081192
211;193;2014-12-01;963146.016493571;12414.049659855664;15.0;18.0;False;False;False;False;False;True;True;9.994714275622268
211;193;2015-01-01;1134199.1879220728;12414.049659855664;15.0;18.0;False;False;False;False;False;True;True;9.817247733789548
211;193;2015-02-01;1205997.3156085345;12414.049659855664;15.0;18.0;False;False;False;False;False;True;True;8.827408379093514
211;193;2015-03-01;1205997.3156085345;12414.049659855664;15.0;18.0;False;False;False;False;False;True;True;12.60792026996771
212;193;2015-05-01;1205997.3156085345;12414.049659855664;15.0;18.0;False;False;False;False;False;True;True;17.141654142366107
212;193;2015-06-01;1205997.3156085345;12414.049659855664;15.0;18.0;False;False;False;False;False;True;True;19.39294481553273
212;193;2015-07-01;1205997.3156085345;12414.049659855664;15.0;18.0;False;False;False;False;False;True;True;21.53785193429267
212;193;2015-08-01;1205997.3156085345;12414.049659855664;15.0;18.0;False;False;False;False;False;True;True;20.49907454866584
213;193;2015-10-01;1205997.3156085345;12414.049659855664;15.0;18.0;False;False;False;False;False;True;True;14.792289238072366
213;193;2015-11-01;1205997.3156085345;12414.049659855664;15.0;18.0;False;False;False;False;False;True;True;12.474742852144688
213;193;2015-12-01;1205997.3156085345;12414.049659855664;15.0;18.0;False;False;False;False;False;True;True;10.585770904643011
213;193;2016-01-01;1205997.3156085345;12414.049659855664;15.0;18.0;False;False;False;False;False;True;True;10.044430381276952
213;193;2016-02-01;694092.0569721471;12414.049659855664;15.0;18.0;False;False;False;False;False;True;True;12.181250227658523
213;193;2016-03-01;890472.0255820643;12414.049659855664;15.0;18.0;False;False;False;False;False;True;True;12.515167674172917
213;193;2016-04-01;1034820.1143687024;12414.049659855664;15.0;18.0;False;False;False;False;False;True;True;15.29589403743588
213;193;2016-05-01;1344396.0304134863;12414.049659855664;15.0;18.0;False;False;False;False;False;True;True;16.96185797726271
213;193;2016-06-01;1578165.7110701525;12414.049659855664;15.0;18.0;False;False;False;False;False;True;True;19.401180382433072
213;193;2016-07-01;1746097.453099391;12414.049659855664;15.0;18.0;False;False;False;False;False;True;True;21.32305825008297
213;193;2016-08-01;1581998.9115926493;12414.049659855664;15.0;18.0;False;False;False;False;False;True;True;20.742745780697103
213;193;2016-09-01;1318970.7297833466;12414.049659855664;15.0;18.0;False;False;False;False;False;True;True;19.343314778472426
213;193;2016-10-01;1262270.73314871;12414.049659855664;15.0;18.0;False;False;False;False;False;True;True;15.324236311387889
214;193;2016-12-01;1262516.5355907783;12414.049659855664;15.0;18.0;False;False;False;False;False;True;True;9.090210333213026
214;193;2017-01-01;1376665.1609557406;12414.049659855664;15.0;18.0;False;False;False;False;False;True;True;8.220158448422033
214;193;2017-02-01;1281220.9278615715;12414.049659855664;15.0;18.0;False;False;False;False;False;True;True;11.089617159986588
214;193;2017-03-01;1145653.5644099882;12414.049659855664;15.0;18.0;False;False;False;False;False;True;True;13.587104379909494
215;195;2014-04-01;13898363.461368944;19609.2289860826;15.0;18.0;False;False;False;False;False;True;True;15.084608638230538
215;195;2014-05-01;13519800.182917856;19609.2289860826;15.0;18.0;False;False;False;False;False;True;True;15.007417672450508
215;195;2014-06-01;13056605.687729623;19609.2289860826;15.0;18.0;False;False;False;False;False;True;True;17.60630221210198
215;195;2014-07-01;14492150.062249128;19609.2289860826;15.0;18.0;False;False;False;False;False;True;True;17.02814087022849
215;195;2014-08-01;14472555.28622893;19609.2289860826;15.0;18.0;False;False;False;False;False;True;True;16.768820314896253
215;195;2014-09-01;13897667.161253372;19609.2289860826;15.0;18.0;False;False;False;False;False;True;True;16.227282433689336
215;195;2014-10-01;13944761.996136488;19609.2289860826;15.0;18.0;False;False;False;False;False;True;True;14.53081529820492
215;195;2014-11-01;13851736.76502267;19609.2289860826;15.0;18.0;False;False;False;False;False;True;True;12.603836181081192
215;195;2014-12-01;13414835.151565405;19609.2289860826;15.0;18.0;False;False;False;False;False;True;True;9.994714275622268
215;195;2015-01-01;13328728.796067884;19609.2289860826;15.0;18.0;False;False;False;False;False;True;True;9.817247733789548
215;195;2015-02-01;13258622.250848236;19609.2289860826;15.0;18.0;False;False;False;False;False;True;True;8.827408379093514
215;195;2015-03-01;12721173.503441082;19609.2289860826;15.0;18.0;False;False;False;False;False;True;True;12.60792026996771
215;195;2015-04-01;12317617.657235716;19609.2289860826;15.0;18.0;False;False;False;False;False;True;True;14.895697905434822
215;195;2015-05-01;12281438.390914842;19609.2289860826;15.0;18.0;False;False;False;False;False;True;True;17.141654142366107
215;195;2015-06-01;12830422.7060013;19609.2289860826;15.0;18.0;False;False;False;False;False;True;True;19.39294481553273
215;195;2015-07-01;11606176.33194138;19609.2289860826;15.0;18.0;False;False;False;False;False;True;True;21.53785193429267
215;195;2015-08-01;12593812.241181055;19609.2289860826;15.0;18.0;False;False;False;False;False;True;True;20.49907454866584
215;195;2015-09-01;13460694.97625596;19609.2289860826;15.0;18.0;False;False;False;False;False;True;True;17.621727802535418
215;195;2015-10-01;13019432.697252542;19609.2289860826;15.0;18.0;False;False;False;False;False;True;True;14.792289238072366
215;195;2015-11-01;13182092.926519187;19609.2289860826;15.0;18.0;False;False;False;False;False;True;True;12.474742852144688
215;195;2015-12-01;13437124.105338687;19609.2289860826;15.0;18.0;False;False;False;False;False;True;True;10.585770904643011
215;195;2016-01-01;13547041.15554841;19609.2289860826;15.0;18.0;False;False;False;False;False;True;True;10.044430381276952
215;195;2016-02-01;12799963.407601712;19609.2289860826;15.0;18.0;False;False;False;False;False;True;True;12.181250227658523
215;195;2016-03-01;12258153.694274394;19609.2289860826;15.0;18.0;False;False;False;False;False;True;True;12.515167674172917
215;195;2016-04-01;13486553.075829022;19609.2289860826;15.0;18.0;False;False;False;False;False;True;True;15.29589403743588
215;195;2016-05-01;13425696.107116438;19609.2289860826;15.0;18.0;False;False;False;False;False;True;True;16.96185797726271
215;195;2016-06-01;13670233.575183293;19609.2289860826;15.0;18.0;False;False;False;False;False;True;True;19.401180382433072
215;195;2016-07-01;13351008.391192311;19609.2289860826;15.0;18.0;False;False;False;False;False;True;True;21.32305825008297
215;195;2016-08-01;13316766.683698408;19609.2289860826;15.0;18.0;False;False;False;False;False;True;True;20.742745780697103
216;197;2014-03-01;134709.27048145226;15005.71569078602;15.0;18.0;False;False;False;False;False;True;True;13.182095292577824
216;197;2014-04-01;147994.15610897526;15005.71569078602;15.0;18.0;False;False;False;False;False;True;True;15.084608638230538
216;197;2014-05-01;152496.32098768177;15005.71569078602;15.0;18.0;False;False;False;False;False;True;True;15.007417672450508
216;197;2014-06-01;152917.86668503052;15005.71569078602;15.0;18.0;False;False;False;False;False;True;True;17.60630221210198
216;197;2014-07-01;149992.62794214426;15005.71569078602;15.0;18.0;False;False;False;False;False;True;True;17.02814087022849
216;197;2014-08-01;149730.7850925382;15005.71569078602;15.0;18.0;False;False;False;False;False;True;True;16.768820314896253
216;197;2014-09-01;151198.21113982273;15005.71569078602;15.0;18.0;False;False;False;False;False;True;True;16.227282433689336
216;197;2014-10-01;152107.30281030337;15005.71569078602;15.0;18.0;False;False;False;False;False;True;True;14.53081529820492
216;197;2014-11-01;154455.32794444822;15005.71569078602;15.0;18.0;False;False;False;False;False;True;True;12.603836181081192
216;197;2014-12-01;143131.1025862052;15005.71569078602;15.0;18.0;False;False;False;False;False;True;True;9.994714275622268
216;197;2015-01-01;140592.89535928582;15005.71569078602;15.0;18.0;False;False;False;False;False;True;True;9.817247733789548
216;197;2015-02-01;153849.17835149544;15005.71569078602;15.0;18.0;False;False;False;False;False;True;True;8.827408379093514
216;197;2015-03-01;157129.75174954112;15005.71569078602;15.0;18.0;False;False;False;False;False;True;True;12.60792026996771
216;197;2015-04-01;144104.83009833388;15005.71569078602;15.0;18.0;False;False;False;False;False;True;True;14.895697905434822
216;197;2015-05-01;147564.57927050936;15005.71569078602;15.0;18.0;False;False;False;False;False;True;True;17.141654142366107
216;197;2015-06-01;119503.32258405248;15005.71569078602;15.0;18.0;False;False;False;False;False;True;True;19.39294481553273
216;197;2015-07-01;122721.30836448033;15005.71569078602;15.0;18.0;False;False;False;False;False;True;True;21.53785193429267
216;197;2015-08-01;116476.97736741666;15005.71569078602;15.0;18.0;False;False;False;False;False;True;True;20.49907454866584
216;197;2015-09-01;105360.3786025388;15005.71569078602;15.0;18.0;False;False;False;False;False;True;True;17.621727802535418
216;197;2015-10-01;109516.9564279849;15005.71569078602;15.0;18.0;False;False;False;False;False;True;True;14.792289238072366
216;197;2015-11-01;113965.809368181;15005.71569078602;15.0;18.0;False;False;False;False;False;True;True;12.474742852144688
216;197;2015-12-01;98367.97629627198;15005.71569078602;15.0;18.0;False;False;False;False;False;True;True;10.585770904643011
216;197;2016-01-01;107492.69358372773;15005.71569078602;15.0;18.0;False;False;False;False;False;True;True;10.044430381276952
216;197;2016-02-01;128910.01386679786;15005.71569078602;15.0;18.0;False;False;False;False;False;True;True;12.181250227658523
216;197;2016-03-01;103727.14797705288;15005.71569078602;15.0;18.0;False;False;False;False;False;True;True;12.515167674172917
216;197;2016-04-01;113788.61026230312;15005.71569078602;15.0;18.0;False;False;False;False;False;True;True;15.29589403743588
216;197;2016-05-01;109999.71334108876;15005.71569078602;15.0;18.0;False;False;False;False;False;True;True;16.96185797726271
216;197;2016-06-01;101352.84789215664;15005.71569078602;15.0;18.0;False;False;False;False;False;True;True;19.401180382433072
216;197;2016-07-01;103041.6500662726;15005.71569078602;15.0;18.0;False;False;False;False;False;True;True;21.32305825008297
216;197;2016-08-01;105066.02054746148;15005.71569078602;15.0;18.0;False;False;False;False;False;True;True;20.742745780697103
216;197;2016-09-01;123935.18084338483;15005.71569078602;15.0;18.0;False;False;False;False;False;True;True;19.343314778472426
217;198;2014-02-01;60441.53797115518;14388.713212683797;15.0;18.0;False;False;False;False;False;True;True;12.204535957921411
217;198;2014-03-01;59662.59601761971;14388.713212683797;15.0;18.0;False;False;False;False;False;True;True;13.182095292577824
217;198;2014-04-01;61441.5194277649;14388.713212683797;15.0;18.0;False;False;False;False;False;True;True;15.084608638230538
217;198;2014-05-01;62498.33169727228;14388.713212683797;15.0;18.0;False;False;False;False;False;True;True;15.007417672450508
217;198;2014-06-01;62445.62552415782;14388.713212683797;15.0;18.0;False;False;False;False;False;True;True;17.60630221210198
217;198;2014-07-01;63035.90244140475;14388.713212683797;15.0;18.0;False;False;False;False;False;True;True;17.02814087022849
217;198;2014-08-01;63489.33685615563;14388.713212683797;15.0;18.0;False;False;False;False;False;True;True;16.768820314896253
217;198;2014-09-01;62061.36785246189;14388.713212683797;15.0;18.0;False;False;False;False;False;True;True;16.227282433689336
217;198;2014-10-01;63961.02127564842;14388.713212683797;15.0;18.0;False;False;False;False;False;True;True;14.53081529820492
217;198;2014-11-01;58925.97159117685;14388.713212683797;15.0;18.0;False;False;False;False;False;True;True;12.603836181081192
217;198;2014-12-01;59965.77328914346;14388.713212683797;15.0;18.0;False;False;False;False;False;True;True;9.994714275622268
217;198;2015-01-01;63174.8530615924;14388.713212683797;15.0;18.0;False;False;False;False;False;True;True;9.817247733789548
217;198;2015-02-01;63405.261615979245;14388.713212683797;15.0;18.0;False;False;False;False;False;True;True;8.827408379093514
217;198;2015-03-01;60679.13302055552;14388.713212683797;15.0;18.0;False;False;False;False;False;True;True;12.60792026996771
217;198;2015-04-01;62246.56541624396;14388.713212683797;15.0;18.0;False;False;False;False;False;True;True;14.895697905434822
217;198;2015-05-01;63673.46643063683;14388.713212683797;15.0;18.0;False;False;False;False;False;True;True;17.141654142366107
217;198;2015-06-01;61883.90517764568;14388.713212683797;15.0;18.0;False;False;False;False;False;True;True;19.39294481553273
217;198;2015-07-01;62017.512253649074;14388.713212683797;15.0;18.0;False;False;False;False;False;True;True;21.53785193429267
217;198;2015-08-01;63404.606611922536;14388.713212683797;15.0;18.0;False;False;False;False;False;True;True;20.49907454866584
217;198;2015-09-01;62736.93165959859;14388.713212683797;15.0;18.0;False;False;False;False;False;True;True;17.621727802535418
217;198;2015-10-01;67502.77906857895;14388.713212683797;15.0;18.0;False;False;False;False;False;True;True;14.792289238072366
217;198;2015-11-01;62616.79380422064;14388.713212683797;15.0;18.0;False;False;False;False;False;True;True;12.474742852144688
217;198;2015-12-01;62863.24369828806;14388.713212683797;15.0;18.0;False;False;False;False;False;True;True;10.585770904643011
217;198;2016-01-01;56268.27021038532;14388.713212683797;15.0;18.0;False;False;False;False;False;True;True;10.044430381276952
217;198;2016-02-01;57101.189457977394;14388.713212683797;15.0;18.0;False;False;False;False;False;True;True;12.181250227658523
217;198;2016-03-01;58959.70258602851;14388.713212683797;15.0;18.0;False;False;False;False;False;True;True;12.515167674172917
217;198;2016-04-01;59739.61800560351;14388.713212683797;15.0;18.0;False;False;False;False;False;True;True;15.29589403743588
217;198;2016-05-01;53405.40614476894;14388.713212683797;15.0;18.0;False;False;False;False;False;True;True;16.96185797726271
217;198;2016-06-01;55997.02257046744;14388.713212683797;15.0;18.0;False;False;False;False;False;True;True;19.401180382433072
217;198;2016-07-01;52478.043129745456;14388.713212683797;15.0;18.0;False;False;False;False;False;True;True;21.32305825008297
217;198;2016-08-01;59468.157120247175;14388.713212683797;15.0;18.0;False;False;False;False;False;True;True;20.742745780697103
217;198;2016-09-01;59130.59859295731;14388.713212683797;15.0;18.0;False;False;False;False;False;True;True;19.343314778472426
218;199;2014-02-01;116.70145803149792;8530.808335635811;15.0;18.0;False;False;False;False;False;True;True;12.204535957921411
218;199;2014-03-01;116.70145803149792;8530.808335635811;15.0;18.0;False;False;False;False;False;True;True;13.182095292577824
218;199;2014-04-01;46554.53788528119;8530.808335635811;15.0;18.0;False;False;False;False;False;True;True;15.084608638230538
218;199;2014-05-01;49018.96664249578;8530.808335635811;15.0;18.0;False;False;False;False;False;True;True;15.007417672450508
218;199;2014-06-01;46975.68778504308;8530.808335635811;15.0;18.0;False;False;False;False;False;True;True;17.60630221210198
218;199;2014-07-01;47160.24886514002;8530.808335635811;15.0;18.0;False;False;False;False;False;True;True;17.02814087022849
218;199;2014-08-01;49807.85391353983;8530.808335635811;15.0;18.0;False;False;False;False;False;True;True;16.768820314896253
218;199;2014-09-01;50985.49891788827;8530.808335635811;15.0;18.0;False;False;False;False;False;True;True;16.227282433689336
218;199;2014-10-01;55824.66259935269;8530.808335635811;15.0;18.0;False;False;False;False;False;True;True;14.53081529820492
218;199;2014-11-01;47782.18058173904;8530.808335635811;15.0;18.0;False;False;False;False;False;True;True;12.603836181081192
218;199;2014-12-01;42046.57218694663;8530.808335635811;15.0;18.0;False;False;False;False;False;True;True;9.994714275622268
218;199;2015-01-01;59079.50992600415;8530.808335635811;15.0;18.0;False;False;False;False;False;True;True;9.817247733789548
218;199;2015-02-01;56148.04949305354;8530.808335635811;15.0;18.0;False;False;False;False;False;True;True;8.827408379093514
218;199;2015-03-01;59583.91675527152;8530.808335635811;15.0;18.0;False;False;False;False;False;True;True;12.60792026996771
218;199;2015-04-01;61821.78101967923;8530.808335635811;15.0;18.0;False;False;False;False;False;True;True;14.895697905434822
218;199;2015-05-01;68238.530931541;8530.808335635811;15.0;18.0;False;False;False;False;False;True;True;17.141654142366107
218;199;2015-06-01;57001.33542146752;8530.808335635811;15.0;18.0;False;False;False;False;False;True;True;19.39294481553273
218;199;2015-07-01;55977.02077830424;8530.808335635811;15.0;18.0;False;False;False;False;False;True;True;21.53785193429267
218;199;2015-08-01;58096.43872541901;8530.808335635811;15.0;18.0;False;False;False;False;False;True;True;20.49907454866584
218;199;2015-09-01;61781.62541940214;8530.808335635811;15.0;18.0;False;False;False;False;False;True;True;17.621727802535418
218;199;2015-10-01;67609.54818939194;8530.808335635811;15.0;18.0;False;False;False;False;False;True;True;14.792289238072366
218;199;2015-11-01;67173.58124408318;8530.808335635811;15.0;18.0;False;False;False;False;False;True;True;12.474742852144688
218;199;2015-12-01;61067.07635756648;8530.808335635811;15.0;18.0;False;False;False;False;False;True;True;10.585770904643011
218;199;2016-01-01;61724.11634986676;8530.808335635811;15.0;18.0;False;False;False;False;False;True;True;10.044430381276952
218;199;2016-02-01;65029.655443724674;8530.808335635811;15.0;18.0;False;False;False;False;False;True;True;12.181250227658523
218;199;2016-03-01;60093.966356754805;8530.808335635811;15.0;18.0;False;False;False;False;False;True;True;12.515167674172917
218;199;2016-04-01;63696.05426958774;8530.808335635811;15.0;18.0;False;False;False;False;False;True;True;15.29589403743588
218;199;2016-05-01;61690.94550908807;8530.808335635811;15.0;18.0;False;False;False;False;False;True;True;16.96185797726271
218;199;2016-06-01;61238.9378400252;8530.808335635811;15.0;18.0;False;False;False;False;False;True;True;19.401180382433072
218;199;2016-07-01;58631.556763009554;8530.808335635811;15.0;18.0;False;False;False;False;False;True;True;21.32305825008297
218;199;2016-08-01;62547.65024953539;8530.808335635811;15.0;18.0;False;False;False;False;False;True;True;20.742745780697103
218;199;2016-09-01;64483.21042913479;8530.808335635811;15.0;18.0;False;False;False;False;False;True;True;19.343314778472426
219;200;2014-02-01;6987.533227731521;18121.94463913329;15.0;18.0;False;False;False;False;False;True;True;12.204535957921411
219;200;2014-03-01;6840.799951962765;18121.94463913329;15.0;18.0;False;False;False;False;False;True;True;13.182095292577824
219;200;2014-04-01;6590.804578348447;18121.94463913329;15.0;18.0;False;False;False;False;False;True;True;15.084608638230538
219;200;2014-05-01;7154.625173836616;18121.94463913329;15.0;18.0;False;False;False;False;False;True;True;15.007417672450508
219;200;2014-06-01;8221.179344778822;18121.94463913329;15.0;18.0;False;False;False;False;False;True;True;17.60630221210198
219;200;2014-07-01;7671.8603260087875;18121.94463913329;15.0;18.0;False;False;False;False;False;True;True;17.02814087022849
219;200;2014-08-01;8607.31334642512;18121.94463913329;15.0;18.0;False;False;False;False;False;True;True;16.768820314896253
219;200;2014-09-01;9749.153953780467;18121.94463913329;15.0;18.0;False;False;False;False;False;True;True;16.227282433689336
219;200;2014-10-01;9027.633422759574;18121.94463913329;15.0;18.0;False;False;False;False;False;True;True;14.53081529820492
219;200;2014-11-01;8240.585436102645;18121.94463913329;15.0;18.0;False;False;False;False;False;True;True;12.603836181081192
219;200;2014-12-01;7689.257924215672;18121.94463913329;15.0;18.0;False;False;False;False;False;True;True;9.994714275622268
219;200;2015-01-01;9066.499527783202;18121.94463913329;15.0;18.0;False;False;False;False;False;True;True;9.817247733789548
219;200;2015-02-01;8725.843810858487;18121.94463913329;15.0;18.0;False;False;False;False;False;True;True;8.827408379093514
219;200;2015-03-01;8079.310006532655;18121.94463913329;15.0;18.0;False;False;False;False;False;True;True;12.60792026996771
219;200;2015-04-01;8576.772879397035;18121.94463913329;15.0;18.0;False;False;False;False;False;True;True;14.895697905434822
219;200;2015-05-01;9544.126801361006;18121.94463913329;15.0;18.0;False;False;False;False;False;True;True;17.141654142366107
219;200;2015-06-01;8941.749396219162;18121.94463913329;15.0;18.0;False;False;False;False;False;True;True;19.39294481553273
219;200;2015-07-01;8287.090530454017;18121.94463913329;15.0;18.0;False;False;False;False;False;True;True;21.53785193429267
219;200;2015-08-01;8620.52656077465;18121.94463913329;15.0;18.0;False;False;False;False;False;True;True;20.49907454866584
219;200;2015-09-01;8673.671815777383;18121.94463913329;15.0;18.0;False;False;False;False;False;True;True;17.621727802535418
219;200;2015-10-01;9583.911379668749;18121.94463913329;15.0;18.0;False;False;False;False;False;True;True;14.792289238072366
219;200;2015-11-01;9043.320194419322;18121.94463913329;15.0;18.0;False;False;False;False;False;True;True;12.474742852144688
219;200;2015-12-01;8112.037113606469;18121.94463913329;15.0;18.0;False;False;False;False;False;True;True;10.585770904643011
219;200;2016-01-01;8250.831189980669;18121.94463913329;15.0;18.0;False;False;False;False;False;True;True;10.044430381276952
219;200;2016-02-01;8341.794460108493;18121.94463913329;15.0;18.0;False;False;False;False;False;True;True;12.181250227658523
219;200;2016-03-01;8172.228322861548;18121.94463913329;15.0;18.0;False;False;False;False;False;True;True;12.515167674172917
219;200;2016-04-01;8294.985319455089;18121.94463913329;15.0;18.0;False;False;False;False;False;True;True;15.29589403743588
219;200;2016-05-01;8219.650839109532;18121.94463913329;15.0;18.0;False;False;False;False;False;True;True;16.96185797726271
219;200;2016-06-01;8266.42500099155;18121.94463913329;15.0;18.0;False;False;False;False;False;True;True;19.401180382433072
219;200;2016-07-01;8263.552175908684;18121.94463913329;15.0;18.0;False;False;False;False;False;True;True;21.32305825008297
219;200;2016-08-01;8787.377948428148;18121.94463913329;15.0;18.0;False;False;False;False;False;True;True;20.742745780697103
219;200;2016-09-01;9987.694670256593;18121.94463913329;15.0;18.0;False;False;False;False;False;True;True;19.343314778472426
220;201;2014-02-01;20977.16696064612;11990.293967537584;15.0;18.0;False;False;False;False;False;True;True;12.204535957921411
220;201;2014-03-01;19732.27805332607;11990.293967537584;15.0;18.0;False;False;False;False;False;True;True;13.182095292577824
220;201;2014-04-01;20353.59629539409;11990.293967537584;15.0;18.0;False;False;False;False;False;True;True;15.084608638230538
220;201;2014-05-01;19216.931815899123;11990.293967537584;15.0;18.0;False;False;False;False;False;True;True;15.007417672450508
220;201;2014-06-01;16321.58336790147;11990.293967537584;15.0;18.0;False;False;False;False;False;True;True;17.60630221210198
220;201;2014-07-01;16250.884558720249;11990.293967537584;15.0;18.0;False;False;False;False;False;True;True;17.02814087022849
220;201;2014-08-01;16108.489492880375;11990.293967537584;15.0;18.0;False;False;False;False;False;True;True;16.768820314896253
220;201;2014-09-01;18377.95342441018;11990.293967537584;15.0;18.0;False;False;False;False;False;True;True;16.227282433689336
220;201;2014-10-01;18163.68416506755;11990.293967537584;15.0;18.0;False;False;False;False;False;True;True;14.53081529820492
220;201;2014-11-01;14852.86372286917;11990.293967537584;15.0;18.0;False;False;False;False;False;True;True;12.603836181081192
220;201;2014-12-01;14361.462426671098;11990.293967537584;15.0;18.0;False;False;False;False;False;True;True;9.994714275622268
220;201;2015-01-01;17882.687679133207;11990.293967537584;15.0;18.0;False;False;False;False;False;True;True;9.817247733789548
220;201;2015-02-01;17664.216583638216;11990.293967537584;15.0;18.0;False;False;False;False;False;True;True;8.827408379093514
220;201;2015-03-01;16670.982563257257;11990.293967537584;15.0;18.0;False;False;False;False;False;True;True;12.60792026996771
220;201;2015-04-01;16775.095743443573;11990.293967537584;15.0;18.0;False;False;False;False;False;True;True;14.895697905434822
220;201;2015-05-01;18220.522674817737;11990.293967537584;15.0;18.0;False;False;False;False;False;True;True;17.141654142366107
220;201;2015-06-01;17974.649705950804;11990.293967537584;15.0;18.0;False;False;False;False;False;True;True;19.39294481553273
220;201;2015-07-01;18495.453101171403;11990.293967537584;15.0;18.0;False;False;False;False;False;True;True;21.53785193429267
220;201;2015-08-01;20167.017017535367;11990.293967537584;15.0;18.0;False;False;False;False;False;True;True;20.49907454866584
220;201;2015-09-01;20033.17512535132;11990.293967537584;15.0;18.0;False;False;False;False;False;True;True;17.621727802535418
220;201;2015-10-01;21983.40781025667;11990.293967537584;15.0;18.0;False;False;False;False;False;True;True;14.792289238072366
220;201;2015-11-01;17371.510127528192;11990.293967537584;15.0;18.0;False;False;False;False;False;True;True;12.474742852144688
220;201;2015-12-01;15295.7570556314;11990.293967537584;15.0;18.0;False;False;False;False;False;True;True;10.585770904643011
220;201;2016-01-01;15457.711236325837;11990.293967537584;15.0;18.0;False;False;False;False;False;True;True;10.044430381276952
220;201;2016-02-01;15674.572447628016;11990.293967537584;15.0;18.0;False;False;False;False;False;True;True;12.181250227658523
220;201;2016-03-01;14981.374918081874;11990.293967537584;15.0;18.0;False;False;False;False;False;True;True;12.515167674172917
220;201;2016-04-01;15149.3529467416;11990.293967537584;15.0;18.0;False;False;False;False;False;True;True;15.29589403743588
220;201;2016-05-01;13616.749126335442;11990.293967537584;15.0;18.0;False;False;False;False;False;True;True;16.96185797726271
220;201;2016-06-01;13367.048924171895;11990.293967537584;15.0;18.0;False;False;False;False;False;True;True;19.401180382433072
220;201;2016-07-01;13498.716586226792;11990.293967537584;15.0;18.0;False;False;False;False;False;True;True;21.32305825008297
220;201;2016-08-01;12333.870845221552;11990.293967537584;15.0;18.0;False;False;False;False;False;True;True;20.742745780697103
221;202;2014-02-01;1619197.6988528734;10165.008369367572;15.0;18.0;False;False;False;False;False;True;True;12.204535957921411
221;202;2014-03-01;1363366.7282497042;10165.008369367572;15.0;18.0;False;False;False;False;False;True;True;13.182095292577824
221;202;2014-04-01;1615751.4330623697;10165.008369367572;15.0;18.0;False;False;False;False;False;True;True;15.084608638230538
221;202;2014-05-01;1752634.3137696034;10165.008369367572;15.0;18.0;False;False;False;False;False;True;True;15.007417672450508
221;202;2014-06-01;1693196.5239446787;10165.008369367572;15.0;18.0;False;False;False;False;False;True;True;17.60630221210198
221;202;2014-07-01;1636466.9763137803;10165.008369367572;15.0;18.0;False;False;False;False;False;True;True;17.02814087022849
221;202;2014-08-01;1623471.193460467;10165.008369367572;15.0;18.0;False;False;False;False;False;True;True;16.768820314896253
221;202;2014-09-01;1896523.8657877373;10165.008369367572;15.0;18.0;False;False;False;False;False;True;True;16.227282433689336
221;202;2014-10-01;1952733.8820269003;10165.008369367572;15.0;18.0;False;False;False;False;False;True;True;14.53081529820492
221;202;2014-11-01;1325131.4641536912;10165.008369367572;15.0;18.0;False;False;False;False;False;True;True;12.603836181081192
221;202;2014-12-01;1306799.019684476;10165.008369367572;15.0;18.0;False;False;False;False;False;True;True;9.994714275622268
221;202;2015-01-01;1250278.7112698038;10165.008369367572;15.0;18.0;False;False;False;False;False;True;True;9.817247733789548
222;203;2014-02-01;119.78398913374636;8867.633190238848;15.0;18.0;False;False;False;False;False;True;True;12.204535957921411
222;203;2014-03-01;119.78398913374636;8867.633190238848;15.0;18.0;False;False;False;False;False;True;True;13.182095292577824
222;203;2014-04-01;52738.094694515145;8867.633190238848;15.0;18.0;False;False;False;False;False;True;True;15.084608638230538
222;203;2014-05-01;56656.43649058034;8867.633190238848;15.0;18.0;False;False;False;False;False;True;True;15.007417672450508
222;203;2014-06-01;55988.4271675344;8867.633190238848;15.0;18.0;False;False;False;False;False;True;True;17.60630221210198
222;203;2014-07-01;54140.465582039295;8867.633190238848;15.0;18.0;False;False;False;False;False;True;True;17.02814087022849
222;203;2014-08-01;56116.27041279493;8867.633190238848;15.0;18.0;False;False;False;False;False;True;True;16.768820314896253
222;203;2014-09-01;59611.2281694152;8867.633190238848;15.0;18.0;False;False;False;False;False;True;True;16.227282433689336
222;203;2014-10-01;57229.99902067583;8867.633190238848;15.0;18.0;False;False;False;False;False;True;True;14.53081529820492
222;203;2014-11-01;37389.23007837978;8867.633190238848;15.0;18.0;False;False;False;False;False;True;True;12.603836181081192
222;203;2014-12-01;32408.614578230947;8867.633190238848;15.0;18.0;False;False;False;False;False;True;True;9.994714275622268
222;203;2015-01-01;49834.12938198351;8867.633190238848;15.0;18.0;False;False;False;False;False;True;True;9.817247733789548
222;203;2015-02-01;30946.84033875072;8867.633190238848;15.0;18.0;False;False;False;False;False;True;True;8.827408379093514
222;203;2015-03-01;50502.45143789729;8867.633190238848;15.0;18.0;False;False;False;False;False;True;True;12.60792026996771
222;203;2015-04-01;37478.05897388046;8867.633190238848;15.0;18.0;False;False;False;False;False;True;True;14.895697905434822
222;203;2015-05-01;23676.96976566671;8867.633190238848;15.0;18.0;False;False;False;False;False;True;True;17.141654142366107
222;203;2015-06-01;38985.51249750664;8867.633190238848;15.0;18.0;False;False;False;False;False;True;True;19.39294481553273
222;203;2015-07-01;34807.71817672399;8867.633190238848;15.0;18.0;False;False;False;False;False;True;True;21.53785193429267
222;203;2015-08-01;43228.20019313589;8867.633190238848;15.0;18.0;False;False;False;False;False;True;True;20.49907454866584
222;203;2015-09-01;33862.09242227211;8867.633190238848;15.0;18.0;False;False;False;False;False;True;True;17.621727802535418
222;203;2015-10-01;37536.15473821483;8867.633190238848;15.0;18.0;False;False;False;False;False;True;True;14.792289238072366
222;203;2015-11-01;30926.301234241942;8867.633190238848;15.0;18.0;False;False;False;False;False;True;True;12.474742852144688
222;203;2015-12-01;43102.7243041827;8867.633190238848;15.0;18.0;False;False;False;False;False;True;True;10.585770904643011
222;203;2016-01-01;40947.32141536997;8867.633190238848;15.0;18.0;False;False;False;False;False;True;True;10.044430381276952
222;203;2016-02-01;49645.71774505626;8867.633190238848;15.0;18.0;False;False;False;False;False;True;True;12.181250227658523
222;203;2016-03-01;52666.3649418857;8867.633190238848;15.0;18.0;False;False;False;False;False;True;True;12.515167674172917
222;203;2016-04-01;52876.94553417134;8867.633190238848;15.0;18.0;False;False;False;False;False;True;True;15.29589403743588
222;203;2016-05-01;53717.08949348173;8867.633190238848;15.0;18.0;False;False;False;False;False;True;True;16.96185797726271
222;203;2016-06-01;58532.04512049501;8867.633190238848;15.0;18.0;False;False;False;False;False;True;True;19.401180382433072
222;203;2016-07-01;52729.00598543575;8867.633190238848;15.0;18.0;False;False;False;False;False;True;True;21.32305825008297
222;203;2016-08-01;49927.61071948714;8867.633190238848;15.0;18.0;False;False;False;False;False;True;True;20.742745780697103
222;203;2016-09-01;56013.58581018727;8867.633190238848;15.0;18.0;False;False;False;False;False;True;True;19.343314778472426
223;204;2014-03-01;1095741.2398260343;13162.4239415396;15.0;18.0;False;False;False;False;False;True;True;13.182095292577824
223;204;2014-04-01;1110003.3983606568;13162.4239415396;15.0;18.0;False;False;False;False;False;True;True;15.084608638230538
223;204;2014-05-01;1115275.92488882;13162.4239415396;15.0;18.0;False;False;False;False;False;True;True;15.007417672450508
223;204;2014-06-01;1132525.571854276;13162.4239415396;15.0;18.0;False;False;False;False;False;True;True;17.60630221210198
223;204;2014-07-01;991967.7034673532;13162.4239415396;15.0;18.0;False;False;False;False;False;True;True;17.02814087022849
223;204;2014-08-01;978878.8371327956;13162.4239415396;15.0;18.0;False;False;False;False;False;True;True;16.768820314896253
223;204;2014-09-01;1036000.6406664604;13162.4239415396;15.0;18.0;False;False;False;False;False;True;True;16.227282433689336
223;204;2014-10-01;1004175.606494142;13162.4239415396;15.0;18.0;False;False;False;False;False;True;True;14.53081529820492
223;204;2014-11-01;1120386.6101163356;13162.4239415396;15.0;18.0;False;False;False;False;False;True;True;12.603836181081192
223;204;2014-12-01;1112351.2985541385;13162.4239415396;15.0;18.0;False;False;False;False;False;True;True;9.994714275622268
223;204;2015-01-01;1086586.0009626322;13162.4239415396;15.0;18.0;False;False;False;False;False;True;True;9.817247733789548
223;204;2015-02-01;1033425.7576370632;13162.4239415396;15.0;18.0;False;False;False;False;False;True;True;8.827408379093514
223;204;2015-03-01;1050202.670512695;13162.4239415396;15.0;18.0;False;False;False;False;False;True;True;12.60792026996771
223;204;2015-04-01;1098826.7044702836;13162.4239415396;15.0;18.0;False;False;False;False;False;True;True;14.895697905434822
223;204;2015-05-01;1076219.5922037724;13162.4239415396;15.0;18.0;False;False;False;False;False;True;True;17.141654142366107
223;204;2015-06-01;1097572.1268461552;13162.4239415396;15.0;18.0;False;False;False;False;False;True;True;19.39294481553273
223;204;2015-07-01;1061043.7302185898;13162.4239415396;15.0;18.0;False;False;False;False;False;True;True;21.53785193429267
223;204;2015-08-01;1060721.3380999083;13162.4239415396;15.0;18.0;False;False;False;False;False;True;True;20.49907454866584
223;204;2015-09-01;1060325.2300688785;13162.4239415396;15.0;18.0;False;False;False;False;False;True;True;17.621727802535418
224;206;2014-02-01;169.84154055118563;13821.739953709766;15.0;18.0;False;False;False;False;False;True;True;12.204535957921411
224;206;2014-03-01;169.84154055118563;13821.739953709766;15.0;18.0;False;False;False;False;False;True;True;13.182095292577824
224;206;2014-04-01;129214.4931156332;13821.739953709766;15.0;18.0;False;False;False;False;False;True;True;15.084608638230538
224;206;2014-05-01;148500.9078214315;13821.739953709766;15.0;18.0;False;False;False;False;False;True;True;15.007417672450508
224;206;2014-06-01;148053.41041282268;13821.739953709766;15.0;18.0;False;False;False;False;False;True;True;17.60630221210198
224;206;2014-07-01;142223.89838022794;13821.739953709766;15.0;18.0;False;False;False;False;False;True;True;17.02814087022849
224;206;2014-08-01;150336.39030102623;13821.739953709766;15.0;18.0;False;False;False;False;False;True;True;16.768820314896253
224;206;2014-09-01;185367.2706788552;13821.739953709766;15.0;18.0;False;False;False;False;False;True;True;16.227282433689336
224;206;2014-10-01;178257.91011280488;13821.739953709766;15.0;18.0;False;False;False;False;False;True;True;14.53081529820492
224;206;2014-11-01;109766.64155724578;13821.739953709766;15.0;18.0;False;False;False;False;False;True;True;12.603836181081192
224;206;2014-12-01;111351.22931637034;13821.739953709766;15.0;18.0;False;False;False;False;False;True;True;9.994714275622268
224;206;2015-01-01;116036.68898308062;13821.739953709766;15.0;18.0;False;False;False;False;False;True;True;9.817247733789548
225;206;2015-03-01;110628.28514016273;13821.739953709766;15.0;18.0;False;False;False;False;False;True;True;12.60792026996771
225;206;2015-04-01;112246.53445394308;13821.739953709766;15.0;18.0;False;False;False;False;False;True;True;14.895697905434822
225;206;2015-05-01;131665.8074099737;13821.739953709766;15.0;18.0;False;False;False;False;False;True;True;17.141654142366107
225;206;2015-06-01;123410.54377487792;13821.739953709766;15.0;18.0;False;False;False;False;False;True;True;19.39294481553273
226;207;2014-05-01;80831.49619676324;7964.873346500099;30.0;18.0;False;False;False;False;False;True;True;15.007417672450508
226;207;2014-06-01;76591.69560151406;7964.873346500099;30.0;18.0;False;False;False;False;False;True;True;17.60630221210198
226;207;2014-07-01;76557.10210111903;7964.873346500099;30.0;18.0;False;False;False;False;False;True;True;17.02814087022849
226;207;2014-08-01;69373.84130289724;7964.873346500099;30.0;18.0;False;False;False;False;False;True;True;16.768820314896253
226;207;2014-09-01;71880.15442212539;7964.873346500099;30.0;18.0;False;False;False;False;False;True;True;16.227282433689336
226;207;2014-10-01;70800.50427809438;7964.873346500099;30.0;18.0;False;False;False;False;False;True;True;14.53081529820492
226;207;2014-11-01;72602.56179725849;7964.873346500099;30.0;18.0;False;False;False;False;False;True;True;12.603836181081192
226;207;2014-12-01;66693.77061764423;7964.873346500099;30.0;18.0;False;False;False;False;False;True;True;9.994714275622268
226;207;2015-01-01;78969.52246709322;7964.873346500099;30.0;18.0;False;False;False;False;False;True;True;9.817247733789548
226;207;2015-02-01;86347.14216894915;7964.873346500099;30.0;18.0;False;False;False;False;False;True;True;8.827408379093514
226;207;2015-03-01;81241.04653595046;7964.873346500099;30.0;18.0;False;False;False;False;False;True;True;12.60792026996771
226;207;2015-04-01;74827.21729688051;7964.873346500099;30.0;18.0;False;False;False;False;False;True;True;14.895697905434822
226;207;2015-05-01;96200.11007671928;7964.873346500099;30.0;18.0;False;False;False;False;False;True;True;17.141654142366107
227;207;2015-07-01;96104.31281286884;7964.873346500099;30.0;18.0;False;False;False;False;False;True;True;21.53785193429267
227;207;2015-08-01;94665.82771490644;7964.873346500099;30.0;18.0;False;False;False;False;False;True;True;20.49907454866584
227;207;2015-09-01;87124.86890817093;7964.873346500099;30.0;18.0;False;False;False;False;False;True;True;17.621727802535418
227;207;2015-10-01;94844.86554233012;7964.873346500099;30.0;18.0;False;False;False;False;False;True;True;14.792289238072366
228;207;2015-12-01;42801.85656127831;7964.873346500099;30.0;18.0;False;False;False;False;False;True;True;10.585770904643011
228;207;2016-01-01;48906.39706855168;7964.873346500099;30.0;18.0;False;False;False;False;False;True;True;10.044430381276952
228;207;2016-02-01;76041.59310966307;7964.873346500099;30.0;18.0;False;False;False;False;False;True;True;12.181250227658523
228;207;2016-03-01;81530.43217219178;7964.873346500099;30.0;18.0;False;False;False;False;False;True;True;12.515167674172917
228;207;2016-04-01;77576.12155665652;7964.873346500099;30.0;18.0;False;False;False;False;False;True;True;15.29589403743588
228;207;2016-05-01;75026.39706857332;7964.873346500099;30.0;18.0;False;False;False;False;False;True;True;16.96185797726271
228;207;2016-06-01;75095.75300175777;7964.873346500099;30.0;18.0;False;False;False;False;False;True;True;19.401180382433072
228;207;2016-07-01;68277.37936668294;7964.873346500099;30.0;18.0;False;False;False;False;False;True;True;21.32305825008297
228;207;2016-08-01;65859.30882232929;7964.873346500099;30.0;18.0;False;False;False;False;False;True;True;20.742745780697103
228;207;2016-09-01;66362.35755984674;7964.873346500099;30.0;18.0;False;False;False;False;False;True;True;19.343314778472426
228;207;2016-10-01;66283.2533541465;7964.873346500099;30.0;18.0;False;False;False;False;False;True;True;15.324236311387889
228;207;2016-11-01;60088.892495975175;7964.873346500099;30.0;18.0;False;False;False;False;False;True;True;12.177426391472933
229;207;2017-01-01;47372.8763248123;7964.873346500099;30.0;18.0;False;False;False;False;False;True;True;8.220158448422033
229;207;2017-02-01;56747.3260203152;7964.873346500099;30.0;18.0;False;False;False;False;False;True;True;11.089617159986588
229;207;2017-03-01;76559.86128740507;7964.873346500099;30.0;18.0;False;False;False;False;False;True;True;13.587104379909494
229;207;2017-04-01;61427.33984591272;7964.873346500099;30.0;18.0;False;False;False;False;False;True;True;14.894739608181292
230;208;2015-01-01;1536282.6889634214;6938.059044769035;15.0;18.0;False;False;False;False;False;True;True;9.817247733789548
230;208;2015-02-01;1716749.5245122637;6938.059044769035;15.0;18.0;False;False;False;False;False;True;True;8.827408379093514
230;208;2015-03-01;1623839.9196044882;6938.059044769035;15.0;18.0;False;False;False;False;False;True;True;12.60792026996771
230;208;2015-04-01;1460265.5524845866;6938.059044769035;15.0;18.0;False;False;False;False;False;True;True;14.895697905434822
230;208;2015-05-01;1488966.3887810344;6938.059044769035;15.0;18.0;False;False;False;False;False;True;True;17.141654142366107
230;208;2015-06-01;1605929.7325622337;6938.059044769035;15.0;18.0;False;False;False;False;False;True;True;19.39294481553273
230;208;2015-07-01;1568794.8360546334;6938.059044769035;15.0;18.0;False;False;False;False;False;True;True;21.53785193429267
230;208;2015-08-01;1568496.2099076952;6938.059044769035;15.0;18.0;False;False;False;False;False;True;True;20.49907454866584
230;208;2015-09-01;1410885.5032737404;6938.059044769035;15.0;18.0;False;False;False;False;False;True;True;17.621727802535418
230;208;2015-10-01;1513753.0051116212;6938.059044769035;15.0;18.0;False;False;False;False;False;True;True;14.792289238072366
230;208;2015-11-01;1554069.506476075;6938.059044769035;15.0;18.0;False;False;False;False;False;True;True;12.474742852144688
230;208;2015-12-01;1576859.6757178714;6938.059044769035;15.0;18.0;False;False;False;False;False;True;True;10.585770904643011
231;208;2016-02-01;1376738.3683408706;6938.059044769035;15.0;18.0;False;False;False;False;False;True;True;12.181250227658523
231;208;2016-03-01;1525607.11049212;6938.059044769035;15.0;18.0;False;False;False;False;False;True;True;12.515167674172917
231;208;2016-04-01;1466241.9514483667;6938.059044769035;15.0;18.0;False;False;False;False;False;True;True;15.29589403743588
231;208;2016-05-01;1622140.653173323;6938.059044769035;15.0;18.0;False;False;False;False;False;True;True;16.96185797726271
232;209;2014-01-01;544041.6949763465;11225.081944139672;30.0;18.0;False;False;False;False;False;True;True;11.1431840880552
232;209;2014-02-01;625217.0696113668;11225.081944139672;30.0;18.0;False;False;False;False;False;True;True;12.204535957921411
232;209;2014-03-01;553858.8820310268;11225.081944139672;30.0;18.0;False;False;False;False;False;True;True;13.182095292577824
232;209;2014-04-01;479139.4210441746;11225.081944139672;30.0;18.0;False;False;False;False;False;True;True;15.084608638230538
232;209;2014-05-01;448067.2491274979;11225.081944139672;30.0;18.0;False;False;False;False;False;True;True;15.007417672450508
232;209;2014-06-01;445985.0368856208;11225.081944139672;30.0;18.0;False;False;False;False;False;True;True;17.60630221210198
232;209;2014-07-01;458866.8792816628;11225.081944139672;30.0;18.0;False;False;False;False;False;True;True;17.02814087022849
232;209;2014-08-01;487773.7336897986;11225.081944139672;30.0;18.0;False;False;False;False;False;True;True;16.768820314896253
232;209;2014-09-01;520516.0793148053;11225.081944139672;30.0;18.0;False;False;False;False;False;True;True;16.227282433689336
232;209;2014-10-01;517299.4525896611;11225.081944139672;30.0;18.0;False;False;False;False;False;True;True;14.53081529820492
232;209;2014-11-01;541508.3741587332;11225.081944139672;30.0;18.0;False;False;False;False;False;True;True;12.603836181081192
232;209;2014-12-01;498697.312602155;11225.081944139672;30.0;18.0;False;False;False;False;False;True;True;9.994714275622268
232;209;2015-01-01;515536.6612473888;11225.081944139672;30.0;18.0;False;False;False;False;False;True;True;9.817247733789548
232;209;2015-02-01;572008.7012225433;11225.081944139672;30.0;18.0;False;False;False;False;False;True;True;8.827408379093514
232;209;2015-03-01;595006.7156380614;11225.081944139672;30.0;18.0;False;False;False;False;False;True;True;12.60792026996771
232;209;2015-04-01;513625.6615497855;11225.081944139672;30.0;18.0;False;False;False;False;False;True;True;14.895697905434822
232;209;2015-05-01;499005.9242949223;11225.081944139672;30.0;18.0;False;False;False;False;False;True;True;17.141654142366107
232;209;2015-06-01;469011.63607869577;11225.081944139672;30.0;18.0;False;False;False;False;False;True;True;19.39294481553273
232;209;2015-07-01;467609.0457790824;11225.081944139672;30.0;18.0;False;False;False;False;False;True;True;21.53785193429267
232;209;2015-08-01;502830.1123699487;11225.081944139672;30.0;18.0;False;False;False;False;False;True;True;20.49907454866584
232;209;2015-09-01;519991.9784459384;11225.081944139672;30.0;18.0;False;False;False;False;False;True;True;17.621727802535418
232;209;2015-10-01;574299.0616089049;11225.081944139672;30.0;18.0;False;False;False;False;False;True;True;14.792289238072366
232;209;2015-11-01;577172.5169347838;11225.081944139672;30.0;18.0;False;False;False;False;False;True;True;12.474742852144688
232;209;2015-12-01;619188.501136621;11225.081944139672;30.0;18.0;False;False;False;False;False;True;True;10.585770904643011
232;209;2016-01-01;564821.8685466356;11225.081944139672;30.0;18.0;False;False;False;False;False;True;True;10.044430381276952
232;209;2016-02-01;653445.8037901443;11225.081944139672;30.0;18.0;False;False;False;False;False;True;True;12.181250227658523
232;209;2016-03-01;603548.0877059968;11225.081944139672;30.0;18.0;False;False;False;False;False;True;True;12.515167674172917
232;209;2016-04-01;544290.3332119465;11225.081944139672;30.0;18.0;False;False;False;False;False;True;True;15.29589403743588
232;209;2016-05-01;532196.2048678602;11225.081944139672;30.0;18.0;False;False;False;False;False;True;True;16.96185797726271
232;209;2016-06-01;511609.4696530321;11225.081944139672;30.0;18.0;False;False;False;False;False;True;True;19.401180382433072
232;209;2016-07-01;513270.8445741093;11225.081944139672;30.0;18.0;False;False;False;False;False;True;True;21.32305825008297
232;209;2016-08-01;499031.3697101573;11225.081944139672;30.0;18.0;False;False;False;False;False;True;True;20.742745780697103
233;210;2014-03-01;36494146.03119712;13096.690482925624;15.0;18.0;False;False;False;False;False;True;True;13.182095292577824
233;210;2014-04-01;37490549.71523659;13096.690482925624;15.0;18.0;False;False;False;False;False;True;True;15.084608638230538
233;210;2014-05-01;37664568.89920951;13096.690482925624;15.0;18.0;False;False;False;False;False;True;True;15.007417672450508
233;210;2014-06-01;31834613.228706587;13096.690482925624;15.0;18.0;False;False;False;False;False;True;True;17.60630221210198
233;210;2014-07-01;29772169.13029852;13096.690482925624;15.0;18.0;False;False;False;False;False;True;True;17.02814087022849
233;210;2014-08-01;29850133.68818589;13096.690482925624;15.0;18.0;False;False;False;False;False;True;True;16.768820314896253
233;210;2014-09-01;29919113.679253288;13096.690482925624;15.0;18.0;False;False;False;False;False;True;True;16.227282433689336
233;210;2014-10-01;32708470.207869392;13096.690482925624;15.0;18.0;False;False;False;False;False;True;True;14.53081529820492
233;210;2014-11-01;32466174.597279765;13096.690482925624;15.0;18.0;False;False;False;False;False;True;True;12.603836181081192
233;210;2014-12-01;32772655.4799906;13096.690482925624;15.0;18.0;False;False;False;False;False;True;True;9.994714275622268
233;210;2015-01-01;32061832.376527622;13096.690482925624;15.0;18.0;False;False;False;False;False;True;True;9.817247733789548
233;210;2015-02-01;36535451.0965795;13096.690482925624;15.0;18.0;False;False;False;False;False;True;True;8.827408379093514
234;210;2015-04-01;28330595.310497005;13096.690482925624;15.0;18.0;False;False;False;False;False;True;True;14.895697905434822
234;210;2015-05-01;29859962.87902312;13096.690482925624;15.0;18.0;False;False;False;False;False;True;True;17.141654142366107
234;210;2015-06-01;29332982.990288325;13096.690482925624;15.0;18.0;False;False;False;False;False;True;True;19.39294481553273
234;210;2015-07-01;30717622.71077128;13096.690482925624;15.0;18.0;False;False;False;False;False;True;True;21.53785193429267
235;211;2014-10-01;1615258.8537488023;5112.723553320393;15.0;18.0;False;False;False;False;False;True;True;14.53081529820492
235;211;2014-11-01;1509113.5105856557;5112.723553320393;15.0;18.0;False;False;False;False;False;True;True;12.603836181081192
235;211;2014-12-01;1632143.9263362084;5112.723553320393;15.0;18.0;False;False;False;False;False;True;True;9.994714275622268
235;211;2015-01-01;1682581.752989595;5112.723553320393;15.0;18.0;False;False;False;False;False;True;True;9.817247733789548
235;211;2015-02-01;1738902.541113673;5112.723553320393;15.0;18.0;False;False;False;False;False;True;True;8.827408379093514
235;211;2015-03-01;1511703.3837913093;5112.723553320393;15.0;18.0;False;False;False;False;False;True;True;12.60792026996771
235;211;2015-04-01;1354817.1087702543;5112.723553320393;15.0;18.0;False;False;False;False;False;True;True;14.895697905434822
235;211;2015-05-01;1242524.3007211846;5112.723553320393;15.0;18.0;False;False;False;False;False;True;True;17.141654142366107
235;211;2015-06-01;1101089.088836572;5112.723553320393;15.0;18.0;False;False;False;False;False;True;True;19.39294481553273
235;211;2015-07-01;1116944.5223475895;5112.723553320393;15.0;18.0;False;False;False;False;False;True;True;21.53785193429267
235;211;2015-08-01;1069458.4365878073;5112.723553320393;15.0;18.0;False;False;False;False;False;True;True;20.49907454866584
235;211;2015-09-01;1243903.689896396;5112.723553320393;15.0;18.0;False;False;False;False;False;True;True;17.621727802535418
235;211;2015-10-01;1205932.139109455;5112.723553320393;15.0;18.0;False;False;False;False;False;True;True;14.792289238072366
236;212;2014-04-01;176913.37246788497;5046.825882745907;15.0;18.0;False;False;False;False;False;True;True;15.084608638230538
236;212;2014-05-01;188019.43769978816;5046.825882745907;15.0;18.0;False;False;False;False;False;True;True;15.007417672450508
236;212;2014-06-01;183015.7003738976;5046.825882745907;15.0;18.0;False;False;False;False;False;True;True;17.60630221210198
236;212;2014-07-01;137306.7770243856;5046.825882745907;15.0;18.0;False;False;False;False;False;True;True;17.02814087022849
236;212;2014-08-01;108786.14766276974;5046.825882745907;15.0;18.0;False;False;False;False;False;True;True;16.768820314896253
236;212;2014-09-01;111294.251594205;5046.825882745907;15.0;18.0;False;False;False;False;False;True;True;16.227282433689336
236;212;2014-10-01;113503.60138679435;5046.825882745907;15.0;18.0;False;False;False;False;False;True;True;14.53081529820492
236;212;2014-11-01;122979.09842156092;5046.825882745907;15.0;18.0;False;False;False;False;False;True;True;12.603836181081192
236;212;2014-12-01;136520.8607331389;5046.825882745907;15.0;18.0;False;False;False;False;False;True;True;9.994714275622268
236;212;2015-01-01;131417.50828380045;5046.825882745907;15.0;18.0;False;False;False;False;False;True;True;9.817247733789548
236;212;2015-02-01;130303.72252313983;5046.825882745907;15.0;18.0;False;False;False;False;False;True;True;8.827408379093514
236;212;2015-03-01;229807.1246291856;5046.825882745907;15.0;18.0;False;False;False;False;False;True;True;12.60792026996771
236;212;2015-04-01;206949.0569459877;5046.825882745907;15.0;18.0;False;False;False;False;False;True;True;14.895697905434822
236;212;2015-05-01;227319.4112550736;5046.825882745907;15.0;18.0;False;False;False;False;False;True;True;17.141654142366107
236;212;2015-06-01;248419.86053250183;5046.825882745907;15.0;18.0;False;False;False;False;False;True;True;19.39294481553273
236;212;2015-07-01;253216.4017729663;5046.825882745907;15.0;18.0;False;False;False;False;False;True;True;21.53785193429267
236;212;2015-08-01;267789.91501045594;5046.825882745907;15.0;18.0;False;False;False;False;False;True;True;20.49907454866584
236;212;2015-09-01;298400.17868170585;5046.825882745907;15.0;18.0;False;False;False;False;False;True;True;17.621727802535418
236;212;2015-10-01;266787.57354452374;5046.825882745907;15.0;18.0;False;False;False;False;False;True;True;14.792289238072366
236;212;2015-11-01;291035.4329841066;5046.825882745907;15.0;18.0;False;False;False;False;False;True;True;12.474742852144688
236;212;2015-12-01;305554.14048131177;5046.825882745907;15.0;18.0;False;False;False;False;False;True;True;10.585770904643011
236;212;2016-01-01;295476.4687543505;5046.825882745907;15.0;18.0;False;False;False;False;False;True;True;10.044430381276952
236;212;2016-02-01;326049.9568283463;5046.825882745907;15.0;18.0;False;False;False;False;False;True;True;12.181250227658523
236;212;2016-03-01;291505.8853615465;5046.825882745907;15.0;18.0;False;False;False;False;False;True;True;12.515167674172917
236;212;2016-04-01;316364.17637118633;5046.825882745907;15.0;18.0;False;False;False;False;False;True;True;15.29589403743588
236;212;2016-05-01;269764.4145610969;5046.825882745907;15.0;18.0;False;False;False;False;False;True;True;16.96185797726271
236;212;2016-06-01;303068.09771594795;5046.825882745907;15.0;18.0;False;False;False;False;False;True;True;19.401180382433072
236;212;2016-07-01;291631.0589033441;5046.825882745907;15.0;18.0;False;False;False;False;False;True;True;21.32305825008297
236;212;2016-08-01;299426.79222960933;5046.825882745907;15.0;18.0;False;False;False;False;False;True;True;20.742745780697103
236;212;2016-09-01;296985.9738126998;5046.825882745907;15.0;18.0;False;False;False;False;False;True;True;19.343314778472426
236;212;2016-10-01;305704.1864015529;5046.825882745907;15.0;18.0;False;False;False;False;False;True;True;15.324236311387889
236;212;2016-11-01;336634.54054533504;5046.825882745907;15.0;18.0;False;False;False;False;False;True;True;12.177426391472933
236;212;2016-12-01;352967.2905495954;5046.825882745907;15.0;18.0;False;False;False;False;False;True;True;9.090210333213026
236;212;2017-01-01;369971.24091587146;5046.825882745907;15.0;18.0;False;False;False;False;False;True;True;8.220158448422033
236;212;2017-02-01;397245.6766277988;5046.825882745907;15.0;18.0;False;False;False;False;False;True;True;11.089617159986588
236;212;2017-03-01;403100.0657688584;5046.825882745907;15.0;18.0;False;False;False;False;False;True;True;13.587104379909494
236;212;2017-04-01;342561.17047254083;5046.825882745907;15.0;18.0;False;False;False;False;False;True;True;14.894739608181292
236;212;2017-05-01;396639.1216043838;5046.825882745907;15.0;18.0;False;False;False;False;False;True;True;17.435992917198842
236;212;2017-06-01;405099.1303246037;5046.825882745907;15.0;18.0;False;False;False;False;False;True;True;20.887620035041337
236;212;2017-07-01;325310.0117679459;5046.825882745907;15.0;18.0;False;False;False;False;False;True;True;21.37875162596229
236;212;2017-08-01;373379.8598436878;5046.825882745907;15.0;18.0;False;False;False;False;False;True;True;22.11828355029739
236;212;2017-09-01;362100.4623841784;5046.825882745907;15.0;18.0;False;False;False;False;False;True;True;18.007116473367873
236;212;2017-10-01;398086.4710671048;5046.825882745907;15.0;18.0;False;False;False;False;False;True;True;15.89606581655819
236;212;2017-11-01;341496.343665873;5046.825882745907;15.0;18.0;False;False;False;False;False;True;True;11.848114658126905
236;212;2017-12-01;400147.6276894316;5046.825882745907;15.0;18.0;False;False;False;False;False;True;True;9.422809333059602
237;213;2014-04-01;9098298.330396922;12539.932864019647;15.0;18.0;False;False;False;False;False;True;True;15.084608638230538
237;213;2014-05-01;9098298.330396922;12539.932864019647;15.0;18.0;False;False;False;False;False;True;True;15.007417672450508
237;213;2014-06-01;9098298.330396922;12539.932864019647;15.0;18.0;False;False;False;False;False;True;True;17.60630221210198
237;213;2014-07-01;8390740.692441067;12539.932864019647;15.0;18.0;False;False;False;False;False;True;True;17.02814087022849
237;213;2014-08-01;8338878.01752963;12539.932864019647;15.0;18.0;False;False;False;False;False;True;True;16.768820314896253
237;213;2014-09-01;8560564.518668817;12539.932864019647;15.0;18.0;False;False;False;False;False;True;True;16.227282433689336
237;213;2014-10-01;9294067.724613871;12539.932864019647;15.0;18.0;False;False;False;False;False;True;True;14.53081529820492
237;213;2014-11-01;9489318.270135108;12539.932864019647;15.0;18.0;False;False;False;False;False;True;True;12.603836181081192
237;213;2014-12-01;9894462.388046196;12539.932864019647;15.0;18.0;False;False;False;False;False;True;True;9.994714275622268
237;213;2015-01-01;10156593.032346712;12539.932864019647;15.0;18.0;False;False;False;False;False;True;True;9.817247733789548
237;213;2015-02-01;9283505.522132846;12539.932864019647;15.0;18.0;False;False;False;False;False;True;True;8.827408379093514
237;213;2015-03-01;8981022.43226904;12539.932864019647;15.0;18.0;False;False;False;False;False;True;True;12.60792026996771
238;213;2015-05-01;7804234.321794595;12539.932864019647;15.0;18.0;False;False;False;False;False;True;True;17.141654142366107
238;213;2015-06-01;6645380.460619545;12539.932864019647;15.0;18.0;False;False;False;False;False;True;True;19.39294481553273
238;213;2015-07-01;7078706.100856939;12539.932864019647;15.0;18.0;False;False;False;False;False;True;True;21.53785193429267
238;213;2015-08-01;7223829.64004948;12539.932864019647;15.0;18.0;False;False;False;False;False;True;True;20.49907454866584
239;213;2015-10-01;9252387.085659131;12539.932864019647;15.0;18.0;False;False;False;False;False;True;True;14.792289238072366
239;213;2015-11-01;8580537.01917554;12539.932864019647;15.0;18.0;False;False;False;False;False;True;True;12.474742852144688
239;213;2015-12-01;10068906.535049208;12539.932864019647;15.0;18.0;False;False;False;False;False;True;True;10.585770904643011
239;213;2016-01-01;10367167.845138134;12539.932864019647;15.0;18.0;False;False;False;False;False;True;True;10.044430381276952
239;213;2016-02-01;196191814.265795;12539.932864019647;15.0;18.0;False;False;False;False;False;True;True;12.181250227658523
239;213;2016-03-01;9605950.42535196;12539.932864019647;15.0;18.0;False;False;False;False;False;True;True;12.515167674172917
239;213;2016-04-01;8847150.502029916;12539.932864019647;15.0;18.0;False;False;False;False;False;True;True;15.29589403743588
239;213;2016-05-01;8000639.903211992;12539.932864019647;15.0;18.0;False;False;False;False;False;True;True;16.96185797726271
239;213;2016-06-01;7511587.571521481;12539.932864019647;15.0;18.0;False;False;False;False;False;True;True;19.401180382433072
239;213;2016-07-01;513157350.2869303;12539.932864019647;15.0;18.0;False;False;False;False;False;True;True;21.32305825008297
239;213;2016-08-01;7985819.517620875;12539.932864019647;15.0;18.0;False;False;False;False;False;True;True;20.742745780697103
239;213;2016-09-01;8009218.683384423;12539.932864019647;15.0;18.0;False;False;False;False;False;True;True;19.343314778472426
239;213;2016-10-01;8101503.149463396;12539.932864019647;15.0;18.0;False;False;False;False;False;True;True;15.324236311387889
240;213;2016-12-01;11975177.51548077;12539.932864019647;15.0;18.0;False;False;False;False;False;True;True;9.090210333213026
240;213;2017-01-01;11366425.058312649;12539.932864019647;15.0;18.0;False;False;False;False;False;True;True;8.220158448422033
240;213;2017-02-01;11592650.147313984;12539.932864019647;15.0;18.0;False;False;False;False;False;True;True;11.089617159986588
240;213;2017-03-01;11263713.549810836;12539.932864019647;15.0;18.0;False;False;False;False;False;True;True;13.587104379909494
241;215;2016-02-01;4845.022016313876;3036.009550344897;15.0;18.0;False;False;False;False;False;True;True;12.181250227658523
241;215;2016-03-01;3770.8980389963976;3036.009550344897;15.0;18.0;False;False;False;False;False;True;True;12.515167674172917
241;215;2016-04-01;2434.9547065041475;3036.009550344897;15.0;18.0;False;False;False;False;False;True;True;15.29589403743588
241;215;2016-05-01;2727.0568077074654;3036.009550344897;15.0;18.0;False;False;False;False;False;True;True;16.96185797726271
241;215;2016-06-01;3920.646424013952;3036.009550344897;15.0;18.0;False;False;False;False;False;True;True;19.401180382433072
241;215;2016-07-01;8220.125897296735;3036.009550344897;15.0;18.0;False;False;False;False;False;True;True;21.32305825008297
241;215;2016-08-01;6906.491798969893;3036.009550344897;15.0;18.0;False;False;False;False;False;True;True;20.742745780697103
241;215;2016-09-01;5427.738844268342;3036.009550344897;15.0;18.0;False;False;False;False;False;True;True;19.343314778472426
241;215;2016-10-01;2668.1224793875854;3036.009550344897;15.0;18.0;False;False;False;False;False;True;True;15.324236311387889
241;215;2016-11-01;4043.269253975793;3036.009550344897;15.0;18.0;False;False;False;False;False;True;True;12.177426391472933
241;215;2016-12-01;4813.32327870066;3036.009550344897;15.0;18.0;False;False;False;False;False;True;True;9.090210333213026
241;215;2017-01-01;4855.829770115285;3036.009550344897;15.0;18.0;False;False;False;False;False;True;True;8.220158448422033
241;215;2017-02-01;4668.553664463125;3036.009550344897;15.0;18.0;False;False;False;False;False;True;True;11.089617159986588
241;215;2017-03-01;3898.6284350352735;3036.009550344897;15.0;18.0;False;False;False;False;False;True;True;13.587104379909494
241;215;2017-04-01;2457.1760043427644;3036.009550344897;15.0;18.0;False;False;False;False;False;True;True;14.894739608181292
241;215;2017-05-01;3382.368092354865;3036.009550344897;15.0;18.0;False;False;False;False;False;True;True;17.435992917198842
241;215;2017-06-01;10132.459487731789;3036.009550344897;15.0;18.0;False;False;False;False;False;True;True;20.887620035041337
241;215;2017-07-01;9629.20611875721;3036.009550344897;15.0;18.0;False;False;False;False;False;True;True;21.37875162596229
241;215;2017-08-01;6658.948022328703;3036.009550344897;15.0;18.0;False;False;False;False;False;True;True;22.11828355029739
241;215;2017-09-01;5362.152499469796;3036.009550344897;15.0;18.0;False;False;False;False;False;True;True;18.007116473367873
241;215;2017-10-01;2952.784403625347;3036.009550344897;15.0;18.0;False;False;False;False;False;True;True;15.89606581655819
241;215;2017-11-01;4711.717344092089;3036.009550344897;15.0;18.0;False;False;False;False;False;True;True;11.848114658126905
242;216;2016-02-01;4381.682672012099;456.9008067366667;15.0;18.0;False;False;False;False;False;True;True;12.181250227658523
242;216;2016-03-01;5241.645596412754;456.9008067366667;15.0;18.0;False;False;False;False;False;True;True;12.515167674172917
242;216;2016-04-01;5040.746407694866;456.9008067366667;15.0;18.0;False;False;False;False;False;True;True;15.29589403743588
242;216;2016-05-01;5346.033738855546;456.9008067366667;15.0;18.0;False;False;False;False;False;True;True;16.96185797726271
242;216;2016-06-01;5541.717604646619;456.9008067366667;15.0;18.0;False;False;False;False;False;True;True;19.401180382433072
242;216;2016-07-01;6107.428466539782;456.9008067366667;15.0;18.0;False;False;False;False;False;True;True;21.32305825008297
242;216;2016-08-01;5908.041391039207;456.9008067366667;15.0;18.0;False;False;False;False;False;True;True;20.742745780697103
242;216;2016-09-01;5629.3832721642775;456.9008067366667;15.0;18.0;False;False;False;False;False;True;True;19.343314778472426
242;216;2016-10-01;5690.500217362639;456.9008067366667;15.0;18.0;False;False;False;False;False;True;True;15.324236311387889
242;216;2016-11-01;4811.750808809326;456.9008067366667;15.0;18.0;False;False;False;False;False;True;True;12.177426391472933
242;216;2016-12-01;4892.879677822235;456.9008067366667;15.0;18.0;False;False;False;False;False;True;True;9.090210333213026
242;216;2017-01-01;5391.916953928196;456.9008067366667;15.0;18.0;False;False;False;False;False;True;True;8.220158448422033
242;216;2017-02-01;6469.441179661276;456.9008067366667;15.0;18.0;False;False;False;False;False;True;True;11.089617159986588
242;216;2017-03-01;5973.61652724157;456.9008067366667;15.0;18.0;False;False;False;False;False;True;True;13.587104379909494
242;216;2017-04-01;6694.325679737732;456.9008067366667;15.0;18.0;False;False;False;False;False;True;True;14.894739608181292
242;216;2017-05-01;6833.427829838004;456.9008067366667;15.0;18.0;False;False;False;False;False;True;True;17.435992917198842
242;216;2017-06-01;7094.814442093797;456.9008067366667;15.0;18.0;False;False;False;False;False;True;True;20.887620035041337
242;216;2017-07-01;7396.297171548213;456.9008067366667;15.0;18.0;False;False;False;False;False;True;True;21.37875162596229
242;216;2017-08-01;7630.840021925782;456.9008067366667;15.0;18.0;False;False;False;False;False;True;True;22.11828355029739
242;216;2017-09-01;6590.776189333279;456.9008067366667;15.0;18.0;False;False;False;False;False;True;True;18.007116473367873
243;217;2016-02-01;485423.5603984498;828.6839791957755;15.0;18.0;False;False;False;False;False;True;True;12.181250227658523
243;217;2016-03-01;496283.4477649057;828.6839791957755;15.0;18.0;False;False;False;False;False;True;True;12.515167674172917
243;217;2016-04-01;507447.9466479126;828.6839791957755;15.0;18.0;False;False;False;False;False;True;True;15.29589403743588
243;217;2016-05-01;501463.3942532544;828.6839791957755;15.0;18.0;False;False;False;False;False;True;True;16.96185797726271
243;217;2016-06-01;560283.3804366958;828.6839791957755;15.0;18.0;False;False;False;False;False;True;True;19.401180382433072
243;217;2016-07-01;671253.3205399088;828.6839791957755;15.0;18.0;False;False;False;False;False;True;True;21.32305825008297
243;217;2016-08-01;644596.215361089;828.6839791957755;15.0;18.0;False;False;False;False;False;True;True;20.742745780697103
243;217;2016-09-01;619856.1111751441;828.6839791957755;15.0;18.0;False;False;False;False;False;True;True;19.343314778472426
243;217;2016-10-01;555090.3127861922;828.6839791957755;15.0;18.0;False;False;False;False;False;True;True;15.324236311387889
243;217;2016-11-01;505342.2981546772;828.6839791957755;15.0;18.0;False;False;False;False;False;True;True;12.177426391472933
243;217;2016-12-01;531847.9846237972;828.6839791957755;15.0;18.0;False;False;False;False;False;True;True;9.090210333213026
243;217;2017-01-01;524553.2749043935;828.6839791957755;15.0;18.0;False;False;False;False;False;True;True;8.220158448422033
243;217;2017-02-01;498541.2704792771;828.6839791957755;15.0;18.0;False;False;False;False;False;True;True;11.089617159986588
244;217;2017-04-01;507737.3767815421;828.6839791957755;15.0;18.0;False;False;False;False;False;True;True;14.894739608181292
244;217;2017-05-01;582353.3773317925;828.6839791957755;15.0;18.0;False;False;False;False;False;True;True;17.435992917198842
244;217;2017-06-01;696615.2254200362;828.6839791957755;15.0;18.0;False;False;False;False;False;True;True;20.887620035041337
244;217;2017-07-01;798564.9858492303;828.6839791957755;15.0;18.0;False;False;False;False;False;True;True;21.37875162596229
245;218;2016-02-01;18095.83703590687;2484.2441524378955;15.0;18.0;False;False;False;False;False;True;True;12.181250227658523
245;218;2016-03-01;18790.14329782749;2484.2441524378955;15.0;18.0;False;False;False;False;False;True;True;12.515167674172917
245;218;2016-04-01;18573.910679534427;2484.2441524378955;15.0;18.0;False;False;False;False;False;True;True;15.29589403743588
245;218;2016-05-01;19296.59187988748;2484.2441524378955;15.0;18.0;False;False;False;False;False;True;True;16.96185797726271
245;218;2016-06-01;22003.926764993663;2484.2441524378955;15.0;18.0;False;False;False;False;False;True;True;19.401180382433072
245;218;2016-07-01;24852.409238432927;2484.2441524378955;15.0;18.0;False;False;False;False;False;True;True;21.32305825008297
245;218;2016-08-01;24080.12852059488;2484.2441524378955;15.0;18.0;False;False;False;False;False;True;True;20.742745780697103
245;218;2016-09-01;21299.872317256384;2484.2441524378955;15.0;18.0;False;False;False;False;False;True;True;19.343314778472426
245;218;2016-10-01;19552.869554555466;2484.2441524378955;15.0;18.0;False;False;False;False;False;True;True;15.324236311387889
245;218;2016-11-01;18629.93974486424;2484.2441524378955;15.0;18.0;False;False;False;False;False;True;True;12.177426391472933
245;218;2016-12-01;18515.865386064128;2484.2441524378955;15.0;18.0;False;False;False;False;False;True;True;9.090210333213026
245;218;2017-01-01;20224.449094317697;2484.2441524378955;15.0;18.0;False;False;False;False;False;True;True;8.220158448422033
245;218;2017-02-01;19684.809080346924;2484.2441524378955;15.0;18.0;False;False;False;False;False;True;True;11.089617159986588
245;218;2017-03-01;19241.99385621209;2484.2441524378955;15.0;18.0;False;False;False;False;False;True;True;13.587104379909494
245;218;2017-04-01;18768.334785835978;2484.2441524378955;15.0;18.0;False;False;False;False;False;True;True;14.894739608181292
245;218;2017-05-01;20454.71484897179;2484.2441524378955;15.0;18.0;False;False;False;False;False;True;True;17.435992917198842
245;218;2017-06-01;23885.814041290032;2484.2441524378955;15.0;18.0;False;False;False;False;False;True;True;20.887620035041337
245;218;2017-07-01;26050.693415823567;2484.2441524378955;15.0;18.0;False;False;False;False;False;True;True;21.37875162596229
245;218;2017-08-01;26970.23756018605;2484.2441524378955;15.0;18.0;False;False;False;False;False;True;True;22.11828355029739
245;218;2017-09-01;21826.663639549315;2484.2441524378955;15.0;18.0;False;False;False;False;False;True;True;18.007116473367873
245;218;2017-10-01;20702.58677870873;2484.2441524378955;15.0;18.0;False;False;False;False;False;True;True;15.89606581655819
245;218;2017-11-01;19454.291194880545;2484.2441524378955;15.0;18.0;False;False;False;False;False;True;True;11.848114658126905
246;219;2016-03-01;16116330.933203664;2044.578573200852;15.0;18.0;False;False;False;False;False;True;True;12.515167674172917
246;219;2016-04-01;19788258.703266952;2044.578573200852;15.0;18.0;False;False;False;False;False;True;True;15.29589403743588
246;219;2016-05-01;25291697.97502571;2044.578573200852;15.0;18.0;False;False;False;False;False;True;True;16.96185797726271
246;219;2016-06-01;25678618.99935944;2044.578573200852;15.0;18.0;False;False;False;False;False;True;True;19.401180382433072
246;219;2016-07-01;26280926.470066912;2044.578573200852;15.0;18.0;False;False;False;False;False;True;True;21.32305825008297
246;219;2016-08-01;26109618.29803891;2044.578573200852;15.0;18.0;False;False;False;False;False;True;True;20.742745780697103
246;219;2016-09-01;23977097.169887014;2044.578573200852;15.0;18.0;False;False;False;False;False;True;True;19.343314778472426
246;219;2016-10-01;21133026.8836682;2044.578573200852;15.0;18.0;False;False;False;False;False;True;True;15.324236311387889
246;219;2016-11-01;16632511.933354754;2044.578573200852;15.0;18.0;False;False;False;False;False;True;True;12.177426391472933
246;219;2016-12-01;16002725.104499314;2044.578573200852;15.0;18.0;False;False;False;False;False;True;True;9.090210333213026
246;219;2017-01-01;16058740.047181038;2044.578573200852;15.0;18.0;False;False;False;False;False;True;True;8.220158448422033
246;219;2017-02-01;15909092.202417018;2044.578573200852;15.0;18.0;False;False;False;False;False;True;True;11.089617159986588
247;219;2017-04-01;17843115.24307271;2044.578573200852;15.0;18.0;False;False;False;False;False;True;True;14.894739608181292
247;219;2017-05-01;21637600.759867337;2044.578573200852;15.0;18.0;False;False;False;False;False;True;True;17.435992917198842
247;219;2017-06-01;25194272.704212017;2044.578573200852;15.0;18.0;False;False;False;False;False;True;True;20.887620035041337
247;219;2017-07-01;27279749.94619977;2044.578573200852;15.0;18.0;False;False;False;False;False;True;True;21.37875162596229
248;221;2015-01-01;49270.47798788477;9500.105855879956;15.0;18.0;False;False;False;False;False;True;True;9.817247733789548
248;221;2015-02-01;44199.35358095696;9500.105855879956;15.0;18.0;False;False;False;False;False;True;True;8.827408379093514
248;221;2015-03-01;49129.12392865546;9500.105855879956;15.0;18.0;False;False;False;False;False;True;True;12.60792026996771
248;221;2015-04-01;49721.93275091803;9500.105855879956;15.0;18.0;False;False;False;False;False;True;True;14.895697905434822
248;221;2015-05-01;44830.89499753096;9500.105855879956;15.0;18.0;False;False;False;False;False;True;True;17.141654142366107
248;221;2015-06-01;52477.10534763197;9500.105855879956;15.0;18.0;False;False;False;False;False;True;True;19.39294481553273
248;221;2015-07-01;57001.0160436396;9500.105855879956;15.0;18.0;False;False;False;False;False;True;True;21.53785193429267
248;221;2015-08-01;7356.555967855691;9500.105855879956;15.0;18.0;False;False;False;False;False;True;True;20.49907454866584
248;221;2015-09-01;45523.18052103924;9500.105855879956;15.0;18.0;False;False;False;False;False;True;True;17.621727802535418
248;221;2015-10-01;58289.92834738433;9500.105855879956;15.0;18.0;False;False;False;False;False;True;True;14.792289238072366
248;221;2015-11-01;61663.86341616814;9500.105855879956;15.0;18.0;False;False;False;False;False;True;True;12.474742852144688
248;221;2015-12-01;33591.01294410894;9500.105855879956;15.0;18.0;False;False;False;False;False;True;True;10.585770904643011
248;221;2016-01-01;48439.74338651224;9500.105855879956;15.0;18.0;False;False;False;False;False;True;True;10.044430381276952
248;221;2016-02-01;59485.81907390896;9500.105855879956;15.0;18.0;False;False;False;False;False;True;True;12.181250227658523
248;221;2016-03-01;52839.71414307172;9500.105855879956;15.0;18.0;False;False;False;False;False;True;True;12.515167674172917
248;221;2016-04-01;50556.479106114304;9500.105855879956;15.0;18.0;False;False;False;False;False;True;True;15.29589403743588
248;221;2016-05-01;45760.17420823193;9500.105855879956;15.0;18.0;False;False;False;False;False;True;True;16.96185797726271
248;221;2016-06-01;27407.543646347505;9500.105855879956;15.0;18.0;False;False;False;False;False;True;True;19.401180382433072
248;221;2016-07-01;45768.72135355711;9500.105855879956;15.0;18.0;False;False;False;False;False;True;True;21.32305825008297
248;221;2016-08-01;1243.3943416430338;9500.105855879956;15.0;18.0;False;False;False;False;False;True;True;20.742745780697103
248;221;2016-09-01;61658.62946759127;9500.105855879956;15.0;18.0;False;False;False;False;False;True;True;19.343314778472426
248;221;2016-10-01;37213.91720202025;9500.105855879956;15.0;18.0;False;False;False;False;False;True;True;15.324236311387889
248;221;2016-11-01;39221.12060672257;9500.105855879956;15.0;18.0;False;False;False;False;False;True;True;12.177426391472933
248;221;2016-12-01;48580.02659171571;9500.105855879956;15.0;18.0;False;False;False;False;False;True;True;9.090210333213026
248;221;2017-01-01;37999.21239029468;9500.105855879956;15.0;18.0;False;False;False;False;False;True;True;8.220158448422033
248;221;2017-02-01;55077.08946354425;9500.105855879956;15.0;18.0;False;False;False;False;False;True;True;11.089617159986588
248;221;2017-03-01;54032.33964074525;9500.105855879956;15.0;18.0;False;False;False;False;False;True;True;13.587104379909494
248;221;2017-04-01;48254.05187669427;9500.105855879956;15.0;18.0;False;False;False;False;False;True;True;14.894739608181292
248;221;2017-05-01;51135.62764952966;9500.105855879956;15.0;18.0;False;False;False;False;False;True;True;17.435992917198842
248;221;2017-06-01;49399.87575751273;9500.105855879956;15.0;18.0;False;False;False;False;False;True;True;20.887620035041337
248;221;2017-07-01;72652.34027641089;9500.105855879956;15.0;18.0;False;False;False;False;False;True;True;21.37875162596229
248;221;2017-08-01;5419.126452417472;9500.105855879956;15.0;18.0;False;False;False;False;False;True;True;22.11828355029739
248;221;2017-09-01;61360.36975039663;9500.105855879956;15.0;18.0;False;False;False;False;False;True;True;18.007116473367873
248;221;2017-10-01;62363.63725299719;9500.105855879956;15.0;18.0;False;False;False;False;False;True;True;15.89606581655819
248;221;2017-11-01;64307.49625230242;9500.105855879956;15.0;18.0;False;False;False;False;False;True;True;11.848114658126905
249;222;2016-03-01;6979.461627979741;1385.283784425701;15.0;18.0;False;False;False;False;False;True;True;12.515167674172917
249;222;2016-04-01;7332.191473285176;1385.283784425701;15.0;18.0;False;False;False;False;False;True;True;15.29589403743588
249;222;2016-05-01;7519.6974242224705;1385.283784425701;15.0;18.0;False;False;False;False;False;True;True;16.96185797726271
249;222;2016-06-01;8304.51958743885;1385.283784425701;15.0;18.0;False;False;False;False;False;True;True;19.401180382433072
249;222;2016-07-01;9139.493114698247;1385.283784425701;15.0;18.0;False;False;False;False;False;True;True;21.32305825008297
249;222;2016-08-01;9089.6905197379;1385.283784425701;15.0;18.0;False;False;False;False;False;True;True;20.742745780697103
249;222;2016-09-01;8214.19995495608;1385.283784425701;15.0;18.0;False;False;False;False;False;True;True;19.343314778472426
249;222;2016-10-01;7739.879569231613;1385.283784425701;15.0;18.0;False;False;False;False;False;True;True;15.324236311387889
249;222;2016-11-01;8164.491756482354;1385.283784425701;15.0;18.0;False;False;False;False;False;True;True;12.177426391472933
249;222;2016-12-01;8376.655047234242;1385.283784425701;15.0;18.0;False;False;False;False;False;True;True;9.090210333213026
249;222;2017-01-01;8524.488993923651;1385.283784425701;15.0;18.0;False;False;False;False;False;True;True;8.220158448422033
249;222;2017-02-01;8292.25747416803;1385.283784425701;15.0;18.0;False;False;False;False;False;True;True;11.089617159986588
249;222;2017-03-01;7368.30577885529;1385.283784425701;15.0;18.0;False;False;False;False;False;True;True;13.587104379909494
249;222;2017-04-01;7619.466913011743;1385.283784425701;15.0;18.0;False;False;False;False;False;True;True;14.894739608181292
249;222;2017-05-01;8071.528285744165;1385.283784425701;15.0;18.0;False;False;False;False;False;True;True;17.435992917198842
249;222;2017-06-01;9312.42187942086;1385.283784425701;15.0;18.0;False;False;False;False;False;True;True;20.887620035041337
249;222;2017-07-01;9800.444101613431;1385.283784425701;15.0;18.0;False;False;False;False;False;True;True;21.37875162596229
249;222;2017-08-01;9803.96629726316;1385.283784425701;15.0;18.0;False;False;False;False;False;True;True;22.11828355029739
249;222;2017-09-01;8778.642396140836;1385.283784425701;15.0;18.0;False;False;False;False;False;True;True;18.007116473367873
249;222;2017-10-01;8070.015289388662;1385.283784425701;15.0;18.0;False;False;False;False;False;True;True;15.89606581655819
249;222;2017-11-01;8484.4020725973;1385.283784425701;15.0;18.0;False;False;False;False;False;True;True;11.848114658126905
250;223;2016-02-01;37273.82118682587;1435.3747495297573;15.0;18.0;False;False;False;False;False;True;True;12.181250227658523
250;223;2016-03-01;45324.92749523748;1435.3747495297573;15.0;18.0;False;False;False;False;False;True;True;12.515167674172917
250;223;2016-04-01;42572.66862067678;1435.3747495297573;15.0;18.0;False;False;False;False;False;True;True;15.29589403743588
250;223;2016-05-01;36182.26808788128;1435.3747495297573;15.0;18.0;False;False;False;False;False;True;True;16.96185797726271
250;223;2016-06-01;42329.37897998466;1435.3747495297573;15.0;18.0;False;False;False;False;False;True;True;19.401180382433072
250;223;2016-07-01;53555.13551413778;1435.3747495297573;15.0;18.0;False;False;False;False;False;True;True;21.32305825008297
250;223;2016-08-01;51774.15528176951;1435.3747495297573;15.0;18.0;False;False;False;False;False;True;True;20.742745780697103
250;223;2016-09-01;41398.24942883018;1435.3747495297573;15.0;18.0;False;False;False;False;False;True;True;19.343314778472426
250;223;2016-10-01;40838.076720501296;1435.3747495297573;15.0;18.0;False;False;False;False;False;True;True;15.324236311387889
250;223;2016-11-01;42771.98187025962;1435.3747495297573;15.0;18.0;False;False;False;False;False;True;True;12.177426391472933
250;223;2016-12-01;46186.35024522096;1435.3747495297573;15.0;18.0;False;False;False;False;False;True;True;9.090210333213026
250;223;2017-01-01;51330.8115538848;1435.3747495297573;15.0;18.0;False;False;False;False;False;True;True;8.220158448422033
250;223;2017-02-01;49371.239223703706;1435.3747495297573;15.0;18.0;False;False;False;False;False;True;True;11.089617159986588
250;223;2017-03-01;42789.52062162914;1435.3747495297573;15.0;18.0;False;False;False;False;False;True;True;13.587104379909494
250;223;2017-04-01;39978.51795126264;1435.3747495297573;15.0;18.0;False;False;False;False;False;True;True;14.894739608181292
250;223;2017-05-01;44320.27861198804;1435.3747495297573;15.0;18.0;False;False;False;False;False;True;True;17.435992917198842
250;223;2017-06-01;47778.01400434216;1435.3747495297573;15.0;18.0;False;False;False;False;False;True;True;20.887620035041337
250;223;2017-07-01;47243.08537355432;1435.3747495297573;15.0;18.0;False;False;False;False;False;True;True;21.37875162596229
250;223;2017-08-01;49858.398638197534;1435.3747495297573;15.0;18.0;False;False;False;False;False;True;True;22.11828355029739
250;223;2017-09-01;43678.9032375483;1435.3747495297573;15.0;18.0;False;False;False;False;False;True;True;18.007116473367873
251;226;2016-03-01;698659.0619984197;1487.2125376360489;15.0;18.0;False;False;False;False;False;True;True;12.515167674172917
251;226;2016-04-01;662415.2158973074;1487.2125376360489;15.0;18.0;False;False;False;False;False;True;True;15.29589403743588
251;226;2016-05-01;662434.5425925266;1487.2125376360489;15.0;18.0;False;False;False;False;False;True;True;16.96185797726271
251;226;2016-06-01;778764.7519747593;1487.2125376360489;15.0;18.0;False;False;False;False;False;True;True;19.401180382433072
251;226;2016-07-01;931774.1717793124;1487.2125376360489;15.0;18.0;False;False;False;False;False;True;True;21.32305825008297
251;226;2016-08-01;925981.4781015872;1487.2125376360489;15.0;18.0;False;False;False;False;False;True;True;20.742745780697103
251;226;2016-09-01;807762.5928172342;1487.2125376360489;15.0;18.0;False;False;False;False;False;True;True;19.343314778472426
251;226;2016-10-01;694990.8190633203;1487.2125376360489;15.0;18.0;False;False;False;False;False;True;True;15.324236311387889
251;226;2016-11-01;739872.1390810886;1487.2125376360489;15.0;18.0;False;False;False;False;False;True;True;12.177426391472933
251;226;2016-12-01;868164.5122829909;1487.2125376360489;15.0;18.0;False;False;False;False;False;True;True;9.090210333213026
251;226;2017-01-01;843243.8002561746;1487.2125376360489;15.0;18.0;False;False;False;False;False;True;True;8.220158448422033
251;226;2017-02-01;900624.9399910036;1487.2125376360489;15.0;18.0;False;False;False;False;False;True;True;11.089617159986588
251;226;2017-03-01;798984.9581462643;1487.2125376360489;15.0;18.0;False;False;False;False;False;True;True;13.587104379909494
252;227;2016-03-01;10329.46940240473;1142.3452776584309;15.0;18.0;False;False;False;False;False;True;True;12.515167674172917
252;227;2016-04-01;11555.655835502335;1142.3452776584309;15.0;18.0;False;False;False;False;False;True;True;15.29589403743588
252;227;2016-05-01;10362.961145315468;1142.3452776584309;15.0;18.0;False;False;False;False;False;True;True;16.96185797726271
252;227;2016-06-01;12075.79460107228;1142.3452776584309;15.0;18.0;False;False;False;False;False;True;True;19.401180382433072
252;227;2016-07-01;13975.385597392178;1142.3452776584309;15.0;18.0;False;False;False;False;False;True;True;21.32305825008297
252;227;2016-08-01;14748.606226519489;1142.3452776584309;15.0;18.0;False;False;False;False;False;True;True;20.742745780697103
252;227;2016-09-01;13507.546866814524;1142.3452776584309;15.0;18.0;False;False;False;False;False;True;True;19.343314778472426
252;227;2016-10-01;13286.232292557705;1142.3452776584309;15.0;18.0;False;False;False;False;False;True;True;15.324236311387889
252;227;2016-11-01;13758.76124103644;1142.3452776584309;15.0;18.0;False;False;False;False;False;True;True;12.177426391472933
252;227;2016-12-01;12881.629536990378;1142.3452776584309;15.0;18.0;False;False;False;False;False;True;True;9.090210333213026
252;227;2017-01-01;11563.484380564918;1142.3452776584309;15.0;18.0;False;False;False;False;False;True;True;8.220158448422033
252;227;2017-02-01;11817.904667428656;1142.3452776584309;15.0;18.0;False;False;False;False;False;True;True;11.089617159986588
252;227;2017-03-01;12375.776586082337;1142.3452776584309;15.0;18.0;False;False;False;False;False;True;True;13.587104379909494
252;227;2017-04-01;12449.89281512108;1142.3452776584309;15.0;18.0;False;False;False;False;False;True;True;14.894739608181292
252;227;2017-05-01;12925.572827234311;1142.3452776584309;15.0;18.0;False;False;False;False;False;True;True;17.435992917198842
252;227;2017-06-01;12821.744082142017;1142.3452776584309;15.0;18.0;False;False;False;False;False;True;True;20.887620035041337
252;227;2017-07-01;13415.633808494726;1142.3452776584309;15.0;18.0;False;False;False;False;False;True;True;21.37875162596229
252;227;2017-08-01;14007.417998654082;1142.3452776584309;15.0;18.0;False;False;False;False;False;True;True;22.11828355029739
252;227;2017-09-01;12654.523126513235;1142.3452776584309;15.0;18.0;False;False;False;False;False;True;True;18.007116473367873
252;227;2017-10-01;13210.930562979069;1142.3452776584309;15.0;18.0;False;False;False;False;False;True;True;15.89606581655819
252;227;2017-11-01;12927.242016524358;1142.3452776584309;15.0;18.0;False;False;False;False;False;True;True;11.848114658126905
253;228;2016-04-01;3935.072926806964;664.7583624743856;15.0;18.0;False;False;False;False;False;True;True;15.29589403743588
253;228;2016-05-01;4343.721202261932;664.7583624743856;15.0;18.0;False;False;False;False;False;True;True;16.96185797726271
253;228;2016-06-01;5283.290567738431;664.7583624743856;15.0;18.0;False;False;False;False;False;True;True;19.401180382433072
253;228;2016-07-01;6203.521108187018;664.7583624743856;15.0;18.0;False;False;False;False;False;True;True;21.32305825008297
253;228;2016-08-01;6125.141689836506;664.7583624743856;15.0;18.0;False;False;False;False;False;True;True;20.742745780697103
253;228;2016-09-01;5073.161453939746;664.7583624743856;15.0;18.0;False;False;False;False;False;True;True;19.343314778472426
253;228;2016-10-01;4131.221683974531;664.7583624743856;15.0;18.0;False;False;False;False;False;True;True;15.324236311387889
253;228;2016-11-01;3569.949136890203;664.7583624743856;15.0;18.0;False;False;False;False;False;True;True;12.177426391472933
253;228;2016-12-01;3604.840956980526;664.7583624743856;15.0;18.0;False;False;False;False;False;True;True;9.090210333213026
253;228;2017-01-01;3376.1496003167904;664.7583624743856;15.0;18.0;False;False;False;False;False;True;True;8.220158448422033
253;228;2017-02-01;3955.869407210877;664.7583624743856;15.0;18.0;False;False;False;False;False;True;True;11.089617159986588
253;228;2017-03-01;4369.296050189889;664.7583624743856;15.0;18.0;False;False;False;False;False;True;True;13.587104379909494
253;228;2017-04-01;3966.219344867761;664.7583624743856;15.0;18.0;False;False;False;False;False;True;True;14.894739608181292
253;228;2017-05-01;4555.9007046554125;664.7583624743856;15.0;18.0;False;False;False;False;False;True;True;17.435992917198842
253;228;2017-06-01;5878.057576548675;664.7583624743856;15.0;18.0;False;False;False;False;False;True;True;20.887620035041337
253;228;2017-07-01;6121.587628563947;664.7583624743856;15.0;18.0;False;False;False;False;False;True;True;21.37875162596229
253;228;2017-08-01;6317.042868876543;664.7583624743856;15.0;18.0;False;False;False;False;False;True;True;22.11828355029739
253;228;2017-09-01;4868.699970864547;664.7583624743856;15.0;18.0;False;False;False;False;False;True;True;18.007116473367873
253;228;2017-10-01;4089.725570492784;664.7583624743856;15.0;18.0;False;False;False;False;False;True;True;15.89606581655819
253;228;2017-11-01;3569.9876857075824;664.7583624743856;15.0;18.0;False;False;False;False;False;True;True;11.848114658126905
254;229;2016-04-01;3135723.4318382307;3956.618231148459;15.0;18.0;False;False;False;False;False;True;True;15.29589403743588
254;229;2016-05-01;3195246.5592237893;3956.618231148459;15.0;18.0;False;False;False;False;False;True;True;16.96185797726271
254;229;2016-06-01;3498681.0909909746;3956.618231148459;15.0;18.0;False;False;False;False;False;True;True;19.401180382433072
254;229;2016-07-01;3531392.59293952;3956.618231148459;15.0;18.0;False;False;False;False;False;True;True;21.32305825008297
254;229;2016-08-01;3467550.06587192;3956.618231148459;15.0;18.0;False;False;False;False;False;True;True;20.742745780697103
254;229;2016-09-01;3373584.385797304;3956.618231148459;15.0;18.0;False;False;False;False;False;True;True;19.343314778472426
254;229;2016-10-01;3237565.1503008483;3956.618231148459;15.0;18.0;False;False;False;False;False;True;True;15.324236311387889
254;229;2016-11-01;2990570.7340367227;3956.618231148459;15.0;18.0;False;False;False;False;False;True;True;12.177426391472933
254;229;2016-12-01;2555504.839681853;3956.618231148459;15.0;18.0;False;False;False;False;False;True;True;9.090210333213026
254;229;2017-01-01;2590434.2609215607;3956.618231148459;15.0;18.0;False;False;False;False;False;True;True;8.220158448422033
254;229;2017-02-01;2792088.647263848;3956.618231148459;15.0;18.0;False;False;False;False;False;True;True;11.089617159986588
254;229;2017-03-01;2879765.1117775016;3956.618231148459;15.0;18.0;False;False;False;False;False;True;True;13.587104379909494
254;229;2017-04-01;2981094.92548914;3956.618231148459;15.0;18.0;False;False;False;False;False;True;True;14.894739608181292
255;229;2017-06-01;3332364.015018082;3956.618231148459;15.0;18.0;False;False;False;False;False;True;True;20.887620035041337
255;229;2017-07-01;3347142.940971106;3956.618231148459;15.0;18.0;False;False;False;False;False;True;True;21.37875162596229
255;229;2017-08-01;3343556.709410096;3956.618231148459;15.0;18.0;False;False;False;False;False;True;True;22.11828355029739
256;230;2016-04-01;25615.57136067096;5802.693730220199;15.0;18.0;False;False;False;False;False;True;True;15.29589403743588
256;230;2016-05-01;21254.01041279325;5802.693730220199;15.0;18.0;False;False;False;False;False;True;True;16.96185797726271
256;230;2016-06-01;25718.836684967984;5802.693730220199;15.0;18.0;False;False;False;False;False;True;True;19.401180382433072
256;230;2016-07-01;21406.80052983926;5802.693730220199;15.0;18.0;False;False;False;False;False;True;True;21.32305825008297
256;230;2016-08-01;17619.879511813633;5802.693730220199;15.0;18.0;False;False;False;False;False;True;True;20.742745780697103
256;230;2016-09-01;20644.198847898784;5802.693730220199;15.0;18.0;False;False;False;False;False;True;True;19.343314778472426
256;230;2016-10-01;22026.6756352038;5802.693730220199;15.0;18.0;False;False;False;False;False;True;True;15.324236311387889
256;230;2016-11-01;24844.783562109133;5802.693730220199;15.0;18.0;False;False;False;False;False;True;True;12.177426391472933
256;230;2016-12-01;20713.682385642704;5802.693730220199;15.0;18.0;False;False;False;False;False;True;True;9.090210333213026
256;230;2017-01-01;24892.31562179972;5802.693730220199;15.0;18.0;False;False;False;False;False;True;True;8.220158448422033
256;230;2017-02-01;26877.82159226513;5802.693730220199;15.0;18.0;False;False;False;False;False;True;True;11.089617159986588
256;230;2017-03-01;23322.434174267568;5802.693730220199;15.0;18.0;False;False;False;False;False;True;True;13.587104379909494
256;230;2017-04-01;21347.566230942903;5802.693730220199;15.0;18.0;False;False;False;False;False;True;True;14.894739608181292
256;230;2017-05-01;21206.74250321862;5802.693730220199;15.0;18.0;False;False;False;False;False;True;True;17.435992917198842
256;230;2017-06-01;22015.86828922429;5802.693730220199;15.0;18.0;False;False;False;False;False;True;True;20.887620035041337
256;230;2017-07-01;19634.544475097136;5802.693730220199;15.0;18.0;False;False;False;False;False;True;True;21.37875162596229
256;230;2017-08-01;21223.66541326582;5802.693730220199;15.0;18.0;False;False;False;False;False;True;True;22.11828355029739
256;230;2017-09-01;21649.70511494235;5802.693730220199;15.0;18.0;False;False;False;False;False;True;True;18.007116473367873
256;230;2017-10-01;21203.24098761607;5802.693730220199;15.0;18.0;False;False;False;False;False;True;True;15.89606581655819
256;230;2017-11-01;25080.94245431482;5802.693730220199;15.0;18.0;False;False;False;False;False;True;True;11.848114658126905
257;231;2014-08-01;401385.5836202306;12572.84019840881;15.0;18.0;False;False;False;False;False;True;True;16.768820314896253
257;231;2014-09-01;455848.38818209694;12572.84019840881;15.0;18.0;False;False;False;False;False;True;True;16.227282433689336
257;231;2014-10-01;370846.4045152235;12572.84019840881;15.0;18.0;False;False;False;False;False;True;True;14.53081529820492
257;231;2014-11-01;321732.4337173379;12572.84019840881;15.0;18.0;False;False;False;False;False;True;True;12.603836181081192
257;231;2014-12-01;358018.51855964627;12572.84019840881;15.0;18.0;False;False;False;False;False;True;True;9.994714275622268
257;231;2015-01-01;407961.4847821906;12572.84019840881;15.0;18.0;False;False;False;False;False;True;True;9.817247733789548
257;231;2015-02-01;406283.128225944;12572.84019840881;15.0;18.0;False;False;False;False;False;True;True;8.827408379093514
257;231;2015-03-01;332295.9811683173;12572.84019840881;15.0;18.0;False;False;False;False;False;True;True;12.60792026996771
257;231;2015-04-01;327696.5971025595;12572.84019840881;15.0;18.0;False;False;False;False;False;True;True;14.895697905434822
257;231;2015-05-01;419165.3199017308;12572.84019840881;15.0;18.0;False;False;False;False;False;True;True;17.141654142366107
257;231;2015-06-01;481564.7203739891;12572.84019840881;15.0;18.0;False;False;False;False;False;True;True;19.39294481553273
257;231;2015-07-01;612248.9655024919;12572.84019840881;15.0;18.0;False;False;False;False;False;True;True;21.53785193429267
257;231;2015-08-01;523990.8384078105;12572.84019840881;15.0;18.0;False;False;False;False;False;True;True;20.49907454866584
257;231;2015-09-01;402590.4953018455;12572.84019840881;15.0;18.0;False;False;False;False;False;True;True;17.621727802535418
257;231;2015-10-01;340143.1561526605;12572.84019840881;15.0;18.0;False;False;False;False;False;True;True;14.792289238072366
257;231;2015-11-01;354327.3994214695;12572.84019840881;15.0;18.0;False;False;False;False;False;True;True;12.474742852144688
257;231;2015-12-01;384855.1059250448;12572.84019840881;15.0;18.0;False;False;False;False;False;True;True;10.585770904643011
257;231;2016-01-01;389485.5402962358;12572.84019840881;15.0;18.0;False;False;False;False;False;True;True;10.044430381276952
257;231;2016-02-01;392519.98242186167;12572.84019840881;15.0;18.0;False;False;False;False;False;True;True;12.181250227658523
257;231;2016-03-01;396424.2488080025;12572.84019840881;15.0;18.0;False;False;False;False;False;True;True;12.515167674172917
258;232;2014-01-01;1238.2813714144395;3403.1430211931;15.0;18.0;False;False;False;False;False;True;True;11.1431840880552
258;232;2014-02-01;1173.7016727251428;3403.1430211931;15.0;18.0;False;False;False;False;False;True;True;12.204535957921411
258;232;2014-03-01;1237.2750443967673;3403.1430211931;15.0;18.0;False;False;False;False;False;True;True;13.182095292577824
258;232;2014-04-01;1146.2971552117083;3403.1430211931;15.0;18.0;False;False;False;False;False;True;True;15.084608638230538
258;232;2014-05-01;1213.4907719777684;3403.1430211931;15.0;18.0;False;False;False;False;False;True;True;15.007417672450508
258;232;2014-06-01;1207.552302238537;3403.1430211931;15.0;18.0;False;False;False;False;False;True;True;17.60630221210198
258;232;2014-07-01;1149.9982408508326;3403.1430211931;15.0;18.0;False;False;False;False;False;True;True;17.02814087022849
258;232;2014-08-01;1131.745848265109;3403.1430211931;15.0;18.0;False;False;False;False;False;True;True;16.768820314896253
258;232;2014-09-01;1118.2264146358934;3403.1430211931;15.0;18.0;False;False;False;False;False;True;True;16.227282433689336
258;232;2014-10-01;1179.5076702436595;3403.1430211931;15.0;18.0;False;False;False;False;False;True;True;14.53081529820492
258;232;2014-11-01;1198.6663129181009;3403.1430211931;15.0;18.0;False;False;False;False;False;True;True;12.603836181081192
258;232;2014-12-01;930.3645839808968;3403.1430211931;15.0;18.0;False;False;False;False;False;True;True;9.994714275622268
258;232;2015-01-01;1139.222277273111;3403.1430211931;15.0;18.0;False;False;False;False;False;True;True;9.817247733789548
258;232;2015-02-01;1230.7969630003154;3403.1430211931;15.0;18.0;False;False;False;False;False;True;True;8.827408379093514
258;232;2015-03-01;1264.463016765162;3403.1430211931;15.0;18.0;False;False;False;False;False;True;True;12.60792026996771
258;232;2015-04-01;1292.6760478302217;3403.1430211931;15.0;18.0;False;False;False;False;False;True;True;14.895697905434822
258;232;2015-05-01;1361.2009417981983;3403.1430211931;15.0;18.0;False;False;False;False;False;True;True;17.141654142366107
258;232;2015-06-01;1329.5277615196462;3403.1430211931;15.0;18.0;False;False;False;False;False;True;True;19.39294481553273
258;232;2015-07-01;1327.9800644557995;3403.1430211931;15.0;18.0;False;False;False;False;False;True;True;21.53785193429267
258;232;2015-08-01;1327.0384074243866;3403.1430211931;15.0;18.0;False;False;False;False;False;True;True;20.49907454866584
258;232;2015-09-01;1340.353187219234;3403.1430211931;15.0;18.0;False;False;False;False;False;True;True;17.621727802535418
258;232;2015-10-01;1332.7352439736774;3403.1430211931;15.0;18.0;False;False;False;False;False;True;True;14.792289238072366
258;232;2015-11-01;1316.0713793358684;3403.1430211931;15.0;18.0;False;False;False;False;False;True;True;12.474742852144688
258;232;2015-12-01;1034.7685834417246;3403.1430211931;15.0;18.0;False;False;False;False;False;True;True;10.585770904643011
258;232;2016-01-01;1201.742530535634;3403.1430211931;15.0;18.0;False;False;False;False;False;True;True;10.044430381276952
258;232;2016-02-01;1336.015851044502;3403.1430211931;15.0;18.0;False;False;False;False;False;True;True;12.181250227658523
258;232;2016-03-01;1162.792403943514;3403.1430211931;15.0;18.0;False;False;False;False;False;True;True;12.515167674172917
258;232;2016-04-01;1356.7744475784998;3403.1430211931;15.0;18.0;False;False;False;False;False;True;True;15.29589403743588
258;232;2016-05-01;1358.6055381600927;3403.1430211931;15.0;18.0;False;False;False;False;False;True;True;16.96185797726271
258;232;2016-06-01;1303.3496417687315;3403.1430211931;15.0;18.0;False;False;False;False;False;True;True;19.401180382433072
258;232;2016-07-01;1307.4320456768182;3403.1430211931;15.0;18.0;False;False;False;False;False;True;True;21.32305825008297
258;232;2016-08-01;1273.4035305285684;3403.1430211931;15.0;18.0;False;False;False;False;False;True;True;20.742745780697103
258;232;2016-09-01;1281.2378066358528;3403.1430211931;15.0;18.0;False;False;False;False;False;True;True;19.343314778472426
258;232;2016-10-01;1281.2378066358528;3403.1430211931;15.0;18.0;False;False;False;False;False;True;True;15.324236311387889
258;232;2016-11-01;1281.2378066358528;3403.1430211931;15.0;18.0;False;False;False;False;False;True;True;12.177426391472933
258;232;2016-12-01;1281.2378066358528;3403.1430211931;15.0;18.0;False;False;False;False;False;True;True;9.090210333213026
258;232;2017-01-01;1281.2378066358528;3403.1430211931;15.0;18.0;False;False;False;False;False;True;True;8.220158448422033
258;232;2017-02-01;1404.8003067062443;3403.1430211931;15.0;18.0;False;False;False;False;False;True;True;11.089617159986588
258;232;2017-03-01;1328.9135796998305;3403.1430211931;15.0;18.0;False;False;False;False;False;True;True;13.587104379909494
259;233;2013-07-01;117967.6733654146;20721.99787553865;15.0;18.0;False;False;False;False;False;True;True;9.28215510971985
259;233;2013-08-01;114030.10894340675;20721.99787553865;15.0;18.0;False;False;False;False;False;True;True;10.718845608782434
259;233;2013-09-01;117177.04563448468;20721.99787553865;15.0;18.0;False;False;False;False;False;True;True;11.332531404826844
259;233;2013-10-01;114434.51958631536;20721.99787553865;15.0;18.0;False;False;False;False;False;True;True;13.491441487583788
259;233;2013-11-01;116945.4472075443;20721.99787553865;15.0;18.0;False;False;False;False;False;True;True;15.371231557821652
259;233;2013-12-01;113121.49574302054;20721.99787553865;15.0;18.0;False;False;False;False;False;True;True;14.390944069096545
259;233;2014-01-01;105819.87141223604;20721.99787553865;15.0;18.0;False;False;False;False;False;True;True;11.1431840880552
259;233;2014-02-01;104912.88785002516;20721.99787553865;15.0;18.0;False;False;False;False;False;True;True;12.204535957921411
259;233;2014-03-01;108130.9402337656;20721.99787553865;15.0;18.0;False;False;False;False;False;True;True;13.182095292577824
259;233;2014-04-01;113333.51346688504;20721.99787553865;15.0;18.0;False;False;False;False;False;True;True;15.084608638230538
259;233;2014-05-01;114001.81766009766;20721.99787553865;15.0;18.0;False;False;False;False;False;True;True;15.007417672450508
259;233;2014-06-01;97287.85143425284;20721.99787553865;15.0;18.0;False;False;False;False;False;True;True;17.60630221210198
259;233;2014-07-01;111694.4221252075;20721.99787553865;15.0;18.0;False;False;False;False;False;True;True;17.02814087022849
259;233;2014-08-01;108195.08025726188;20721.99787553865;15.0;18.0;False;False;False;False;False;True;True;16.768820314896253
259;233;2014-09-01;104440.80626043944;20721.99787553865;15.0;18.0;False;False;False;False;False;True;True;16.227282433689336
259;233;2014-10-01;102906.7579216384;20721.99787553865;15.0;18.0;False;False;False;False;False;True;True;14.53081529820492
259;233;2014-11-01;101364.04825530962;20721.99787553865;15.0;18.0;False;False;False;False;False;True;True;12.603836181081192
259;233;2014-12-01;95706.38564616018;20721.99787553865;15.0;18.0;False;False;False;False;False;True;True;9.994714275622268
259;233;2015-01-01;102255.36313628872;20721.99787553865;15.0;18.0;False;False;False;False;False;True;True;9.817247733789548
259;233;2015-02-01;105589.36262816524;20721.99787553865;15.0;18.0;False;False;False;False;False;True;True;8.827408379093514
259;233;2015-03-01;102658.05236449392;20721.99787553865;15.0;18.0;False;False;False;False;False;True;True;12.60792026996771
259;233;2015-04-01;103531.79229692566;20721.99787553865;15.0;18.0;False;False;False;False;False;True;True;14.895697905434822
259;233;2015-05-01;111248.27887556575;20721.99787553865;15.0;18.0;False;False;False;False;False;True;True;17.141654142366107
259;233;2015-06-01;102331.642966489;20721.99787553865;15.0;18.0;False;False;False;False;False;True;True;19.39294481553273
259;233;2015-07-01;97039.11833687032;20721.99787553865;15.0;18.0;False;False;False;False;False;True;True;21.53785193429267
259;233;2015-08-01;87045.40947677541;20721.99787553865;15.0;18.0;False;False;False;False;False;True;True;20.49907454866584
259;233;2015-09-01;103515.09882781586;20721.99787553865;15.0;18.0;False;False;False;False;False;True;True;17.621727802535418
259;233;2015-10-01;97275.47018102952;20721.99787553865;15.0;18.0;False;False;False;False;False;True;True;14.792289238072366
259;233;2015-11-01;86505.5547384779;20721.99787553865;15.0;18.0;False;False;False;False;False;True;True;12.474742852144688
259;233;2015-12-01;70629.85407250603;20721.99787553865;15.0;18.0;False;False;False;False;False;True;True;10.585770904643011
259;233;2016-01-01;86059.98389697312;20721.99787553865;15.0;18.0;False;False;False;False;False;True;True;10.044430381276952
259;233;2016-02-01;103696.15545643371;20721.99787553865;15.0;18.0;False;False;False;False;False;True;True;12.181250227658523
259;233;2016-03-01;107206.53220162434;20721.99787553865;15.0;18.0;False;False;False;False;False;True;True;12.515167674172917
259;233;2016-04-01;126188.287821472;20721.99787553865;15.0;18.0;False;False;False;False;False;True;True;15.29589403743588
259;233;2016-05-01;96317.14074753717;20721.99787553865;15.0;18.0;False;False;False;False;False;True;True;16.96185797726271
259;233;2016-06-01;103620.61671402938;20721.99787553865;15.0;18.0;False;False;False;False;False;True;True;19.401180382433072
259;233;2016-07-01;95145.07982295976;20721.99787553865;15.0;18.0;False;False;False;False;False;True;True;21.32305825008297
259;233;2016-08-01;88685.10013154412;20721.99787553865;15.0;18.0;False;False;False;False;False;True;True;20.742745780697103
259;233;2016-09-01;99770.444931023;20721.99787553865;15.0;18.0;False;False;False;False;False;True;True;19.343314778472426
259;233;2016-10-01;90783.07151184714;20721.99787553865;15.0;18.0;False;False;False;False;False;True;True;15.324236311387889
259;233;2016-11-01;91591.20904486574;20721.99787553865;15.0;18.0;False;False;False;False;False;True;True;12.177426391472933
259;233;2016-12-01;101948.88550611494;20721.99787553865;15.0;18.0;False;False;False;False;False;True;True;9.090210333213026
259;233;2017-01-01;132254.08467334893;20721.99787553865;15.0;18.0;False;False;False;False;False;True;True;8.220158448422033
259;233;2017-02-01;149311.0842816289;20721.99787553865;15.0;18.0;False;False;False;False;False;True;True;11.089617159986588
260;234;2013-07-01;15875.142254549972;6561.059735444142;15.0;18.0;False;False;False;False;False;True;True;9.28215510971985
260;234;2013-08-01;18911.184449193657;6561.059735444142;15.0;18.0;False;False;False;False;False;True;True;10.718845608782434
260;234;2013-09-01;12748.251467398506;6561.059735444142;15.0;18.0;False;False;False;False;False;True;True;11.332531404826844
260;234;2013-10-01;8978.98149461454;6561.059735444142;15.0;18.0;False;False;False;False;False;True;True;13.491441487583788
260;234;2013-11-01;17318.54901094235;6561.059735444142;15.0;18.0;False;False;False;False;False;True;True;15.371231557821652
260;234;2013-12-01;12443.032014665128;6561.059735444142;15.0;18.0;False;False;False;False;False;True;True;14.390944069096545
260;234;2014-01-01;12390.609555493882;6561.059735444142;15.0;18.0;False;False;False;False;False;True;True;11.1431840880552
260;234;2014-02-01;18982.0475106;6561.059735444142;15.0;18.0;False;False;False;False;False;True;True;12.204535957921411
260;234;2014-03-01;15011.77858635021;6561.059735444142;15.0;18.0;False;False;False;False;False;True;True;13.182095292577824
260;234;2014-04-01;14550.73257799938;6561.059735444142;15.0;18.0;False;False;False;False;False;True;True;15.084608638230538
260;234;2014-05-01;12174.457869926257;6561.059735444142;15.0;18.0;False;False;False;False;False;True;True;15.007417672450508
260;234;2014-06-01;7791.853325548616;6561.059735444142;15.0;18.0;False;False;False;False;False;True;True;17.60630221210198
260;234;2014-07-01;15380.657696681095;6561.059735444142;15.0;18.0;False;False;False;False;False;True;True;17.02814087022849
260;234;2014-08-01;17495.608422547655;6561.059735444142;15.0;18.0;False;False;False;False;False;True;True;16.768820314896253
260;234;2014-09-01;14960.215895356296;6561.059735444142;15.0;18.0;False;False;False;False;False;True;True;16.227282433689336
260;234;2014-10-01;15674.932860671255;6561.059735444142;15.0;18.0;False;False;False;False;False;True;True;14.53081529820492
260;234;2014-11-01;16414.043471761714;6561.059735444142;15.0;18.0;False;False;False;False;False;True;True;12.603836181081192
260;234;2014-12-01;16107.08123941573;6561.059735444142;15.0;18.0;False;False;False;False;False;True;True;9.994714275622268
260;234;2015-01-01;15412.59150641164;6561.059735444142;15.0;18.0;False;False;False;False;False;True;True;9.817247733789548
260;234;2015-02-01;12391.34235960234;6561.059735444142;15.0;18.0;False;False;False;False;False;True;True;8.827408379093514
260;234;2015-03-01;12696.074507867312;6561.059735444142;15.0;18.0;False;False;False;False;False;True;True;12.60792026996771
260;234;2015-04-01;18227.139354169587;6561.059735444142;15.0;18.0;False;False;False;False;False;True;True;14.895697905434822
260;234;2015-05-01;17252.844808396498;6561.059735444142;15.0;18.0;False;False;False;False;False;True;True;17.141654142366107
260;234;2015-06-01;14086.555539000308;6561.059735444142;15.0;18.0;False;False;False;False;False;True;True;19.39294481553273
260;234;2015-07-01;16003.946754619972;6561.059735444142;15.0;18.0;False;False;False;False;False;True;True;21.53785193429267
260;234;2015-08-01;16620.479570354066;6561.059735444142;15.0;18.0;False;False;False;False;False;True;True;20.49907454866584
260;234;2015-09-01;14276.983674931978;6561.059735444142;15.0;18.0;False;False;False;False;False;True;True;17.621727802535418
260;234;2015-10-01;12261.648816421271;6561.059735444142;15.0;18.0;False;False;False;False;False;True;True;14.792289238072366
260;234;2015-11-01;16208.641475702583;6561.059735444142;15.0;18.0;False;False;False;False;False;True;True;12.474742852144688
260;234;2015-12-01;14494.717425583878;6561.059735444142;15.0;18.0;False;False;False;False;False;True;True;10.585770904643011
260;234;2016-01-01;9260.127955217118;6561.059735444142;15.0;18.0;False;False;False;False;False;True;True;10.044430381276952
260;234;2016-02-01;10508.942324367128;6561.059735444142;15.0;18.0;False;False;False;False;False;True;True;12.181250227658523
260;234;2016-03-01;13118.308095886452;6561.059735444142;15.0;18.0;False;False;False;False;False;True;True;12.515167674172917
260;234;2016-04-01;10792.984128218992;6561.059735444142;15.0;18.0;False;False;False;False;False;True;True;15.29589403743588
260;234;2016-05-01;15714.264727895204;6561.059735444142;15.0;18.0;False;False;False;False;False;True;True;16.96185797726271
260;234;2016-06-01;16770.52067918405;6561.059735444142;15.0;18.0;False;False;False;False;False;True;True;19.401180382433072
260;234;2016-07-01;15262.83885774798;6561.059735444142;15.0;18.0;False;False;False;False;False;True;True;21.32305825008297
260;234;2016-08-01;14690.694601676243;6561.059735444142;15.0;18.0;False;False;False;False;False;True;True;20.742745780697103
260;234;2016-09-01;18075.70308193794;6561.059735444142;15.0;18.0;False;False;False;False;False;True;True;19.343314778472426
260;234;2016-10-01;12147.43470182939;6561.059735444142;15.0;18.0;False;False;False;False;False;True;True;15.324236311387889
260;234;2016-11-01;17556.199872088648;6561.059735444142;15.0;18.0;False;False;False;False;False;True;True;12.177426391472933
260;234;2016-12-01;12913.475067710588;6561.059735444142;15.0;18.0;False;False;False;False;False;True;True;9.090210333213026
260;234;2017-01-01;13198.154161704377;6561.059735444142;15.0;18.0;False;False;False;False;False;True;True;8.220158448422033
260;234;2017-02-01;17139.800698266223;6561.059735444142;15.0;18.0;False;False;False;False;False;True;True;11.089617159986588
260;234;2017-03-01;18891.94393646561;6561.059735444142;15.0;18.0;False;False;False;False;False;True;True;13.587104379909494
261;235;2013-07-01;125485.929148828;10906.977168109152;15.0;18.0;False;False;False;False;False;True;True;9.28215510971985
261;235;2013-08-01;141280.23408012406;10906.977168109152;15.0;18.0;False;False;False;False;False;True;True;10.718845608782434
261;235;2013-09-01;136070.37204739192;10906.977168109152;15.0;18.0;False;False;False;False;False;True;True;11.332531404826844
261;235;2013-10-01;142599.8018306903;10906.977168109152;15.0;18.0;False;False;False;False;False;True;True;13.491441487583788
261;235;2013-11-01;137953.42698477712;10906.977168109152;15.0;18.0;False;False;False;False;False;True;True;15.371231557821652
261;235;2013-12-01;143241.71089607372;10906.977168109152;15.0;18.0;False;False;False;False;False;True;True;14.390944069096545
261;235;2014-01-01;144256.4427922772;10906.977168109152;15.0;18.0;False;False;False;False;False;True;True;11.1431840880552
261;235;2014-02-01;138742.33534857357;10906.977168109152;15.0;18.0;False;False;False;False;False;True;True;12.204535957921411
261;235;2014-03-01;134043.04414862377;10906.977168109152;15.0;18.0;False;False;False;False;False;True;True;13.182095292577824
261;235;2014-04-01;140529.65722252982;10906.977168109152;15.0;18.0;False;False;False;False;False;True;True;15.084608638230538
261;235;2014-05-01;133937.44131883848;10906.977168109152;15.0;18.0;False;False;False;False;False;True;True;15.007417672450508
261;235;2014-06-01;119562.9152204775;10906.977168109152;15.0;18.0;False;False;False;False;False;True;True;17.60630221210198
261;235;2014-07-01;140182.71367290147;10906.977168109152;15.0;18.0;False;False;False;False;False;True;True;17.02814087022849
261;235;2014-08-01;133915.70426157973;10906.977168109152;15.0;18.0;False;False;False;False;False;True;True;16.768820314896253
261;235;2014-09-01;129394.76537024154;10906.977168109152;15.0;18.0;False;False;False;False;False;True;True;16.227282433689336
261;235;2014-10-01;133311.66623899387;10906.977168109152;15.0;18.0;False;False;False;False;False;True;True;14.53081529820492
261;235;2014-11-01;131073.41260772146;10906.977168109152;15.0;18.0;False;False;False;False;False;True;True;12.603836181081192
261;235;2014-12-01;123515.3697584394;10906.977168109152;15.0;18.0;False;False;False;False;False;True;True;9.994714275622268
261;235;2015-01-01;119608.55559629296;10906.977168109152;15.0;18.0;False;False;False;False;False;True;True;9.817247733789548
261;235;2015-02-01;129062.00482161027;10906.977168109152;15.0;18.0;False;False;False;False;False;True;True;8.827408379093514
261;235;2015-03-01;125615.22869246252;10906.977168109152;15.0;18.0;False;False;False;False;False;True;True;12.60792026996771
261;235;2015-04-01;127921.3848255388;10906.977168109152;15.0;18.0;False;False;False;False;False;True;True;14.895697905434822
261;235;2015-05-01;133064.25975234195;10906.977168109152;15.0;18.0;False;False;False;False;False;True;True;17.141654142366107
261;235;2015-06-01;140297.6876685162;10906.977168109152;15.0;18.0;False;False;False;False;False;True;True;19.39294481553273
261;235;2015-07-01;135270.31721775263;10906.977168109152;15.0;18.0;False;False;False;False;False;True;True;21.53785193429267
261;235;2015-08-01;120736.57066893124;10906.977168109152;15.0;18.0;False;False;False;False;False;True;True;20.49907454866584
261;235;2015-09-01;146739.73940302007;10906.977168109152;15.0;18.0;False;False;False;False;False;True;True;17.621727802535418
261;235;2015-10-01;129412.67563376168;10906.977168109152;15.0;18.0;False;False;False;False;False;True;True;14.792289238072366
261;235;2015-11-01;132162.4368612196;10906.977168109152;15.0;18.0;False;False;False;False;False;True;True;12.474742852144688
261;235;2015-12-01;105688.27543998417;10906.977168109152;15.0;18.0;False;False;False;False;False;True;True;10.585770904643011
261;235;2016-01-01;120138.72636891068;10906.977168109152;15.0;18.0;False;False;False;False;False;True;True;10.044430381276952
261;235;2016-02-01;140713.05670405886;10906.977168109152;15.0;18.0;False;False;False;False;False;True;True;12.181250227658523
261;235;2016-03-01;127813.30057492154;10906.977168109152;15.0;18.0;False;False;False;False;False;True;True;12.515167674172917
261;235;2016-04-01;136084.4880622541;10906.977168109152;15.0;18.0;False;False;False;False;False;True;True;15.29589403743588
261;235;2016-05-01;138139.5798581879;10906.977168109152;15.0;18.0;False;False;False;False;False;True;True;16.96185797726271
261;235;2016-06-01;148134.61973695335;10906.977168109152;15.0;18.0;False;False;False;False;False;True;True;19.401180382433072
261;235;2016-07-01;143138.06164482492;10906.977168109152;15.0;18.0;False;False;False;False;False;True;True;21.32305825008297
261;235;2016-08-01;123727.4422826428;10906.977168109152;15.0;18.0;False;False;False;False;False;True;True;20.742745780697103
261;235;2016-09-01;137358.2888154617;10906.977168109152;15.0;18.0;False;False;False;False;False;True;True;19.343314778472426
261;235;2016-10-01;127976.84736649072;10906.977168109152;15.0;18.0;False;False;False;False;False;True;True;15.324236311387889
261;235;2016-11-01;127742.89601296328;10906.977168109152;15.0;18.0;False;False;False;False;False;True;True;12.177426391472933
261;235;2016-12-01;124800.32608892128;10906.977168109152;15.0;18.0;False;False;False;False;False;True;True;9.090210333213026
261;235;2017-01-01;126847.2251023717;10906.977168109152;15.0;18.0;False;False;False;False;False;True;True;8.220158448422033
261;235;2017-02-01;134323.58046251495;10906.977168109152;15.0;18.0;False;False;False;False;False;True;True;11.089617159986588
262;237;2013-01-01;3160.477460689308;9084.382914053276;15.0;18.0;False;False;False;False;False;True;True;18.67923836297071
262;237;2013-02-01;3221.79410961596;9084.382914053276;15.0;18.0;False;False;False;False;False;True;True;17.943591401421234
262;237;2013-03-01;3251.6134415182505;9084.382914053276;15.0;18.0;False;False;False;False;False;True;True;17.44643151326696
262;237;2013-04-01;3413.608867390723;9084.382914053276;15.0;18.0;False;False;False;False;False;True;True;14.77075102592344
262;237;2013-05-01;3432.179598584913;9084.382914053276;15.0;18.0;False;False;False;False;False;True;True;11.437205108882877
262;237;2013-06-01;3594.301084968792;9084.382914053276;15.0;18.0;False;False;False;False;False;True;True;9.34033570701933
262;237;2013-07-01;3767.012210660884;9084.382914053276;15.0;18.0;False;False;False;False;False;True;True;9.28215510971985
262;237;2013-08-01;3881.604922209405;9084.382914053276;15.0;18.0;False;False;False;False;False;True;True;10.718845608782434
262;237;2013-09-01;3630.2772152937655;9084.382914053276;15.0;18.0;False;False;False;False;False;True;True;11.332531404826844
262;237;2013-10-01;3571.698012077048;9084.382914053276;15.0;18.0;False;False;False;False;False;True;True;13.491441487583788
262;237;2013-11-01;3525.159453169505;9084.382914053276;15.0;18.0;False;False;False;False;False;True;True;15.371231557821652
262;237;2013-12-01;3474.2168926388063;9084.382914053276;15.0;18.0;False;False;False;False;False;True;True;14.390944069096545
262;237;2014-01-01;3526.548642264723;9084.382914053276;15.0;18.0;False;False;False;False;False;True;True;11.1431840880552
262;237;2014-02-01;3620.39607509981;9084.382914053276;15.0;18.0;False;False;False;False;False;True;True;12.204535957921411
262;237;2014-03-01;3705.455246855317;9084.382914053276;15.0;18.0;False;False;False;False;False;True;True;13.182095292577824
262;237;2014-04-01;3859.9684453434174;9084.382914053276;15.0;18.0;False;False;False;False;False;True;True;15.084608638230538
262;237;2014-05-01;4154.446206736857;9084.382914053276;15.0;18.0;False;False;False;False;False;True;True;15.007417672450508
262;237;2014-06-01;4074.409999183114;9084.382914053276;15.0;18.0;False;False;False;False;False;True;True;17.60630221210198
262;237;2014-07-01;4102.573258430291;9084.382914053276;15.0;18.0;False;False;False;False;False;True;True;17.02814087022849
262;237;2014-08-01;4014.6460986039615;9084.382914053276;15.0;18.0;False;False;False;False;False;True;True;16.768820314896253
262;237;2014-09-01;3951.957359543211;9084.382914053276;15.0;18.0;False;False;False;False;False;True;True;16.227282433689336
262;237;2014-10-01;3887.918627880983;9084.382914053276;15.0;18.0;False;False;False;False;False;True;True;14.53081529820492
262;237;2014-11-01;3708.82476204924;9084.382914053276;15.0;18.0;False;False;False;False;False;True;True;12.603836181081192
262;237;2014-12-01;4001.166542149857;9084.382914053276;15.0;18.0;False;False;False;False;False;True;True;9.994714275622268
262;237;2015-01-01;4174.789061849913;9084.382914053276;15.0;18.0;False;False;False;False;False;True;True;9.817247733789548
262;237;2015-02-01;4093.99058469325;9084.382914053276;15.0;18.0;False;False;False;False;False;True;True;8.827408379093514
262;237;2015-03-01;4249.442097154326;9084.382914053276;15.0;18.0;False;False;False;False;False;True;True;12.60792026996771
262;237;2015-04-01;4315.594874299982;9084.382914053276;15.0;18.0;False;False;False;False;False;True;True;14.895697905434822
262;237;2015-05-01;4040.8548169806986;9084.382914053276;15.0;18.0;False;False;False;False;False;True;True;17.141654142366107
262;237;2015-06-01;4213.909912822348;9084.382914053276;15.0;18.0;False;False;False;False;False;True;True;19.39294481553273
262;237;2015-07-01;4516.64768572291;9084.382914053276;15.0;18.0;False;False;False;False;False;True;True;21.53785193429267
262;237;2015-08-01;4568.1358943644655;9084.382914053276;15.0;18.0;False;False;False;False;False;True;True;20.49907454866584
262;237;2015-09-01;4192.243696287486;9084.382914053276;15.0;18.0;False;False;False;False;False;True;True;17.621727802535418
262;237;2015-10-01;3892.270888973416;9084.382914053276;15.0;18.0;False;False;False;False;False;True;True;14.792289238072366
262;237;2015-11-01;3701.318485643754;9084.382914053276;15.0;18.0;False;False;False;False;False;True;True;12.474742852144688
262;237;2015-12-01;3593.6345472609883;9084.382914053276;15.0;18.0;False;False;False;False;False;True;True;10.585770904643011
262;237;2016-01-01;3551.903715260556;9084.382914053276;15.0;18.0;False;False;False;False;False;True;True;10.044430381276952
262;237;2016-02-01;3663.145461048732;9084.382914053276;15.0;18.0;False;False;False;False;False;True;True;12.181250227658523
262;237;2016-03-01;3683.91948702731;9084.382914053276;15.0;18.0;False;False;False;False;False;True;True;12.515167674172917
262;237;2016-04-01;3752.0463384264535;9084.382914053276;15.0;18.0;False;False;False;False;False;True;True;15.29589403743588
262;237;2016-05-01;3972.768252554837;9084.382914053276;15.0;18.0;False;False;False;False;False;True;True;16.96185797726271
262;237;2016-06-01;4099.6396589068345;9084.382914053276;15.0;18.0;False;False;False;False;False;True;True;19.401180382433072
262;237;2016-07-01;4115.893356377852;9084.382914053276;15.0;18.0;False;False;False;False;False;True;True;21.32305825008297
262;237;2016-08-01;4009.639908215586;9084.382914053276;15.0;18.0;False;False;False;False;False;True;True;20.742745780697103
262;237;2016-09-01;4000.523065414009;9084.382914053276;15.0;18.0;False;False;False;False;False;True;True;19.343314778472426
262;237;2016-10-01;3698.209926144796;9084.382914053276;15.0;18.0;False;False;False;False;False;True;True;15.324236311387889
262;237;2016-11-01;3630.2590227177616;9084.382914053276;15.0;18.0;False;False;False;False;False;True;True;12.177426391472933
262;237;2016-12-01;3502.0521254494583;9084.382914053276;15.0;18.0;False;False;False;False;False;True;True;9.090210333213026
262;237;2017-01-01;2953.373162993128;9084.382914053276;15.0;18.0;False;False;False;False;False;True;True;8.220158448422033
262;237;2017-02-01;2945.1726964310883;9084.382914053276;15.0;18.0;False;False;False;False;False;True;True;11.089617159986588
263;240;2016-02-01;58200.02636402756;475.3543389844708;15.0;18.0;False;False;False;False;False;True;True;12.181250227658523
263;240;2016-03-01;54434.96404811058;475.3543389844708;15.0;18.0;False;False;False;False;False;True;True;12.515167674172917
263;240;2016-04-01;36158.15303729624;475.3543389844708;15.0;18.0;False;False;False;False;False;True;True;15.29589403743588
263;240;2016-05-01;28614.039175756967;475.3543389844708;15.0;18.0;False;False;False;False;False;True;True;16.96185797726271
263;240;2016-06-01;19201.34641524142;475.3543389844708;15.0;18.0;False;False;False;False;False;True;True;19.401180382433072
263;240;2016-07-01;21431.540030618537;475.3543389844708;15.0;18.0;False;False;False;False;False;True;True;21.32305825008297
263;240;2016-08-01;33916.50787494578;475.3543389844708;15.0;18.0;False;False;False;False;False;True;True;20.742745780697103
263;240;2016-09-01;59523.559751297806;475.3543389844708;15.0;18.0;False;False;False;False;False;True;True;19.343314778472426
263;240;2016-10-01;69728.2268666668;475.3543389844708;15.0;18.0;False;False;False;False;False;True;True;15.324236311387889
263;240;2016-11-01;108810.62105761236;475.3543389844708;15.0;18.0;False;False;False;False;False;True;True;12.177426391472933
263;240;2016-12-01;111745.11609296231;475.3543389844708;15.0;18.0;False;False;False;False;False;True;True;9.090210333213026
263;240;2017-01-01;142376.0736269506;475.3543389844708;15.0;18.0;False;False;False;False;False;True;True;8.220158448422033
263;240;2017-02-01;99023.06384580872;475.3543389844708;15.0;18.0;False;False;False;False;False;True;True;11.089617159986588
264;240;2017-04-01;75682.72316402763;475.3543389844708;15.0;18.0;False;False;False;False;False;True;True;14.894739608181292
264;240;2017-05-01;66010.56047973677;475.3543389844708;15.0;18.0;False;False;False;False;False;True;True;17.435992917198842
264;240;2017-06-01;108822.60195812109;475.3543389844708;15.0;18.0;False;False;False;False;False;True;True;20.887620035041337
264;240;2017-07-01;80551.51320630992;475.3543389844708;15.0;18.0;False;False;False;False;False;True;True;21.37875162596229
265;241;2013-01-01;1182096.0304655975;23232.44866367255;15.0;18.0;False;False;False;False;False;False;False;18.67923836297071
265;241;2013-02-01;1168982.1309463775;23232.44866367255;15.0;18.0;False;False;False;False;False;False;False;17.943591401421234
265;241;2013-03-01;1073672.4730286852;23232.44866367255;15.0;18.0;False;False;False;False;False;False;False;17.44643151326696
265;241;2013-04-01;1005265.26214487;23232.44866367255;15.0;18.0;False;False;False;False;False;False;False;14.77075102592344
265;241;2013-05-01;953107.4197981656;23232.44866367255;15.0;18.0;False;False;False;False;False;False;False;11.437205108882877
265;241;2013-06-01;950469.6798370046;23232.44866367255;15.0;18.0;False;False;False;False;False;False;False;9.34033570701933
265;241;2013-07-01;1039160.2712353568;23232.44866367255;15.0;18.0;False;False;False;False;False;False;False;9.28215510971985
265;241;2013-08-01;970105.5139092158;23232.44866367255;15.0;18.0;False;False;False;False;False;False;False;10.718845608782434
265;241;2013-09-01;970794.5437955032;23232.44866367255;15.0;18.0;False;False;False;False;False;False;False;11.332531404826844
265;241;2013-10-01;986739.3631464576;23232.44866367255;15.0;18.0;False;False;False;False;False;False;False;13.491441487583788
265;241;2013-11-01;1050368.8954354883;23232.44866367255;15.0;18.0;False;False;False;False;False;False;False;15.371231557821652
265;241;2013-12-01;1134117.2754050328;23232.44866367255;15.0;18.0;False;False;False;False;False;False;False;14.390944069096545
266;241;2014-02-01;1347933.68613653;23232.44866367255;15.0;18.0;False;False;False;False;False;False;False;12.204535957921411
266;241;2014-03-01;979758.0030651336;23232.44866367255;15.0;18.0;False;False;False;False;False;False;False;13.182095292577824
266;241;2014-04-01;921770.2191548654;23232.44866367255;15.0;18.0;False;False;False;False;False;False;False;15.084608638230538
266;241;2014-05-01;877733.0139114521;23232.44866367255;15.0;18.0;False;False;False;False;False;False;False;15.007417672450508
267;241;2014-07-01;1003876.2172094348;23232.44866367255;15.0;18.0;False;False;False;False;False;False;False;17.02814087022849
267;241;2014-08-01;937687.7201402846;23232.44866367255;15.0;18.0;False;False;False;False;False;False;False;16.768820314896253
267;241;2014-09-01;1038387.2626698304;23232.44866367255;15.0;18.0;False;False;False;False;False;False;False;16.227282433689336
267;241;2014-10-01;1069938.9630721512;23232.44866367255;15.0;18.0;False;False;False;False;False;False;False;14.53081529820492
267;241;2014-11-01;1085524.2476123208;23232.44866367255;15.0;18.0;False;False;False;False;False;False;False;12.603836181081192
267;241;2014-12-01;1190412.9550842186;23232.44866367255;15.0;18.0;False;False;False;False;False;False;False;9.994714275622268
267;241;2015-01-01;1191141.4448318349;23232.44866367255;15.0;18.0;False;False;False;False;False;False;False;9.817247733789548
267;241;2015-02-01;1214047.677521024;23232.44866367255;15.0;18.0;False;False;False;False;False;False;False;8.827408379093514
267;241;2015-03-01;1118171.0551122555;23232.44866367255;15.0;18.0;False;False;False;False;False;False;False;12.60792026996771
267;241;2015-04-01;1049239.736326683;23232.44866367255;15.0;18.0;False;False;False;False;False;False;False;14.895697905434822
267;241;2015-05-01;962859.0645030644;23232.44866367255;15.0;18.0;False;False;False;False;False;False;False;17.141654142366107
267;241;2015-06-01;1026280.1677809716;23232.44866367255;15.0;18.0;False;False;False;False;False;False;False;19.39294481553273
267;241;2015-07-01;975434.991536515;23232.44866367255;15.0;18.0;False;False;False;False;False;False;False;21.53785193429267
268;241;2015-09-01;1002056.3270707006;23232.44866367255;15.0;18.0;False;False;False;False;False;False;False;17.621727802535418
268;241;2015-10-01;1061925.5758483703;23232.44866367255;15.0;18.0;False;False;False;False;False;False;False;14.792289238072366
268;241;2015-11-01;1149107.5863943668;23232.44866367255;15.0;18.0;False;False;False;False;False;False;False;12.474742852144688
268;241;2015-12-01;1255189.7322518306;23232.44866367255;15.0;18.0;False;False;False;False;False;False;False;10.585770904643011
269;243;2016-04-01;924495.7761863648;950.1602596488084;15.0;18.0;False;False;False;False;False;True;True;15.29589403743588
269;243;2016-05-01;961403.3708034122;950.1602596488084;15.0;18.0;False;False;False;False;False;True;True;16.96185797726271
269;243;2016-06-01;1040871.2332569632;950.1602596488084;15.0;18.0;False;False;False;False;False;True;True;19.401180382433072
269;243;2016-07-01;1129642.2823198258;950.1602596488084;15.0;18.0;False;False;False;False;False;True;True;21.32305825008297
269;243;2016-08-01;1085922.7429153714;950.1602596488084;15.0;18.0;False;False;False;False;False;True;True;20.742745780697103
269;243;2016-09-01;975234.0632128934;950.1602596488084;15.0;18.0;False;False;False;False;False;True;True;19.343314778472426
269;243;2016-10-01;927284.1671892076;950.1602596488084;15.0;18.0;False;False;False;False;False;True;True;15.324236311387889
269;243;2016-11-01;996574.116453191;950.1602596488084;15.0;18.0;False;False;False;False;False;True;True;12.177426391472933
269;243;2016-12-01;960156.0028166734;950.1602596488084;15.0;18.0;False;False;False;False;False;True;True;9.090210333213026
269;243;2017-01-01;921959.8271504096;950.1602596488084;15.0;18.0;False;False;False;False;False;True;True;8.220158448422033
269;243;2017-02-01;921660.011898984;950.1602596488084;15.0;18.0;False;False;False;False;False;True;True;11.089617159986588
269;243;2017-03-01;919179.0561387336;950.1602596488084;15.0;18.0;False;False;False;False;False;True;True;13.587104379909494
269;243;2017-04-01;936804.2075459734;950.1602596488084;15.0;18.0;False;False;False;False;False;True;True;14.894739608181292
270;243;2017-06-01;1141364.4742386518;950.1602596488084;15.0;18.0;False;False;False;False;False;True;True;20.887620035041337
270;243;2017-07-01;1146330.9952150858;950.1602596488084;15.0;18.0;False;False;False;False;False;True;True;21.37875162596229
270;243;2017-08-01;1171111.5612623445;950.1602596488084;15.0;18.0;False;False;False;False;False;True;True;22.11828355029739
270;243;2017-09-01;1031426.4800298124;950.1602596488084;15.0;18.0;False;False;False;False;False;True;True;18.007116473367873
271;244;2016-04-01;995133.5097575842;757.9928196372929;15.0;18.0;False;False;False;False;False;True;True;15.29589403743588
271;244;2016-05-01;970743.2604758368;757.9928196372929;15.0;18.0;False;False;False;False;False;True;True;16.96185797726271
271;244;2016-06-01;1018721.8801245906;757.9928196372929;15.0;18.0;False;False;False;False;False;True;True;19.401180382433072
271;244;2016-07-01;1138552.009369096;757.9928196372929;15.0;18.0;False;False;False;False;False;True;True;21.32305825008297
271;244;2016-08-01;1075015.2191453413;757.9928196372929;15.0;18.0;False;False;False;False;False;True;True;20.742745780697103
271;244;2016-09-01;991553.7608194824;757.9928196372929;15.0;18.0;False;False;False;False;False;True;True;19.343314778472426
271;244;2016-10-01;944031.22496926;757.9928196372929;15.0;18.0;False;False;False;False;False;True;True;15.324236311387889
271;244;2016-11-01;894850.1808873155;757.9928196372929;15.0;18.0;False;False;False;False;False;True;True;12.177426391472933
271;244;2016-12-01;763508.8557404566;757.9928196372929;15.0;18.0;False;False;False;False;False;True;True;9.090210333213026
271;244;2017-01-01;741320.8933699555;757.9928196372929;15.0;18.0;False;False;False;False;False;True;True;8.220158448422033
271;244;2017-02-01;781829.3394075822;757.9928196372929;15.0;18.0;False;False;False;False;False;True;True;11.089617159986588
271;244;2017-03-01;782558.0238676065;757.9928196372929;15.0;18.0;False;False;False;False;False;True;True;13.587104379909494
271;244;2017-04-01;808389.2355722445;757.9928196372929;15.0;18.0;False;False;False;False;False;True;True;14.894739608181292
272;245;2016-05-01;407462.4001956248;883.2005997168599;15.0;18.0;False;False;False;False;False;True;True;16.96185797726271
272;245;2016-06-01;458167.9452630327;883.2005997168599;15.0;18.0;False;False;False;False;False;True;True;19.401180382433072
272;245;2016-07-01;499942.3295287642;883.2005997168599;15.0;18.0;False;False;False;False;False;True;True;21.32305825008297
272;245;2016-08-01;306275.8696757753;883.2005997168599;15.0;18.0;False;False;False;False;False;True;True;20.742745780697103
272;245;2016-09-01;457444.1704725879;883.2005997168599;15.0;18.0;False;False;False;False;False;True;True;19.343314778472426
272;245;2016-10-01;254015.6164246208;883.2005997168599;15.0;18.0;False;False;False;False;False;True;True;15.324236311387889
272;245;2016-11-01;258613.45147938488;883.2005997168599;15.0;18.0;False;False;False;False;False;True;True;12.177426391472933
272;245;2016-12-01;317329.884243398;883.2005997168599;15.0;18.0;False;False;False;False;False;True;True;9.090210333213026
272;245;2017-01-01;465298.114563431;883.2005997168599;15.0;18.0;False;False;False;False;False;True;True;8.220158448422033
272;245;2017-02-01;439875.41354596615;883.2005997168599;15.0;18.0;False;False;False;False;False;True;True;11.089617159986588
272;245;2017-03-01;362538.648613603;883.2005997168599;15.0;18.0;False;False;False;False;False;True;True;13.587104379909494
272;245;2017-04-01;203797.0343286298;883.2005997168599;15.0;18.0;False;False;False;False;False;True;True;14.894739608181292
273;245;2017-06-01;661175.6099874645;883.2005997168599;15.0;18.0;False;False;False;False;False;True;True;20.887620035041337
273;245;2017-07-01;488476.0281482364;883.2005997168599;15.0;18.0;False;False;False;False;False;True;True;21.37875162596229
273;245;2017-08-01;294740.94140180445;883.2005997168599;15.0;18.0;False;False;False;False;False;True;True;22.11828355029739
273;245;2017-09-01;429255.89296197344;883.2005997168599;15.0;18.0;False;False;False;False;False;True;True;18.007116473367873
274;247;2016-05-01;39392.797631670335;1233.317803192767;15.0;18.0;False;False;False;False;False;True;True;16.96185797726271
274;247;2016-06-01;43790.12825742228;1233.317803192767;15.0;18.0;False;False;False;False;False;True;True;19.401180382433072
274;247;2016-07-01;54828.62498173176;1233.317803192767;15.0;18.0;False;False;False;False;False;True;True;21.32305825008297
274;247;2016-08-01;52703.46511603864;1233.317803192767;15.0;18.0;False;False;False;False;False;True;True;20.742745780697103
274;247;2016-09-01;43260.94822651152;1233.317803192767;15.0;18.0;False;False;False;False;False;True;True;19.343314778472426
274;247;2016-10-01;39235.50433524068;1233.317803192767;15.0;18.0;False;False;False;False;False;True;True;15.324236311387889
274;247;2016-11-01;37523.76995627499;1233.317803192767;15.0;18.0;False;False;False;False;False;True;True;12.177426391472933
274;247;2016-12-01;45305.62600672198;1233.317803192767;15.0;18.0;False;False;False;False;False;True;True;9.090210333213026
274;247;2017-01-01;43614.2837107254;1233.317803192767;15.0;18.0;False;False;False;False;False;True;True;8.220158448422033
274;247;2017-02-01;44442.26285633886;1233.317803192767;15.0;18.0;False;False;False;False;False;True;True;11.089617159986588
274;247;2017-03-01;40458.29718572574;1233.317803192767;15.0;18.0;False;False;False;False;False;True;True;13.587104379909494
274;247;2017-04-01;37155.76521517584;1233.317803192767;15.0;18.0;False;False;False;False;False;True;True;14.894739608181292
274;247;2017-05-01;43504.06405815659;1233.317803192767;15.0;18.0;False;False;False;False;False;True;True;17.435992917198842
274;247;2017-06-01;57112.08127671172;1233.317803192767;15.0;18.0;False;False;False;False;False;True;True;20.887620035041337
274;247;2017-07-01;58032.80901213915;1233.317803192767;15.0;18.0;False;False;False;False;False;True;True;21.37875162596229
274;247;2017-08-01;58663.83147960093;1233.317803192767;15.0;18.0;False;False;False;False;False;True;True;22.11828355029739
274;247;2017-09-01;45056.43997746435;1233.317803192767;15.0;18.0;False;False;False;False;False;True;True;18.007116473367873
274;247;2017-10-01;39435.23075909756;1233.317803192767;15.0;18.0;False;False;False;False;False;True;True;15.89606581655819
274;247;2017-11-01;41819.27314643848;1233.317803192767;15.0;18.0;False;False;False;False;False;True;True;11.848114658126905
274;247;2017-12-01;45687.36015393906;1233.317803192767;15.0;18.0;False;False;False;False;False;True;True;9.422809333059602
275;248;2016-05-01;769659.9083954672;708.9697652652394;15.0;18.0;False;False;False;False;False;True;True;16.96185797726271
275;248;2016-06-01;889485.1036267593;708.9697652652394;15.0;18.0;False;False;False;False;False;True;True;19.401180382433072
275;248;2016-07-01;1041821.5852154484;708.9697652652394;15.0;18.0;False;False;False;False;False;True;True;21.32305825008297
275;248;2016-08-01;981241.1533684292;708.9697652652394;15.0;18.0;False;False;False;False;False;True;True;20.742745780697103
275;248;2016-09-01;815120.2207290542;708.9697652652394;15.0;18.0;False;False;False;False;False;True;True;19.343314778472426
275;248;2016-10-01;691842.3316945913;708.9697652652394;15.0;18.0;False;False;False;False;False;True;True;15.324236311387889
275;248;2016-11-01;727780.0495341527;708.9697652652394;15.0;18.0;False;False;False;False;False;True;True;12.177426391472933
275;248;2016-12-01;815284.1363147952;708.9697652652394;15.0;18.0;False;False;False;False;False;True;True;9.090210333213026
275;248;2017-01-01;821723.2749505903;708.9697652652394;15.0;18.0;False;False;False;False;False;True;True;8.220158448422033
275;248;2017-02-01;762905.6411948365;708.9697652652394;15.0;18.0;False;False;False;False;False;True;True;11.089617159986588
275;248;2017-03-01;583857.078317052;708.9697652652394;15.0;18.0;False;False;False;False;False;True;True;13.587104379909494
275;248;2017-04-01;709454.6074162658;708.9697652652394;15.0;18.0;False;False;False;False;False;True;True;14.894739608181292
275;248;2017-05-01;768308.8254566522;708.9697652652394;15.0;18.0;False;False;False;False;False;True;True;17.435992917198842
276;248;2017-07-01;1097602.0566000591;708.9697652652394;15.0;18.0;False;False;False;False;False;True;True;21.37875162596229
276;248;2017-08-01;1123737.996770372;708.9697652652394;15.0;18.0;False;False;False;False;False;True;True;22.11828355029739
276;248;2017-09-01;899299.1226605704;708.9697652652394;15.0;18.0;False;False;False;False;False;True;True;18.007116473367873
276;248;2017-10-01;799369.6128405946;708.9697652652394;15.0;18.0;False;False;False;False;False;True;True;15.89606581655819
277;249;2016-05-01;793937.2393527873;4879.621805681381;15.0;18.0;False;False;False;False;False;True;True;16.96185797726271
277;249;2016-06-01;803985.5553744533;4879.621805681381;15.0;18.0;False;False;False;False;False;True;True;19.401180382433072
277;249;2016-07-01;836624.2583573075;4879.621805681381;15.0;18.0;False;False;False;False;False;True;True;21.32305825008297
277;249;2016-08-01;850429.2331360967;4879.621805681381;15.0;18.0;False;False;False;False;False;True;True;20.742745780697103
277;249;2016-09-01;862532.6070175638;4879.621805681381;15.0;18.0;False;False;False;False;False;True;True;19.343314778472426
277;249;2016-10-01;865038.8732913586;4879.621805681381;15.0;18.0;False;False;False;False;False;True;True;15.324236311387889
277;249;2016-11-01;870115.7636540205;4879.621805681381;15.0;18.0;False;False;False;False;False;True;True;12.177426391472933
277;249;2016-12-01;830700.6465624325;4879.621805681381;15.0;18.0;False;False;False;False;False;True;True;9.090210333213026
277;249;2017-01-01;857768.2542905771;4879.621805681381;15.0;18.0;False;False;False;False;False;True;True;8.220158448422033
277;249;2017-02-01;850898.1877780644;4879.621805681381;15.0;18.0;False;False;False;False;False;True;True;11.089617159986588
277;249;2017-03-01;837008.4192639806;4879.621805681381;15.0;18.0;False;False;False;False;False;True;True;13.587104379909494
277;249;2017-04-01;790039.7227625293;4879.621805681381;15.0;18.0;False;False;False;False;False;True;True;14.894739608181292
277;249;2017-05-01;796882.5041123906;4879.621805681381;15.0;18.0;False;False;False;False;False;True;True;17.435992917198842
278;249;2017-07-01;855608.6708762362;4879.621805681381;15.0;18.0;False;False;False;False;False;True;True;21.37875162596229
278;249;2017-08-01;811216.1025944923;4879.621805681381;15.0;18.0;False;False;False;False;False;True;True;22.11828355029739
278;249;2017-09-01;839493.9296264689;4879.621805681381;15.0;18.0;False;False;False;False;False;True;True;18.007116473367873
278;249;2017-10-01;838201.0478044039;4879.621805681381;15.0;18.0;False;False;False;False;False;True;True;15.89606581655819
279;250;2014-01-01;28147.357279497337;1448.4559915727004;15.0;18.0;False;False;False;False;False;True;True;11.1431840880552
279;250;2014-02-01;54029.623386106;1448.4559915727004;15.0;18.0;False;False;False;False;False;True;True;12.204535957921411
279;250;2014-03-01;44867.84530756138;1448.4559915727004;15.0;18.0;False;False;False;False;False;True;True;13.182095292577824
279;250;2014-04-01;36519.051841927554;1448.4559915727004;15.0;18.0;False;False;False;False;False;True;True;15.084608638230538
279;250;2014-05-01;36519.051841927554;1448.4559915727004;15.0;18.0;False;False;False;False;False;True;True;15.007417672450508
279;250;2014-06-01;36519.051841927554;1448.4559915727004;15.0;18.0;False;False;False;False;False;True;True;17.60630221210198
279;250;2014-07-01;36519.051841927554;1448.4559915727004;15.0;18.0;False;False;False;False;False;True;True;17.02814087022849
279;250;2014-08-01;36519.051841927554;1448.4559915727004;15.0;18.0;False;False;False;False;False;True;True;16.768820314896253
279;250;2014-09-01;36519.051841927554;1448.4559915727004;15.0;18.0;False;False;False;False;False;True;True;16.227282433689336
279;250;2014-10-01;36519.051841927554;1448.4559915727004;15.0;18.0;False;False;False;False;False;True;True;14.53081529820492
279;250;2014-11-01;36519.051841927554;1448.4559915727004;15.0;18.0;False;False;False;False;False;True;True;12.603836181081192
279;250;2014-12-01;26040.919893975333;1448.4559915727004;15.0;18.0;False;False;False;False;False;True;True;9.994714275622268
279;250;2015-01-01;18551.365163769733;1448.4559915727004;15.0;18.0;False;False;False;False;False;True;True;9.817247733789548
279;250;2015-02-01;23559.52468221343;1448.4559915727004;15.0;18.0;False;False;False;False;False;True;True;8.827408379093514
279;250;2015-03-01;23865.665992225386;1448.4559915727004;15.0;18.0;False;False;False;False;False;True;True;12.60792026996771
279;250;2015-04-01;21374.13274694336;1448.4559915727004;15.0;18.0;False;False;False;False;False;True;True;14.895697905434822
279;250;2015-05-01;19133.994625106112;1448.4559915727004;15.0;18.0;False;False;False;False;False;True;True;17.141654142366107
279;250;2015-06-01;21136.251146041777;1448.4559915727004;15.0;18.0;False;False;False;False;False;True;True;19.39294481553273
279;250;2015-07-01;24531.313801093795;1448.4559915727004;15.0;18.0;False;False;False;False;False;True;True;21.53785193429267
279;250;2015-08-01;12592.322911087029;1448.4559915727004;15.0;18.0;False;False;False;False;False;True;True;20.49907454866584
279;250;2015-09-01;5273.863132504938;1448.4559915727004;15.0;18.0;False;False;False;False;False;True;True;17.621727802535418
279;250;2015-10-01;21097.31197300989;1448.4559915727004;15.0;18.0;False;False;False;False;False;True;True;14.792289238072366
279;250;2015-11-01;29546.58628905776;1448.4559915727004;15.0;18.0;False;False;False;False;False;True;True;12.474742852144688
279;250;2015-12-01;36528.01775827525;1448.4559915727004;15.0;18.0;False;False;False;False;False;True;True;10.585770904643011
279;250;2016-01-01;13557.052685809163;1448.4559915727004;15.0;18.0;False;False;False;False;False;True;True;10.044430381276952
279;250;2016-02-01;15386.023659388366;1448.4559915727004;15.0;18.0;False;False;False;False;False;True;True;12.181250227658523
279;250;2016-03-01;15386.318235002198;1448.4559915727004;15.0;18.0;False;False;False;False;False;True;True;12.515167674172917
279;250;2016-04-01;18339.83298838365;1448.4559915727004;15.0;18.0;False;False;False;False;False;True;True;15.29589403743588
279;250;2016-05-01;22997.95845921875;1448.4559915727004;15.0;18.0;False;False;False;False;False;True;True;16.96185797726271
279;250;2016-06-01;20596.79166605142;1448.4559915727004;15.0;18.0;False;False;False;False;False;True;True;19.401180382433072
279;250;2016-07-01;3890031.892733209;1448.4559915727004;15.0;18.0;False;False;False;False;False;True;True;21.32305825008297
279;250;2016-08-01;14373.853267629333;1448.4559915727004;15.0;18.0;False;False;False;False;False;True;True;20.742745780697103
279;250;2016-09-01;18737.747697209343;1448.4559915727004;15.0;18.0;False;False;False;False;False;True;True;19.343314778472426
279;250;2016-10-01;14697.521063751126;1448.4559915727004;15.0;18.0;False;False;False;False;False;True;True;15.324236311387889
279;250;2016-11-01;14889.465426351251;1448.4559915727004;15.0;18.0;False;False;False;False;False;True;True;12.177426391472933
279;250;2016-12-01;10182.063376490762;1448.4559915727004;15.0;18.0;False;False;False;False;False;True;True;9.090210333213026
279;250;2017-01-01;15420.462514906589;1448.4559915727004;15.0;18.0;False;False;False;False;False;True;True;8.220158448422033
279;250;2017-02-01;13885.629145585415;1448.4559915727004;15.0;18.0;False;False;False;False;False;True;True;11.089617159986588
279;250;2017-03-01;26055.136462998133;1448.4559915727004;15.0;18.0;False;False;False;False;False;True;True;13.587104379909494
279;250;2017-04-01;25765.252124456787;1448.4559915727004;15.0;18.0;False;False;False;False;False;True;True;14.894739608181292
279;250;2017-05-01;12145.1143830006;1448.4559915727004;15.0;18.0;False;False;False;False;False;True;True;17.435992917198842
279;250;2017-06-01;5305.998767490251;1448.4559915727004;15.0;18.0;False;False;False;False;False;True;True;20.887620035041337
279;250;2017-07-01;4822.397669036161;1448.4559915727004;15.0;18.0;False;False;False;False;False;True;True;21.37875162596229
279;250;2017-08-01;4852.4023823498;1448.4559915727004;15.0;18.0;False;False;False;False;False;True;True;22.11828355029739
279;250;2017-09-01;4316.191932602137;1448.4559915727004;15.0;18.0;False;False;False;False;False;True;True;18.007116473367873
280;252;2016-06-01;6143.033711009492;1372.6977925375106;15.0;18.0;False;False;False;False;False;True;True;19.401180382433072
280;252;2016-07-01;6939.77009523103;1372.6977925375106;15.0;18.0;False;False;False;False;False;True;True;21.32305825008297
280;252;2016-08-01;6838.821858945856;1372.6977925375106;15.0;18.0;False;False;False;False;False;True;True;20.742745780697103
280;252;2016-09-01;5924.723463152598;1372.6977925375106;15.0;18.0;False;False;False;False;False;True;True;19.343314778472426
280;252;2016-10-01;5200.847707842434;1372.6977925375106;15.0;18.0;False;False;False;False;False;True;True;15.324236311387889
280;252;2016-11-01;4983.5346725112;1372.6977925375106;15.0;18.0;False;False;False;False;False;True;True;12.177426391472933
280;252;2016-12-01;3957.514350128558;1372.6977925375106;15.0;18.0;False;False;False;False;False;True;True;9.090210333213026
280;252;2017-01-01;3521.9741982260166;1372.6977925375106;15.0;18.0;False;False;False;False;False;True;True;8.220158448422033
280;252;2017-02-01;4459.156643216661;1372.6977925375106;15.0;18.0;False;False;False;False;False;True;True;11.089617159986588
280;252;2017-03-01;3933.20717660114;1372.6977925375106;15.0;18.0;False;False;False;False;False;True;True;13.587104379909494
280;252;2017-04-01;3950.634552355101;1372.6977925375106;15.0;18.0;False;False;False;False;False;True;True;14.894739608181292
280;252;2017-05-01;4951.602599729854;1372.6977925375106;15.0;18.0;False;False;False;False;False;True;True;17.435992917198842
280;252;2017-06-01;6283.133185231985;1372.6977925375106;15.0;18.0;False;False;False;False;False;True;True;20.887620035041337
280;252;2017-07-01;6628.698131926;1372.6977925375106;15.0;18.0;False;False;False;False;False;True;True;21.37875162596229
280;252;2017-08-01;6649.08414805878;1372.6977925375106;15.0;18.0;False;False;False;False;False;True;True;22.11828355029739
280;252;2017-09-01;5470.175701210135;1372.6977925375106;15.0;18.0;False;False;False;False;False;True;True;18.007116473367873
280;252;2017-10-01;4560.06411522455;1372.6977925375106;15.0;18.0;False;False;False;False;False;True;True;15.89606581655819
280;252;2017-11-01;3898.043140193367;1372.6977925375106;15.0;18.0;False;False;False;False;False;True;True;11.848114658126905
281;253;2016-06-01;894270.1570389695;548.9707456724718;15.0;18.0;False;False;False;False;False;True;True;19.401180382433072
281;253;2016-07-01;793878.0489915251;548.9707456724718;15.0;18.0;False;False;False;False;False;True;True;21.32305825008297
281;253;2016-08-01;756645.7783354903;548.9707456724718;15.0;18.0;False;False;False;False;False;True;True;20.742745780697103
281;253;2016-09-01;648780.8918700584;548.9707456724718;15.0;18.0;False;False;False;False;False;True;True;19.343314778472426
281;253;2016-10-01;562947.6202805837;548.9707456724718;15.0;18.0;False;False;False;False;False;True;True;15.324236311387889
281;253;2016-11-01;541797.2726851093;548.9707456724718;15.0;18.0;False;False;False;False;False;True;True;12.177426391472933
281;253;2016-12-01;460307.0897584386;548.9707456724718;15.0;18.0;False;False;False;False;False;True;True;9.090210333213026
281;253;2017-01-01;405647.6861043972;548.9707456724718;15.0;18.0;False;False;False;False;False;True;True;8.220158448422033
281;253;2017-02-01;450756.3076801124;548.9707456724718;15.0;18.0;False;False;False;False;False;True;True;11.089617159986588
281;253;2017-03-01;438828.4831144877;548.9707456724718;15.0;18.0;False;False;False;False;False;True;True;13.587104379909494
281;253;2017-04-01;456607.7528350636;548.9707456724718;15.0;18.0;False;False;False;False;False;True;True;14.894739608181292
281;253;2017-05-01;522045.7289100338;548.9707456724718;15.0;18.0;False;False;False;False;False;True;True;17.435992917198842
281;253;2017-06-01;590296.6486124727;548.9707456724718;15.0;18.0;False;False;False;False;False;True;True;20.887620035041337
282;254;2016-06-01;24187.28893133769;487.12467790744273;15.0;18.0;False;False;False;False;False;True;True;19.401180382433072
282;254;2016-07-01;26248.88896647368;487.12467790744273;15.0;18.0;False;False;False;False;False;True;True;21.32305825008297
282;254;2016-08-01;25137.83322869221;487.12467790744273;15.0;18.0;False;False;False;False;False;True;True;20.742745780697103
282;254;2016-09-01;21705.566762523307;487.12467790744273;15.0;18.0;False;False;False;False;False;True;True;19.343314778472426
282;254;2016-10-01;19258.43177596665;487.12467790744273;15.0;18.0;False;False;False;False;False;True;True;15.324236311387889
282;254;2016-11-01;16710.515353960767;487.12467790744273;15.0;18.0;False;False;False;False;False;True;True;12.177426391472933
282;254;2016-12-01;11424.682297837951;487.12467790744273;15.0;18.0;False;False;False;False;False;True;True;9.090210333213026
282;254;2017-01-01;11663.180987876707;487.12467790744273;15.0;18.0;False;False;False;False;False;True;True;8.220158448422033
282;254;2017-02-01;13686.853987178698;487.12467790744273;15.0;18.0;False;False;False;False;False;True;True;11.089617159986588
282;254;2017-03-01;11437.716070958251;487.12467790744273;15.0;18.0;False;False;False;False;False;True;True;13.587104379909494
282;254;2017-04-01;13212.176637348672;487.12467790744273;15.0;18.0;False;False;False;False;False;True;True;14.894739608181292
282;254;2017-05-01;12462.100381165184;487.12467790744273;15.0;18.0;False;False;False;False;False;True;True;17.435992917198842
282;254;2017-06-01;13517.529966570588;487.12467790744273;15.0;18.0;False;False;False;False;False;True;True;20.887620035041337
282;254;2017-07-01;15059.71959201422;487.12467790744273;15.0;18.0;False;False;False;False;False;True;True;21.37875162596229
282;254;2017-08-01;16304.006581985275;487.12467790744273;15.0;18.0;False;False;False;False;False;True;True;22.11828355029739
282;254;2017-09-01;13157.197283595928;487.12467790744273;15.0;18.0;False;False;False;False;False;True;True;18.007116473367873
282;254;2017-10-01;10670.01720845449;487.12467790744273;15.0;18.0;False;False;False;False;False;True;True;15.89606581655819
283;255;2016-06-01;3057.7155039627664;212.8016547812149;15.0;18.0;False;False;False;False;False;True;True;19.401180382433072
283;255;2016-07-01;3345.867565876029;212.8016547812149;15.0;18.0;False;False;False;False;False;True;True;21.32305825008297
283;255;2016-08-01;3359.3110051926383;212.8016547812149;15.0;18.0;False;False;False;False;False;True;True;20.742745780697103
283;255;2016-09-01;3018.297566582744;212.8016547812149;15.0;18.0;False;False;False;False;False;True;True;19.343314778472426
283;255;2016-10-01;3035.4903791091297;212.8016547812149;15.0;18.0;False;False;False;False;False;True;True;15.324236311387889
283;255;2016-11-01;2963.4097686827763;212.8016547812149;15.0;18.0;False;False;False;False;False;True;True;12.177426391472933
283;255;2016-12-01;2837.703566257512;212.8016547812149;15.0;18.0;False;False;False;False;False;True;True;9.090210333213026
283;255;2017-01-01;2503.8816649419714;212.8016547812149;15.0;18.0;False;False;False;False;False;True;True;8.220158448422033
283;255;2017-02-01;2639.254570572313;212.8016547812149;15.0;18.0;False;False;False;False;False;True;True;11.089617159986588
283;255;2017-03-01;2477.386346150473;212.8016547812149;15.0;18.0;False;False;False;False;False;True;True;13.587104379909494
283;255;2017-04-01;2479.376203120444;212.8016547812149;15.0;18.0;False;False;False;False;False;True;True;14.894739608181292
283;255;2017-05-01;2532.995223660648;212.8016547812149;15.0;18.0;False;False;False;False;False;True;True;17.435992917198842
283;255;2017-06-01;3120.1587927905075;212.8016547812149;15.0;18.0;False;False;False;False;False;True;True;20.887620035041337
283;255;2017-07-01;3406.507724684216;212.8016547812149;15.0;18.0;False;False;False;False;False;True;True;21.37875162596229
283;255;2017-08-01;3314.9074702783405;212.8016547812149;15.0;18.0;False;False;False;False;False;True;True;22.11828355029739
283;255;2017-09-01;2699.640999340852;212.8016547812149;15.0;18.0;False;False;False;False;False;True;True;18.007116473367873
283;255;2017-10-01;2440.605557157325;212.8016547812149;15.0;18.0;False;False;False;False;False;True;True;15.89606581655819
283;255;2017-11-01;2492.622780682255;212.8016547812149;15.0;18.0;False;False;False;False;False;True;True;11.848114658126905
284;256;2016-06-01;536574.8386959154;688.0992899797858;15.0;18.0;False;False;False;False;False;True;True;19.401180382433072
284;256;2016-07-01;565075.0807441152;688.0992899797858;15.0;18.0;False;False;False;False;False;True;True;21.32305825008297
284;256;2016-08-01;539428.6481419432;688.0992899797858;15.0;18.0;False;False;False;False;False;True;True;20.742745780697103
284;256;2016-09-01;509409.8191031841;688.0992899797858;15.0;18.0;False;False;False;False;False;True;True;19.343314778472426
284;256;2016-10-01;502073.1968793148;688.0992899797858;15.0;18.0;False;False;False;False;False;True;True;15.324236311387889
284;256;2016-11-01;500598.3348333087;688.0992899797858;15.0;18.0;False;False;False;False;False;True;True;12.177426391472933
284;256;2016-12-01;517363.6163032543;688.0992899797858;15.0;18.0;False;False;False;False;False;True;True;9.090210333213026
284;256;2017-01-01;598060.245901683;688.0992899797858;15.0;18.0;False;False;False;False;False;True;True;8.220158448422033
284;256;2017-02-01;560691.8468823431;688.0992899797858;15.0;18.0;False;False;False;False;False;True;True;11.089617159986588
284;256;2017-03-01;537545.9699956104;688.0992899797858;15.0;18.0;False;False;False;False;False;True;True;13.587104379909494
284;256;2017-04-01;522215.9796246872;688.0992899797858;15.0;18.0;False;False;False;False;False;True;True;14.894739608181292
284;256;2017-05-01;549677.6700191414;688.0992899797858;15.0;18.0;False;False;False;False;False;True;True;17.435992917198842
284;256;2017-06-01;556497.5274197814;688.0992899797858;15.0;18.0;False;False;False;False;False;True;True;20.887620035041337
285;259;2014-07-01;8726.882699828446;22445.64030168811;30.0;18.0;False;False;False;False;False;True;True;17.02814087022849
285;259;2014-08-01;5763.677356424068;22445.64030168811;30.0;18.0;False;False;False;False;False;True;True;16.768820314896253
285;259;2014-09-01;6355.851034418914;22445.64030168811;30.0;18.0;False;False;False;False;False;True;True;16.227282433689336
285;259;2014-10-01;3528.4639918003973;22445.64030168811;30.0;18.0;False;False;False;False;False;True;True;14.53081529820492
285;259;2014-11-01;3392.3671439072978;22445.64030168811;30.0;18.0;False;False;False;False;False;True;True;12.603836181081192
285;259;2014-12-01;3660.6306531685314;22445.64030168811;30.0;18.0;False;False;False;False;False;True;True;9.994714275622268
285;259;2015-01-01;8527.168444863979;22445.64030168811;30.0;18.0;False;False;False;False;False;True;True;9.817247733789548
285;259;2015-02-01;8964.758599610625;22445.64030168811;30.0;18.0;False;False;False;False;False;True;True;8.827408379093514
285;259;2015-03-01;9719.422012340998;22445.64030168811;30.0;18.0;False;False;False;False;False;True;True;12.60792026996771
285;259;2015-04-01;8037.961665777661;22445.64030168811;30.0;18.0;False;False;False;False;False;True;True;14.895697905434822
285;259;2015-05-01;8371.471445350657;22445.64030168811;30.0;18.0;False;False;False;False;False;True;True;17.141654142366107
285;259;2015-06-01;10107.994258071289;22445.64030168811;30.0;18.0;False;False;False;False;False;True;True;19.39294481553273
285;259;2015-07-01;11172.401286727;22445.64030168811;30.0;18.0;False;False;False;False;False;True;True;21.53785193429267
285;259;2015-08-01;17606.31250262156;22445.64030168811;30.0;18.0;False;False;False;False;False;True;True;20.49907454866584
285;259;2015-09-01;19194.786573116537;22445.64030168811;30.0;18.0;False;False;False;False;False;True;True;17.621727802535418
285;259;2015-10-01;15389.499990358854;22445.64030168811;30.0;18.0;False;False;False;False;False;True;True;14.792289238072366
285;259;2015-11-01;14689.23907472907;22445.64030168811;30.0;18.0;False;False;False;False;False;True;True;12.474742852144688
285;259;2015-12-01;16818.430597816758;22445.64030168811;30.0;18.0;False;False;False;False;False;True;True;10.585770904643011
285;259;2016-01-01;20744.52820233723;22445.64030168811;30.0;18.0;False;False;False;False;False;True;True;10.044430381276952
285;259;2016-02-01;21108.69042058352;22445.64030168811;30.0;18.0;False;False;False;False;False;True;True;12.181250227658523
285;259;2016-03-01;19677.168872865423;22445.64030168811;30.0;18.0;False;False;False;False;False;True;True;12.515167674172917
285;259;2016-04-01;18545.80322093965;22445.64030168811;30.0;18.0;False;False;False;False;False;True;True;15.29589403743588
285;259;2016-05-01;19783.78385233508;22445.64030168811;30.0;18.0;False;False;False;False;False;True;True;16.96185797726271
285;259;2016-06-01;23649.98780367356;22445.64030168811;30.0;18.0;False;False;False;False;False;True;True;19.401180382433072
285;259;2016-07-01;23688.17898714268;22445.64030168811;30.0;18.0;False;False;False;False;False;True;True;21.32305825008297
285;259;2016-08-01;20372.62031305897;22445.64030168811;30.0;18.0;False;False;False;False;False;True;True;20.742745780697103
285;259;2016-09-01;20304.501184296903;22445.64030168811;30.0;18.0;False;False;False;False;False;True;True;19.343314778472426
285;259;2016-10-01;17965.895553524257;22445.64030168811;30.0;18.0;False;False;False;False;False;True;True;15.324236311387889
285;259;2016-11-01;19222.59234342736;22445.64030168811;30.0;18.0;False;False;False;False;False;True;True;12.177426391472933
285;259;2016-12-01;18186.498724346453;22445.64030168811;30.0;18.0;False;False;False;False;False;True;True;9.090210333213026
285;259;2017-01-01;20932.318324469463;22445.64030168811;30.0;18.0;False;False;False;False;False;True;True;8.220158448422033
285;259;2017-02-01;21929.157081552497;22445.64030168811;30.0;18.0;False;False;False;False;False;True;True;11.089617159986588
285;259;2017-03-01;19926.72429505399;22445.64030168811;30.0;18.0;False;False;False;False;False;True;True;13.587104379909494
285;259;2017-04-01;17270.38999976071;22445.64030168811;30.0;18.0;False;False;False;False;False;True;True;14.894739608181292
285;259;2017-05-01;20680.6582790622;22445.64030168811;30.0;18.0;False;False;False;False;False;True;True;17.435992917198842
285;259;2017-06-01;27658.506454368697;22445.64030168811;30.0;18.0;False;False;False;False;False;True;True;20.887620035041337
285;259;2017-07-01;27451.26884861556;22445.64030168811;30.0;18.0;False;False;False;False;False;True;True;21.37875162596229
285;259;2017-08-01;25881.6238969987;22445.64030168811;30.0;18.0;False;False;False;False;False;True;True;22.11828355029739
285;259;2017-09-01;23071.1212356358;22445.64030168811;30.0;18.0;False;False;False;False;False;True;True;18.007116473367873
286;260;2015-01-01;148456.95904988225;13357.690454344263;10.0;18.0;False;False;False;False;False;True;True;9.817247733789548
286;260;2015-02-01;147449.1590120874;13357.690454344263;10.0;18.0;False;False;False;False;False;True;True;8.827408379093514
286;260;2015-03-01;103713.5506159098;13357.690454344263;10.0;18.0;False;False;False;False;False;True;True;12.60792026996771
286;260;2015-04-01;82287.7687285259;13357.690454344263;10.0;18.0;False;False;False;False;False;True;True;14.895697905434822
286;260;2015-05-01;67784.7174139991;13357.690454344263;10.0;18.0;False;False;False;False;False;True;True;17.141654142366107
286;260;2015-06-01;102380.54231831984;13357.690454344263;10.0;18.0;False;False;False;False;False;True;True;19.39294481553273
286;260;2015-07-01;112732.9170989146;13357.690454344263;10.0;18.0;False;False;False;False;False;True;True;21.53785193429267
286;260;2015-08-01;90180.21268201176;13357.690454344263;10.0;18.0;False;False;False;False;False;True;True;20.49907454866584
286;260;2015-09-01;74640.21387875127;13357.690454344263;10.0;18.0;False;False;False;False;False;True;True;17.621727802535418
286;260;2015-10-01;85528.0297386922;13357.690454344263;10.0;18.0;False;False;False;False;False;True;True;14.792289238072366
286;260;2015-11-01;98814.67473518304;13357.690454344263;10.0;18.0;False;False;False;False;False;True;True;12.474742852144688
286;260;2015-12-01;105211.1856801673;13357.690454344263;10.0;18.0;False;False;False;False;False;True;True;10.585770904643011
286;260;2016-01-01;119738.59771177584;13357.690454344263;10.0;18.0;False;False;False;False;False;True;True;10.044430381276952
286;260;2016-02-01;128858.91719577678;13357.690454344263;10.0;18.0;False;False;False;False;False;True;True;12.181250227658523
286;260;2016-03-01;105187.63549661872;13357.690454344263;10.0;18.0;False;False;False;False;False;True;True;12.515167674172917
286;260;2016-04-01;82878.5120609316;13357.690454344263;10.0;18.0;False;False;False;False;False;True;True;15.29589403743588
286;260;2016-05-01;75231.60324652208;13357.690454344263;10.0;18.0;False;False;False;False;False;True;True;16.96185797726271
286;260;2016-06-01;98373.98593980217;13357.690454344263;10.0;18.0;False;False;False;False;False;True;True;19.401180382433072
286;260;2016-07-01;114289.18360104888;13357.690454344263;10.0;18.0;False;False;False;False;False;True;True;21.32305825008297
286;260;2016-08-01;101227.10996085186;13357.690454344263;10.0;18.0;False;False;False;False;False;True;True;20.742745780697103
286;260;2016-09-01;102196.44068627016;13357.690454344263;10.0;18.0;False;False;False;False;False;True;True;19.343314778472426
286;260;2016-10-01;88944.89421518325;13357.690454344263;10.0;18.0;False;False;False;False;False;True;True;15.324236311387889
286;260;2016-11-01;113336.75798944345;13357.690454344263;10.0;18.0;False;False;False;False;False;True;True;12.177426391472933
286;260;2016-12-01;125650.50360423017;13357.690454344263;10.0;18.0;False;False;False;False;False;True;True;9.090210333213026
286;260;2017-01-01;171614.75965239856;13357.690454344263;10.0;18.0;False;False;False;False;False;True;True;8.220158448422033
286;260;2017-02-01;122178.0539797362;13357.690454344263;10.0;18.0;False;False;False;False;False;True;True;11.089617159986588
286;260;2017-03-01;102710.5391714306;13357.690454344263;10.0;18.0;False;False;False;False;False;True;True;13.587104379909494
286;260;2017-04-01;86706.2753443972;13357.690454344263;10.0;18.0;False;False;False;False;False;True;True;14.894739608181292
286;260;2017-05-01;85108.59631771847;13357.690454344263;10.0;18.0;False;False;False;False;False;True;True;17.435992917198842
286;260;2017-06-01;112418.11955456088;13357.690454344263;10.0;18.0;False;False;False;False;False;True;True;20.887620035041337
286;260;2017-07-01;112830.35103935204;13357.690454344263;10.0;18.0;False;False;False;False;False;True;True;21.37875162596229
286;260;2017-08-01;110533.83745869611;13357.690454344263;10.0;18.0;False;False;False;False;False;True;True;22.11828355029739
286;260;2017-09-01;87282.29643021978;13357.690454344263;10.0;18.0;False;False;False;False;False;True;True;18.007116473367873
286;260;2017-10-01;80985.84489200299;13357.690454344263;10.0;18.0;False;False;False;False;False;True;True;15.89606581655819
286;260;2017-11-01;116595.71328940956;13357.690454344263;10.0;18.0;False;False;False;False;False;True;True;11.848114658126905
287;261;2012-06-01;87559.9094077531;32647.617852780968;15.0;18.0;False;False;False;False;False;True;True;9.34033570701933
287;261;2012-07-01;98743.83210853148;32647.617852780968;15.0;18.0;False;False;False;False;False;True;True;9.28215510971985
287;261;2012-08-01;101574.11784866184;32647.617852780968;15.0;18.0;False;False;False;False;False;True;True;10.718845608782434
287;261;2012-09-01;82110.82204781676;32647.617852780968;15.0;18.0;False;False;False;False;False;True;True;11.332531404826844
287;261;2012-10-01;60835.61802522719;32647.617852780968;15.0;18.0;False;False;False;False;False;True;True;13.491441487583788
287;261;2012-11-01;36229.5511037991;32647.617852780968;15.0;18.0;False;False;False;False;False;True;True;15.371231557821652
287;261;2012-12-01;31563.3771756043;32647.617852780968;15.0;18.0;False;False;False;False;False;True;True;15.034115050458448
287;261;2013-01-01;36428.426930283866;32647.617852780968;15.0;18.0;False;False;False;False;False;True;True;18.67923836297071
287;261;2013-02-01;43534.39750146944;32647.617852780968;15.0;18.0;False;False;False;False;False;True;True;17.943591401421234
287;261;2013-03-01;50071.34730295184;32647.617852780968;15.0;18.0;False;False;False;False;False;True;True;17.44643151326696
287;261;2013-04-01;78032.3068335801;32647.617852780968;15.0;18.0;False;False;False;False;False;True;True;14.77075102592344
287;261;2013-05-01;85716.74940371471;32647.617852780968;15.0;18.0;False;False;False;False;False;True;True;11.437205108882877
287;261;2013-06-01;57522.14658222718;32647.617852780968;15.0;18.0;False;False;False;False;False;True;True;9.34033570701933
287;261;2013-07-01;51996.37775924202;32647.617852780968;15.0;18.0;False;False;False;False;False;True;True;9.28215510971985
287;261;2013-08-01;36998.31023071727;32647.617852780968;15.0;18.0;False;False;False;False;False;True;True;10.718845608782434
287;261;2013-09-01;29314.759883033184;32647.617852780968;15.0;18.0;False;False;False;False;False;True;True;11.332531404826844
287;261;2013-10-01;23370.27887055921;32647.617852780968;15.0;18.0;False;False;False;False;False;True;True;13.491441487583788
287;261;2013-11-01;25223.18615865033;32647.617852780968;15.0;18.0;False;False;False;False;False;True;True;15.371231557821652
287;261;2013-12-01;21880.53443408884;32647.617852780968;15.0;18.0;False;False;False;False;False;True;True;14.390944069096545
287;261;2014-01-01;21553.71081815076;32647.617852780968;15.0;18.0;False;False;False;False;False;True;True;11.1431840880552
287;261;2014-02-01;25919.072498201906;32647.617852780968;15.0;18.0;False;False;False;False;False;True;True;12.204535957921411
287;261;2014-03-01;27623.801770459624;32647.617852780968;15.0;18.0;False;False;False;False;False;True;True;13.182095292577824
287;261;2014-04-01;30104.77207923694;32647.617852780968;15.0;18.0;False;False;False;False;False;True;True;15.084608638230538
287;261;2014-05-01;64081.32611873099;32647.617852780968;15.0;18.0;False;False;False;False;False;True;True;15.007417672450508
287;261;2014-06-01;36243.47312254034;32647.617852780968;15.0;18.0;False;False;False;False;False;True;True;17.60630221210198
287;261;2014-07-01;35549.974075925566;32647.617852780968;15.0;18.0;False;False;False;False;False;True;True;17.02814087022849
287;261;2014-08-01;32593.561559521226;32647.617852780968;15.0;18.0;False;False;False;False;False;True;True;16.768820314896253
287;261;2014-09-01;28192.810406715005;32647.617852780968;15.0;18.0;False;False;False;False;False;True;True;16.227282433689336
287;261;2014-10-01;23365.94022659895;32647.617852780968;15.0;18.0;False;False;False;False;False;True;True;14.53081529820492
287;261;2014-11-01;22238.351957645184;32647.617852780968;15.0;18.0;False;False;False;False;False;True;True;12.603836181081192
287;261;2014-12-01;23506.97841149341;32647.617852780968;15.0;18.0;False;False;False;False;False;True;True;9.994714275622268
287;261;2015-01-01;26229.46650404409;32647.617852780968;15.0;18.0;False;False;False;False;False;True;True;9.817247733789548
287;261;2015-02-01;29716.893818072986;32647.617852780968;15.0;18.0;False;False;False;False;False;True;True;8.827408379093514
287;261;2015-03-01;24609.310002932096;32647.617852780968;15.0;18.0;False;False;False;False;False;True;True;12.60792026996771
287;261;2015-04-01;29195.25080596504;32647.617852780968;15.0;18.0;False;False;False;False;False;True;True;14.895697905434822
287;261;2015-05-01;30905.62959654377;32647.617852780968;15.0;18.0;False;False;False;False;False;True;True;17.141654142366107
287;261;2015-06-01;31635.173315250973;32647.617852780968;15.0;18.0;False;False;False;False;False;True;True;19.39294481553273
287;261;2015-07-01;32502.561752215912;32647.617852780968;15.0;18.0;False;False;False;False;False;True;True;21.53785193429267
287;261;2015-08-01;34722.22327631193;32647.617852780968;15.0;18.0;False;False;False;False;False;True;True;20.49907454866584
287;261;2015-09-01;28916.500240941503;32647.617852780968;15.0;18.0;False;False;False;False;False;True;True;17.621727802535418
287;261;2015-10-01;4579784.36492711;32647.617852780968;15.0;18.0;False;False;False;False;False;True;True;14.792289238072366
287;261;2015-11-01;57048.32137230879;32647.617852780968;15.0;18.0;False;False;False;False;False;True;True;12.474742852144688
287;261;2015-12-01;47666.41964010992;32647.617852780968;15.0;18.0;False;False;False;False;False;True;True;10.585770904643011
287;261;2016-01-01;68797.39387716618;32647.617852780968;15.0;18.0;False;False;False;False;False;True;True;10.044430381276952
287;261;2016-02-01;102426.3394818689;32647.617852780968;15.0;18.0;False;False;False;False;False;True;True;12.181250227658523
287;261;2016-03-01;63295.96575259763;32647.617852780968;15.0;18.0;False;False;False;False;False;True;True;12.515167674172917
287;261;2016-04-01;44135.07135810105;32647.617852780968;15.0;18.0;False;False;False;False;False;True;True;15.29589403743588
287;261;2016-05-01;104139.37210695945;32647.617852780968;15.0;18.0;False;False;False;False;False;True;True;16.96185797726271
287;261;2016-06-01;116104.758999824;32647.617852780968;15.0;18.0;False;False;False;False;False;True;True;19.401180382433072
287;261;2016-07-01;103706.35754853004;32647.617852780968;15.0;18.0;False;False;False;False;False;True;True;21.32305825008297
287;261;2016-08-01;115482.43190855448;32647.617852780968;15.0;18.0;False;False;False;False;False;True;True;20.742745780697103
287;261;2016-09-01;100113.7578387322;32647.617852780968;15.0;18.0;False;False;False;False;False;True;True;19.343314778472426
287;261;2016-10-01;87695.4771457663;32647.617852780968;15.0;18.0;False;False;False;False;False;True;True;15.324236311387889
287;261;2016-11-01;88773.87522969647;32647.617852780968;15.0;18.0;False;False;False;False;False;True;True;12.177426391472933
287;261;2016-12-01;92803.5553369072;32647.617852780968;15.0;18.0;False;False;False;False;False;True;True;9.090210333213026
287;261;2017-01-01;55043.829455292274;32647.617852780968;15.0;18.0;False;False;False;False;False;True;True;8.220158448422033
287;261;2017-02-01;74033.05542679099;32647.617852780968;15.0;18.0;False;False;False;False;False;True;True;11.089617159986588
287;261;2017-03-01;87865.40723519213;32647.617852780968;15.0;18.0;False;False;False;False;False;True;True;13.587104379909494
287;261;2017-04-01;73165.70774343592;32647.617852780968;15.0;18.0;False;False;False;False;False;True;True;14.894739608181292
287;261;2017-05-01;91178.2192762267;32647.617852780968;15.0;18.0;False;False;False;False;False;True;True;17.435992917198842
287;261;2017-06-01;90965.9709029687;32647.617852780968;15.0;18.0;False;False;False;False;False;True;True;20.887620035041337
287;261;2017-07-01;108225.77518952976;32647.617852780968;15.0;18.0;False;False;False;False;False;True;True;21.37875162596229
287;261;2017-08-01;81526.95862500512;32647.617852780968;15.0;18.0;False;False;False;False;False;True;True;22.11828355029739
287;261;2017-09-01;66666.26823169744;32647.617852780968;15.0;18.0;False;False;False;False;False;True;True;18.007116473367873
287;261;2017-10-01;60926.76082303893;32647.617852780968;15.0;18.0;False;False;False;False;False;True;True;15.89606581655819
288;262;2014-12-01;3259104.3129375414;37006.56089500991;15.0;18.0;False;False;False;False;False;True;True;9.994714275622268
288;262;2015-01-01;4856022.894670397;37006.56089500991;15.0;18.0;False;False;False;False;False;True;True;9.817247733789548
288;262;2015-02-01;4943178.441164935;37006.56089500991;15.0;18.0;False;False;False;False;False;True;True;8.827408379093514
288;262;2015-03-01;4952574.603725516;37006.56089500991;15.0;18.0;False;False;False;False;False;True;True;12.60792026996771
288;262;2015-04-01;4640242.87073972;37006.56089500991;15.0;18.0;False;False;False;False;False;True;True;14.895697905434822
288;262;2015-05-01;4574210.571934719;37006.56089500991;15.0;18.0;False;False;False;False;False;True;True;17.141654142366107
288;262;2015-06-01;4351657.462356678;37006.56089500991;15.0;18.0;False;False;False;False;False;True;True;19.39294481553273
288;262;2015-07-01;4394487.67838809;37006.56089500991;15.0;18.0;False;False;False;False;False;True;True;21.53785193429267
288;262;2015-08-01;4508274.717886715;37006.56089500991;15.0;18.0;False;False;False;False;False;True;True;20.49907454866584
288;262;2015-09-01;5353834.353779385;37006.56089500991;15.0;18.0;False;False;False;False;False;True;True;17.621727802535418
288;262;2015-10-01;4987750.46729625;37006.56089500991;15.0;18.0;False;False;False;False;False;True;True;14.792289238072366
288;262;2015-11-01;4549585.454254712;37006.56089500991;15.0;18.0;False;False;False;False;False;True;True;12.474742852144688
288;262;2015-12-01;4804927.029149145;37006.56089500991;15.0;18.0;False;False;False;False;False;True;True;10.585770904643011
289;265;2013-05-01;710580.6361144261;680.9529905440286;5.0;18.0;False;False;False;False;False;True;True;11.437205108882877
289;265;2013-06-01;713888.6438376716;680.9529905440286;5.0;18.0;False;False;False;False;False;True;True;9.34033570701933
289;265;2013-07-01;793396.3415877589;680.9529905440286;5.0;18.0;False;False;False;False;False;True;True;9.28215510971985
289;265;2013-08-01;767449.2649036183;680.9529905440286;5.0;18.0;False;False;False;False;False;True;True;10.718845608782434
289;265;2013-09-01;643918.2726285068;680.9529905440286;5.0;18.0;False;False;False;False;False;True;True;11.332531404826844
289;265;2013-10-01;434520.6502748235;680.9529905440286;5.0;18.0;False;False;False;False;False;True;True;13.491441487583788
289;265;2013-11-01;376651.3738463762;680.9529905440286;5.0;18.0;False;False;False;False;False;True;True;15.371231557821652
289;265;2013-12-01;382152.94901718246;680.9529905440286;5.0;18.0;False;False;False;False;False;True;True;14.390944069096545
289;265;2014-01-01;295770.1302123077;680.9529905440286;5.0;18.0;False;False;False;False;False;True;True;11.1431840880552
289;265;2014-02-01;313589.50419587723;680.9529905440286;5.0;18.0;False;False;False;False;False;True;True;12.204535957921411
289;265;2014-03-01;274659.0938021087;680.9529905440286;5.0;18.0;False;False;False;False;False;True;True;13.182095292577824
289;265;2014-04-01;331250.6717749276;680.9529905440286;5.0;18.0;False;False;False;False;False;True;True;15.084608638230538
289;265;2014-05-01;437317.2714880465;680.9529905440286;5.0;18.0;False;False;False;False;False;True;True;15.007417672450508
290;265;2014-07-01;754186.7608650767;680.9529905440286;5.0;18.0;False;False;False;False;False;True;True;17.02814087022849
290;265;2014-08-01;717419.9122830544;680.9529905440286;5.0;18.0;False;False;False;False;False;True;True;16.768820314896253
290;265;2014-09-01;633057.2086199276;680.9529905440286;5.0;18.0;False;False;False;False;False;True;True;16.227282433689336
290;265;2014-10-01;487392.10298188846;680.9529905440286;5.0;18.0;False;False;False;False;False;True;True;14.53081529820492
291;265;2014-12-01;354302.02002962783;680.9529905440286;5.0;18.0;False;False;False;False;False;True;True;9.994714275622268
291;265;2015-01-01;384230.0094019203;680.9529905440286;5.0;18.0;False;False;False;False;False;True;True;9.817247733789548
291;265;2015-02-01;393268.8836884192;680.9529905440286;5.0;18.0;False;False;False;False;False;True;True;8.827408379093514
291;265;2015-03-01;306302.84747533675;680.9529905440286;5.0;18.0;False;False;False;False;False;True;True;12.60792026996771
291;265;2015-04-01;285060.81328273745;680.9529905440286;5.0;18.0;False;False;False;False;False;True;True;14.895697905434822
291;265;2015-05-01;465580.34397819417;680.9529905440286;5.0;18.0;False;False;False;False;False;True;True;17.141654142366107
291;265;2015-06-01;578428.8444783178;680.9529905440286;5.0;18.0;False;False;False;False;False;True;True;19.39294481553273
291;265;2015-07-01;743528.3748259541;680.9529905440286;5.0;18.0;False;False;False;False;False;True;True;21.53785193429267
291;265;2015-08-01;622713.497547603;680.9529905440286;5.0;18.0;False;False;False;False;False;True;True;20.49907454866584
291;265;2015-09-01;475400.534236201;680.9529905440286;5.0;18.0;False;False;False;False;False;True;True;17.621727802535418
291;265;2015-10-01;302845.96765261446;680.9529905440286;5.0;18.0;False;False;False;False;False;True;True;14.792289238072366
291;265;2015-11-01;187478.63814903388;680.9529905440286;5.0;18.0;False;False;False;False;False;True;True;12.474742852144688
291;265;2015-12-01;172307.32329777518;680.9529905440286;5.0;18.0;False;False;False;False;False;True;True;10.585770904643011
292;265;2016-02-01;201125.5126197349;680.9529905440286;5.0;18.0;False;False;False;False;False;True;True;12.181250227658523
292;265;2016-03-01;187157.34182966207;680.9529905440286;5.0;18.0;False;False;False;False;False;True;True;12.515167674172917
292;265;2016-04-01;277763.14600909787;680.9529905440286;5.0;18.0;False;False;False;False;False;True;True;15.29589403743588
292;265;2016-05-01;88876.62241982552;680.9529905440286;5.0;18.0;False;False;False;False;False;True;True;16.96185797726271
293;266;2014-11-01;7032.766620352464;252.9508945881389;5.0;18.0;False;False;False;False;False;True;True;12.603836181081192
293;266;2014-12-01;6582.288178972551;252.9508945881389;5.0;18.0;False;False;False;False;False;True;True;9.994714275622268
293;266;2015-01-01;932.6591349881514;252.9508945881389;5.0;18.0;False;False;False;False;False;True;True;9.817247733789548
294;267;2015-11-01;18508.99068092594;743.8719089259394;5.0;18.0;False;False;False;False;False;True;True;12.474742852144688
294;267;2015-12-01;21920.60422679852;743.8719089259394;5.0;18.0;False;False;False;False;False;True;True;10.585770904643011
294;267;2016-01-01;21009.40437747193;743.8719089259394;5.0;18.0;False;False;False;False;False;True;True;10.044430381276952
294;267;2016-02-01;17495.972605105922;743.8719089259394;5.0;18.0;False;False;False;False;False;True;True;12.181250227658523
294;267;2016-03-01;16618.951472431483;743.8719089259394;5.0;18.0;False;False;False;False;False;True;True;12.515167674172917
294;267;2016-04-01;14726.556876297913;743.8719089259394;5.0;18.0;False;False;False;False;False;True;True;15.29589403743588
294;267;2016-05-01;14595.73498053781;743.8719089259394;5.0;18.0;False;False;False;False;False;True;True;16.96185797726271
294;267;2016-06-01;20467.77537611096;743.8719089259394;5.0;18.0;False;False;False;False;False;True;True;19.401180382433072
294;267;2016-07-01;24525.99166490157;743.8719089259394;5.0;18.0;False;False;False;False;False;True;True;21.32305825008297
294;267;2016-08-01;24389.69958028751;743.8719089259394;5.0;18.0;False;False;False;False;False;True;True;20.742745780697103
294;267;2016-09-01;19277.347895052026;743.8719089259394;5.0;18.0;False;False;False;False;False;True;True;19.343314778472426
294;267;2016-10-01;14950.808378480544;743.8719089259394;5.0;18.0;False;False;False;False;False;True;True;15.324236311387889
294;267;2016-11-01;19014.15723071873;743.8719089259394;5.0;18.0;False;False;False;False;False;True;True;12.177426391472933
294;267;2016-12-01;24742.77535393527;743.8719089259394;5.0;18.0;False;False;False;False;False;True;True;9.090210333213026
294;267;2017-01-01;23396.96400029447;743.8719089259394;5.0;18.0;False;False;False;False;False;True;True;8.220158448422033
294;267;2017-02-01;20563.498745503315;743.8719089259394;5.0;18.0;False;False;False;False;False;True;True;11.089617159986588
294;267;2017-03-01;16070.962430853668;743.8719089259394;5.0;18.0;False;False;False;False;False;True;True;13.587104379909494
294;267;2017-04-01;13981.54212337872;743.8719089259394;5.0;18.0;False;False;False;False;False;True;True;14.894739608181292
294;267;2017-05-01;15005.013729005525;743.8719089259394;5.0;18.0;False;False;False;False;False;True;True;17.435992917198842
294;267;2017-06-01;20254.79463243949;743.8719089259394;5.0;18.0;False;False;False;False;False;True;True;20.887620035041337
294;267;2017-07-01;25411.820710251828;743.8719089259394;5.0;18.0;False;False;False;False;False;True;True;21.37875162596229
294;267;2017-08-01;25668.915303690275;743.8719089259394;5.0;18.0;False;False;False;False;False;True;True;22.11828355029739
294;267;2017-09-01;20834.31081280788;743.8719089259394;5.0;18.0;False;False;False;False;False;True;True;18.007116473367873
295;268;2013-05-01;11973.97157554239;1264.037587969564;5.0;18.0;False;False;False;False;False;True;True;11.437205108882877
295;268;2013-06-01;11743.32194328392;1264.037587969564;5.0;18.0;False;False;False;False;False;True;True;9.34033570701933
295;268;2013-07-01;14328.853116459535;1264.037587969564;5.0;18.0;False;False;False;False;False;True;True;9.28215510971985
295;268;2013-08-01;14422.63670894694;1264.037587969564;5.0;18.0;False;False;False;False;False;True;True;10.718845608782434
295;268;2013-09-01;12068.105753817275;1264.037587969564;5.0;18.0;False;False;False;False;False;True;True;11.332531404826844
295;268;2013-10-01;6989.100785306809;1264.037587969564;5.0;18.0;False;False;False;False;False;True;True;13.491441487583788
295;268;2013-11-01;5054.511685077781;1264.037587969564;5.0;18.0;False;False;False;False;False;True;True;15.371231557821652
295;268;2013-12-01;845.987446216613;1264.037587969564;5.0;18.0;False;False;False;False;False;True;True;14.390944069096545
295;268;2014-01-01;1839.4166315240209;1264.037587969564;5.0;18.0;False;False;False;False;False;True;True;11.1431840880552
295;268;2014-02-01;2557.061264230616;1264.037587969564;5.0;18.0;False;False;False;False;False;True;True;12.204535957921411
295;268;2014-03-01;2167.725250481391;1264.037587969564;5.0;18.0;False;False;False;False;False;True;True;13.182095292577824
295;268;2014-04-01;3291.807859216395;1264.037587969564;5.0;18.0;False;False;False;False;False;True;True;15.084608638230538
295;268;2014-05-01;6959.579336182565;1264.037587969564;5.0;18.0;False;False;False;False;False;True;True;15.007417672450508
295;268;2014-06-01;11132.1832825913;1264.037587969564;5.0;18.0;False;False;False;False;False;True;True;17.60630221210198
295;268;2014-07-01;16036.09359997163;1264.037587969564;5.0;18.0;False;False;False;False;False;True;True;17.02814087022849
295;268;2014-08-01;17134.56199903697;1264.037587969564;5.0;18.0;False;False;False;False;False;True;True;16.768820314896253
295;268;2014-09-01;14190.983586918142;1264.037587969564;5.0;18.0;False;False;False;False;False;True;True;16.227282433689336
295;268;2014-10-01;7957.996053572332;1264.037587969564;5.0;18.0;False;False;False;False;False;True;True;14.53081529820492
295;268;2014-11-01;3614.497166573784;1264.037587969564;5.0;18.0;False;False;False;False;False;True;True;12.603836181081192
295;268;2014-12-01;3760.618621108116;1264.037587969564;5.0;18.0;False;False;False;False;False;True;True;9.994714275622268
295;268;2015-01-01;3476.033731497976;1264.037587969564;5.0;18.0;False;False;False;False;False;True;True;9.817247733789548
295;268;2015-02-01;2041.146370037404;1264.037587969564;5.0;18.0;False;False;False;False;False;True;True;8.827408379093514
295;268;2015-03-01;1064.5650671687188;1264.037587969564;5.0;18.0;False;False;False;False;False;True;True;12.60792026996771
295;268;2015-04-01;2669.167514253573;1264.037587969564;5.0;18.0;False;False;False;False;False;True;True;14.895697905434822
295;268;2015-05-01;7149.324797384307;1264.037587969564;5.0;18.0;False;False;False;False;False;True;True;17.141654142366107
295;268;2015-06-01;12182.20222994497;1264.037587969564;5.0;18.0;False;False;False;False;False;True;True;19.39294481553273
295;268;2015-07-01;20641.16754439484;1264.037587969564;5.0;18.0;False;False;False;False;False;True;True;21.53785193429267
295;268;2015-08-01;18737.34845326183;1264.037587969564;5.0;18.0;False;False;False;False;False;True;True;20.49907454866584
295;268;2015-09-01;17296.989560938047;1264.037587969564;5.0;18.0;False;False;False;False;False;True;True;17.621727802535418
295;268;2015-10-01;8423.389380988165;1264.037587969564;5.0;18.0;False;False;False;False;False;True;True;14.792289238072366
295;268;2015-11-01;4384.741523131286;1264.037587969564;5.0;18.0;False;False;False;False;False;True;True;12.474742852144688
295;268;2015-12-01;3650.789806996348;1264.037587969564;5.0;18.0;False;False;False;False;False;True;True;10.585770904643011
295;268;2016-01-01;5223.158191503185;1264.037587969564;5.0;18.0;False;False;False;False;False;True;True;10.044430381276952
295;268;2016-02-01;1728.2500543872848;1264.037587969564;5.0;18.0;False;False;False;False;False;True;True;12.181250227658523
295;268;2016-03-01;1828.5765616495469;1264.037587969564;5.0;18.0;False;False;False;False;False;True;True;12.515167674172917
295;268;2016-04-01;1309.2238073082062;1264.037587969564;5.0;18.0;False;False;False;False;False;True;True;15.29589403743588
295;268;2016-05-01;3696.47948680271;1264.037587969564;5.0;18.0;False;False;False;False;False;True;True;16.96185797726271
295;268;2016-06-01;15737.242221728222;1264.037587969564;5.0;18.0;False;False;False;False;False;True;True;19.401180382433072
295;268;2016-07-01;18446.727687914547;1264.037587969564;5.0;18.0;False;False;False;False;False;True;True;21.32305825008297
295;268;2016-08-01;17280.744359900833;1264.037587969564;5.0;18.0;False;False;False;False;False;True;True;20.742745780697103
295;268;2016-09-01;10730.09359542298;1264.037587969564;5.0;18.0;False;False;False;False;False;True;True;19.343314778472426
295;268;2016-10-01;6354.764775148537;1264.037587969564;5.0;18.0;False;False;False;False;False;True;True;15.324236311387889
295;268;2016-11-01;3380.9227075334525;1264.037587969564;5.0;18.0;False;False;False;False;False;True;True;12.177426391472933
295;268;2016-12-01;5570.894228775254;1264.037587969564;5.0;18.0;False;False;False;False;False;True;True;9.090210333213026
295;268;2017-01-01;5769.104257924809;1264.037587969564;5.0;18.0;False;False;False;False;False;True;True;8.220158448422033
295;268;2017-02-01;2410.2527629898773;1264.037587969564;5.0;18.0;False;False;False;False;False;True;True;11.089617159986588
295;268;2017-03-01;495.62649461999206;1264.037587969564;5.0;18.0;False;False;False;False;False;True;True;13.587104379909494
295;268;2017-04-01;560.0122251887611;1264.037587969564;5.0;18.0;False;False;False;False;False;True;True;14.894739608181292
295;268;2017-05-01;4669.970235307858;1264.037587969564;5.0;18.0;False;False;False;False;False;True;True;17.435992917198842
295;268;2017-06-01;9273.77464771266;1264.037587969564;5.0;18.0;False;False;False;False;False;True;True;20.887620035041337
295;268;2017-07-01;17542.612613904283;1264.037587969564;5.0;18.0;False;False;False;False;False;True;True;21.37875162596229
295;268;2017-08-01;18274.473291430942;1264.037587969564;5.0;18.0;False;False;False;False;False;True;True;22.11828355029739
295;268;2017-09-01;12926.219600333152;1264.037587969564;5.0;18.0;False;False;False;False;False;True;True;18.007116473367873
295;268;2017-10-01;6566.00516447739;1264.037587969564;5.0;18.0;False;False;False;False;False;True;True;15.89606581655819
295;268;2017-11-01;3528.8830709753497;1264.037587969564;5.0;18.0;False;False;False;False;False;True;True;11.848114658126905
296;269;2013-05-01;11035.554987795018;1645.582681854023;5.0;18.0;False;False;False;False;False;True;True;11.437205108882877
296;269;2013-06-01;8388.473153971507;1645.582681854023;5.0;18.0;False;False;False;False;False;True;True;9.34033570701933
296;269;2013-07-01;10689.17020675804;1645.582681854023;5.0;18.0;False;False;False;False;False;True;True;9.28215510971985
296;269;2013-08-01;9528.631812028638;1645.582681854023;5.0;18.0;False;False;False;False;False;True;True;10.718845608782434
296;269;2013-09-01;7725.3157594124605;1645.582681854023;5.0;18.0;False;False;False;False;False;True;True;11.332531404826844
296;269;2013-10-01;5300.021679225352;1645.582681854023;5.0;18.0;False;False;False;False;False;True;True;13.491441487583788
296;269;2013-11-01;3935.419888633044;1645.582681854023;5.0;18.0;False;False;False;False;False;True;True;15.371231557821652
296;269;2013-12-01;2462.4525731613485;1645.582681854023;5.0;18.0;False;False;False;False;False;True;True;14.390944069096545
296;269;2014-01-01;2738.831894387867;1645.582681854023;5.0;18.0;False;False;False;False;False;True;True;11.1431840880552
296;269;2014-02-01;3003.126828714096;1645.582681854023;5.0;18.0;False;False;False;False;False;True;True;12.204535957921411
296;269;2014-03-01;3283.5040837833253;1645.582681854023;5.0;18.0;False;False;False;False;False;True;True;13.182095292577824
296;269;2014-04-01;4341.736029348958;1645.582681854023;5.0;18.0;False;False;False;False;False;True;True;15.084608638230538
296;269;2014-05-01;6757.931160167093;1645.582681854023;5.0;18.0;False;False;False;False;False;True;True;15.007417672450508
296;269;2014-06-01;8310.78625626028;1645.582681854023;5.0;18.0;False;False;False;False;False;True;True;17.60630221210198
296;269;2014-07-01;10004.533676304678;1645.582681854023;5.0;18.0;False;False;False;False;False;True;True;17.02814087022849
296;269;2014-08-01;8966.807700382864;1645.582681854023;5.0;18.0;False;False;False;False;False;True;True;16.768820314896253
296;269;2014-09-01;7864.140689413569;1645.582681854023;5.0;18.0;False;False;False;False;False;True;True;16.227282433689336
296;269;2014-10-01;5401.786543787546;1645.582681854023;5.0;18.0;False;False;False;False;False;True;True;14.53081529820492
296;269;2014-11-01;4024.1836643656434;1645.582681854023;5.0;18.0;False;False;False;False;False;True;True;12.603836181081192
296;269;2014-12-01;3121.360397327697;1645.582681854023;5.0;18.0;False;False;False;False;False;True;True;9.994714275622268
296;269;2015-01-01;2480.066023768541;1645.582681854023;5.0;18.0;False;False;False;False;False;True;True;9.817247733789548
296;269;2015-02-01;2619.250541678593;1645.582681854023;5.0;18.0;False;False;False;False;False;True;True;8.827408379093514
296;269;2015-03-01;2905.338076055244;1645.582681854023;5.0;18.0;False;False;False;False;False;True;True;12.60792026996771
296;269;2015-04-01;3723.2532008461226;1645.582681854023;5.0;18.0;False;False;False;False;False;True;True;14.895697905434822
296;269;2015-05-01;6612.672680315368;1645.582681854023;5.0;18.0;False;False;False;False;False;True;True;17.141654142366107
296;269;2015-06-01;8513.076485003037;1645.582681854023;5.0;18.0;False;False;False;False;False;True;True;19.39294481553273
296;269;2015-07-01;11064.8535193215;1645.582681854023;5.0;18.0;False;False;False;False;False;True;True;21.53785193429267
296;269;2015-08-01;10349.883055200777;1645.582681854023;5.0;18.0;False;False;False;False;False;True;True;20.49907454866584
296;269;2015-09-01;9140.793748337424;1645.582681854023;5.0;18.0;False;False;False;False;False;True;True;17.621727802535418
296;269;2015-10-01;6431.102235676254;1645.582681854023;5.0;18.0;False;False;False;False;False;True;True;14.792289238072366
296;269;2015-11-01;4478.933484040475;1645.582681854023;5.0;18.0;False;False;False;False;False;True;True;12.474742852144688
296;269;2015-12-01;3060.597969728543;1645.582681854023;5.0;18.0;False;False;False;False;False;True;True;10.585770904643011
296;269;2016-01-01;2592.952039793522;1645.582681854023;5.0;18.0;False;False;False;False;False;True;True;10.044430381276952
296;269;2016-02-01;3709.168946002937;1645.582681854023;5.0;18.0;False;False;False;False;False;True;True;12.181250227658523
296;269;2016-03-01;3671.492877389215;1645.582681854023;5.0;18.0;False;False;False;False;False;True;True;12.515167674172917
296;269;2016-04-01;6050.893776164954;1645.582681854023;5.0;18.0;False;False;False;False;False;True;True;15.29589403743588
296;269;2016-05-01;6410.150099086838;1645.582681854023;5.0;18.0;False;False;False;False;False;True;True;16.96185797726271
296;269;2016-06-01;8627.96206974847;1645.582681854023;5.0;18.0;False;False;False;False;False;True;True;19.401180382433072
296;269;2016-07-01;9506.179249034429;1645.582681854023;5.0;18.0;False;False;False;False;False;True;True;21.32305825008297
296;269;2016-08-01;9691.860372130885;1645.582681854023;5.0;18.0;False;False;False;False;False;True;True;20.742745780697103
296;269;2016-09-01;7332.012025698283;1645.582681854023;5.0;18.0;False;False;False;False;False;True;True;19.343314778472426
296;269;2016-10-01;4291.6747518010925;1645.582681854023;5.0;18.0;False;False;False;False;False;True;True;15.324236311387889
296;269;2016-11-01;3579.886097933553;1645.582681854023;5.0;18.0;False;False;False;False;False;True;True;12.177426391472933
296;269;2016-12-01;5656.358689596698;1645.582681854023;5.0;18.0;False;False;False;False;False;True;True;9.090210333213026
296;269;2017-01-01;6533.032028689479;1645.582681854023;5.0;18.0;False;False;False;False;False;True;True;8.220158448422033
296;269;2017-02-01;4054.567135126442;1645.582681854023;5.0;18.0;False;False;False;False;False;True;True;11.089617159986588
296;269;2017-03-01;3009.543435017633;1645.582681854023;5.0;18.0;False;False;False;False;False;True;True;13.587104379909494
296;269;2017-04-01;2490.116409991374;1645.582681854023;5.0;18.0;False;False;False;False;False;True;True;14.894739608181292
296;269;2017-05-01;4540.922921701955;1645.582681854023;5.0;18.0;False;False;False;False;False;True;True;17.435992917198842
296;269;2017-06-01;7575.881377541586;1645.582681854023;5.0;18.0;False;False;False;False;False;True;True;20.887620035041337
296;269;2017-07-01;9204.954082607806;1645.582681854023;5.0;18.0;False;False;False;False;False;True;True;21.37875162596229
296;269;2017-08-01;9086.330973706565;1645.582681854023;5.0;18.0;False;False;False;False;False;True;True;22.11828355029739
296;269;2017-09-01;7188.04862464585;1645.582681854023;5.0;18.0;False;False;False;False;False;True;True;18.007116473367873
296;269;2017-10-01;2570.217619205867;1645.582681854023;5.0;18.0;False;False;False;False;False;True;True;15.89606581655819
297;270;2015-09-01;37885.56863389345;3855.634560808539;5.0;18.0;False;False;False;False;False;True;True;17.621727802535418
297;270;2015-10-01;29690.159229171382;3855.634560808539;5.0;18.0;False;False;False;False;False;True;True;14.792289238072366
297;270;2015-11-01;28844.76279560087;3855.634560808539;5.0;18.0;False;False;False;False;False;True;True;12.474742852144688
297;270;2015-12-01;26968.32278881701;3855.634560808539;5.0;18.0;False;False;False;False;False;True;True;10.585770904643011
297;270;2016-01-01;23625.49757366557;3855.634560808539;5.0;18.0;False;False;False;False;False;True;True;10.044430381276952
297;270;2016-02-01;23114.66395094744;3855.634560808539;5.0;18.0;False;False;False;False;False;True;True;12.181250227658523
297;270;2016-03-01;17616.75263265631;3855.634560808539;5.0;18.0;False;False;False;False;False;True;True;12.515167674172917
297;270;2016-04-01;21533.162244921845;3855.634560808539;5.0;18.0;False;False;False;False;False;True;True;15.29589403743588
297;270;2016-05-01;23980.130684898253;3855.634560808539;5.0;18.0;False;False;False;False;False;True;True;16.96185797726271
297;270;2016-06-01;30424.21171189263;3855.634560808539;5.0;18.0;False;False;False;False;False;True;True;19.401180382433072
297;270;2016-07-01;32536.39631863512;3855.634560808539;5.0;18.0;False;False;False;False;False;True;True;21.32305825008297
297;270;2016-08-01;30766.11443978002;3855.634560808539;5.0;18.0;False;False;False;False;False;True;True;20.742745780697103
297;270;2016-09-01;24367.034089749057;3855.634560808539;5.0;18.0;False;False;False;False;False;True;True;19.343314778472426
297;270;2016-10-01;18933.82689939143;3855.634560808539;5.0;18.0;False;False;False;False;False;True;True;15.324236311387889
297;270;2016-11-01;19587.031794305727;3855.634560808539;5.0;18.0;False;False;False;False;False;True;True;12.177426391472933
297;270;2016-12-01;22306.840623052743;3855.634560808539;5.0;18.0;False;False;False;False;False;True;True;9.090210333213026
297;270;2017-01-01;20377.613071975968;3855.634560808539;5.0;18.0;False;False;False;False;False;True;True;8.220158448422033
297;270;2017-02-01;17962.92948330761;3855.634560808539;5.0;18.0;False;False;False;False;False;True;True;11.089617159986588
297;270;2017-03-01;15864.381846194196;3855.634560808539;5.0;18.0;False;False;False;False;False;True;True;13.587104379909494
297;270;2017-04-01;15676.789059196815;3855.634560808539;5.0;18.0;False;False;False;False;False;True;True;14.894739608181292
297;270;2017-05-01;19754.512198813176;3855.634560808539;5.0;18.0;False;False;False;False;False;True;True;17.435992917198842
297;270;2017-06-01;25864.41091620268;3855.634560808539;5.0;18.0;False;False;False;False;False;True;True;20.887620035041337
297;270;2017-07-01;27369.38418785385;3855.634560808539;5.0;18.0;False;False;False;False;False;True;True;21.37875162596229
297;270;2017-08-01;25846.09355538608;3855.634560808539;5.0;18.0;False;False;False;False;False;True;True;22.11828355029739
297;270;2017-09-01;24060.53021704308;3855.634560808539;5.0;18.0;False;False;False;False;False;True;True;18.007116473367873
297;270;2017-10-01;17473.699370632494;3855.634560808539;5.0;18.0;False;False;False;False;False;True;True;15.89606581655819
297;270;2017-11-01;16001.089504375068;3855.634560808539;5.0;18.0;False;False;False;False;False;True;True;11.848114658126905
298;271;2013-07-01;1076.5140165763596;414.2112695518881;5.0;18.0;False;False;False;False;False;True;True;9.28215510971985
298;271;2013-08-01;965.6528315435836;414.2112695518881;5.0;18.0;False;False;False;False;False;True;True;10.718845608782434
298;271;2013-09-01;903.081185138183;414.2112695518881;5.0;18.0;False;False;False;False;False;True;True;11.332531404826844
298;271;2013-10-01;821.648514628224;414.2112695518881;5.0;18.0;False;False;False;False;False;True;True;13.491441487583788
298;271;2013-11-01;810.0366781138067;414.2112695518881;5.0;18.0;False;False;False;False;False;True;True;15.371231557821652
298;271;2013-12-01;868.4001282222591;414.2112695518881;5.0;18.0;False;False;False;False;False;True;True;14.390944069096545
298;271;2014-01-01;751.2329183338594;414.2112695518881;5.0;18.0;False;False;False;False;False;True;True;11.1431840880552
298;271;2014-02-01;866.8067108019162;414.2112695518881;5.0;18.0;False;False;False;False;False;True;True;12.204535957921411
298;271;2014-03-01;696.5945498897449;414.2112695518881;5.0;18.0;False;False;False;False;False;True;True;13.182095292577824
298;271;2014-04-01;770.3508521788116;414.2112695518881;5.0;18.0;False;False;False;False;False;True;True;15.084608638230538
298;271;2014-05-01;803.6298935494385;414.2112695518881;5.0;18.0;False;False;False;False;False;True;True;15.007417672450508
298;271;2014-06-01;906.7960473724844;414.2112695518881;5.0;18.0;False;False;False;False;False;True;True;17.60630221210198
298;271;2014-07-01;949.9132557646428;414.2112695518881;5.0;18.0;False;False;False;False;False;True;True;17.02814087022849
298;271;2014-08-01;894.5493227999842;414.2112695518881;5.0;18.0;False;False;False;False;False;True;True;16.768820314896253
298;271;2014-09-01;944.974955721665;414.2112695518881;5.0;18.0;False;False;False;False;False;True;True;16.227282433689336
298;271;2014-10-01;788.0717497437711;414.2112695518881;5.0;18.0;False;False;False;False;False;True;True;14.53081529820492
298;271;2014-11-01;742.6365962570829;414.2112695518881;5.0;18.0;False;False;False;False;False;True;True;12.603836181081192
298;271;2014-12-01;952.0809128717368;414.2112695518881;5.0;18.0;False;False;False;False;False;True;True;9.994714275622268
298;271;2015-01-01;918.956893730339;414.2112695518881;5.0;18.0;False;False;False;False;False;True;True;9.817247733789548
298;271;2015-02-01;885.7486534397807;414.2112695518881;5.0;18.0;False;False;False;False;False;True;True;8.827408379093514
298;271;2015-03-01;873.2685734771553;414.2112695518881;5.0;18.0;False;False;False;False;False;True;True;12.60792026996771
298;271;2015-04-01;835.0756921774557;414.2112695518881;5.0;18.0;False;False;False;False;False;True;True;14.895697905434822
298;271;2015-05-01;824.4602166031833;414.2112695518881;5.0;18.0;False;False;False;False;False;True;True;17.141654142366107
298;271;2015-06-01;1105.3401648244796;414.2112695518881;5.0;18.0;False;False;False;False;False;True;True;19.39294481553273
298;271;2015-07-01;1138.4491411007896;414.2112695518881;5.0;18.0;False;False;False;False;False;True;True;21.53785193429267
298;271;2015-08-01;1073.7429154095555;414.2112695518881;5.0;18.0;False;False;False;False;False;True;True;20.49907454866584
298;271;2015-09-01;1216.954043957198;414.2112695518881;5.0;18.0;False;False;False;False;False;True;True;17.621727802535418
298;271;2015-10-01;1152.4618465624033;414.2112695518881;5.0;18.0;False;False;False;False;False;True;True;14.792289238072366
298;271;2015-11-01;978.7412385388934;414.2112695518881;5.0;18.0;False;False;False;False;False;True;True;12.474742852144688
298;271;2015-12-01;876.7552721499848;414.2112695518881;5.0;18.0;False;False;False;False;False;True;True;10.585770904643011
298;271;2016-01-01;809.455566812825;414.2112695518881;5.0;18.0;False;False;False;False;False;True;True;10.044430381276952
298;271;2016-02-01;569.6686631958306;414.2112695518881;5.0;18.0;False;False;False;False;False;True;True;12.181250227658523
298;271;2016-03-01;505.59404150676056;414.2112695518881;5.0;18.0;False;False;False;False;False;True;True;12.515167674172917
298;271;2016-04-01;536.5660498120315;414.2112695518881;5.0;18.0;False;False;False;False;False;True;True;15.29589403743588
298;271;2016-05-01;501.8452030405113;414.2112695518881;5.0;18.0;False;False;False;False;False;True;True;16.96185797726271
298;271;2016-06-01;767.8411782876383;414.2112695518881;5.0;18.0;False;False;False;False;False;True;True;19.401180382433072
298;271;2016-07-01;774.795895912657;414.2112695518881;5.0;18.0;False;False;False;False;False;True;True;21.32305825008297
298;271;2016-08-01;754.2153253565876;414.2112695518881;5.0;18.0;False;False;False;False;False;True;True;20.742745780697103
298;271;2016-09-01;680.4964561031047;414.2112695518881;5.0;18.0;False;False;False;False;False;True;True;19.343314778472426
298;271;2016-10-01;546.9375606971917;414.2112695518881;5.0;18.0;False;False;False;False;False;True;True;15.324236311387889
298;271;2016-11-01;519.803722230871;414.2112695518881;5.0;18.0;False;False;False;False;False;True;True;12.177426391472933
298;271;2016-12-01;724.4413951385942;414.2112695518881;5.0;18.0;False;False;False;False;False;True;True;9.090210333213026
298;271;2017-01-01;754.1316468379879;414.2112695518881;5.0;18.0;False;False;False;False;False;True;True;8.220158448422033
298;271;2017-02-01;691.8244761465653;414.2112695518881;5.0;18.0;False;False;False;False;False;True;True;11.089617159986588
298;271;2017-03-01;601.7754271290872;414.2112695518881;5.0;18.0;False;False;False;False;False;True;True;13.587104379909494
298;271;2017-04-01;508.9359062183542;414.2112695518881;5.0;18.0;False;False;False;False;False;True;True;14.894739608181292
298;271;2017-05-01;522.501455747331;414.2112695518881;5.0;18.0;False;False;False;False;False;True;True;17.435992917198842
298;271;2017-06-01;673.1571677064533;414.2112695518881;5.0;18.0;False;False;False;False;False;True;True;20.887620035041337
298;271;2017-07-01;763.4428235282478;414.2112695518881;5.0;18.0;False;False;False;False;False;True;True;21.37875162596229
298;271;2017-08-01;769.5902954514255;414.2112695518881;5.0;18.0;False;False;False;False;False;True;True;22.11828355029739
298;271;2017-09-01;732.4392075520445;414.2112695518881;5.0;18.0;False;False;False;False;False;True;True;18.007116473367873
298;271;2017-10-01;570.3233153262203;414.2112695518881;5.0;18.0;False;False;False;False;False;True;True;15.89606581655819
299;272;2015-09-01;299011.67954846594;719.6902410732582;5.0;18.0;False;False;False;False;False;True;True;17.621727802535418
299;272;2015-10-01;253469.36318506693;719.6902410732582;5.0;18.0;False;False;False;False;False;True;True;14.792289238072366
299;272;2015-11-01;245765.7104616068;719.6902410732582;5.0;18.0;False;False;False;False;False;True;True;12.474742852144688
299;272;2015-12-01;227176.57839656272;719.6902410732582;5.0;18.0;False;False;False;False;False;True;True;10.585770904643011
299;272;2016-01-01;179552.22221068927;719.6902410732582;5.0;18.0;False;False;False;False;False;True;True;10.044430381276952
299;272;2016-02-01;212901.7124890528;719.6902410732582;5.0;18.0;False;False;False;False;False;True;True;12.181250227658523
299;272;2016-03-01;125228.8954812353;719.6902410732582;5.0;18.0;False;False;False;False;False;True;True;12.515167674172917
299;272;2016-04-01;98269.75674837208;719.6902410732582;5.0;18.0;False;False;False;False;False;True;True;15.29589403743588
299;272;2016-05-01;111458.0396865409;719.6902410732582;5.0;18.0;False;False;False;False;False;True;True;16.96185797726271
299;272;2016-06-01;181011.67952673728;719.6902410732582;5.0;18.0;False;False;False;False;False;True;True;19.401180382433072
299;272;2016-07-01;209433.75491062616;719.6902410732582;5.0;18.0;False;False;False;False;False;True;True;21.32305825008297
299;272;2016-08-01;209324.9766021176;719.6902410732582;5.0;18.0;False;False;False;False;False;True;True;20.742745780697103
299;272;2016-09-01;177805.68848768403;719.6902410732582;5.0;18.0;False;False;False;False;False;True;True;19.343314778472426
300;273;2014-07-01;56499.0516304113;830.4409150732681;5.0;18.0;False;False;False;False;False;True;True;17.02814087022849
300;273;2014-08-01;56904.57361951612;830.4409150732681;5.0;18.0;False;False;False;False;False;True;True;16.768820314896253
300;273;2014-09-01;46610.26104543171;830.4409150732681;5.0;18.0;False;False;False;False;False;True;True;16.227282433689336
300;273;2014-10-01;40853.707807865605;830.4409150732681;5.0;18.0;False;False;False;False;False;True;True;14.53081529820492
300;273;2014-11-01;46472.84998642414;830.4409150732681;5.0;18.0;False;False;False;False;False;True;True;12.603836181081192
300;273;2014-12-01;55425.82693988066;830.4409150732681;5.0;18.0;False;False;False;False;False;True;True;9.994714275622268
300;273;2015-01-01;48905.99238882255;830.4409150732681;5.0;18.0;False;False;False;False;False;True;True;9.817247733789548
300;273;2015-02-01;50785.06547712968;830.4409150732681;5.0;18.0;False;False;False;False;False;True;True;8.827408379093514
300;273;2015-03-01;42932.086110895485;830.4409150732681;5.0;18.0;False;False;False;False;False;True;True;12.60792026996771
300;273;2015-04-01;38554.72937484934;830.4409150732681;5.0;18.0;False;False;False;False;False;True;True;14.895697905434822
300;273;2015-05-01;33702.72125099997;830.4409150732681;5.0;18.0;False;False;False;False;False;True;True;17.141654142366107
300;273;2015-06-01;37075.44043707501;830.4409150732681;5.0;18.0;False;False;False;False;False;True;True;19.39294481553273
300;273;2015-07-01;57349.84906075648;830.4409150732681;5.0;18.0;False;False;False;False;False;True;True;21.53785193429267
300;273;2015-08-01;48957.264186980006;830.4409150732681;5.0;18.0;False;False;False;False;False;True;True;20.49907454866584
300;273;2015-09-01;47706.15823432432;830.4409150732681;5.0;18.0;False;False;False;False;False;True;True;17.621727802535418
300;273;2015-10-01;35817.22096853628;830.4409150732681;5.0;18.0;False;False;False;False;False;True;True;14.792289238072366
300;273;2015-11-01;44928.959155274686;830.4409150732681;5.0;18.0;False;False;False;False;False;True;True;12.474742852144688
300;273;2015-12-01;57291.153953959314;830.4409150732681;5.0;18.0;False;False;False;False;False;True;True;10.585770904643011
300;273;2016-01-01;51997.52758857616;830.4409150732681;5.0;18.0;False;False;False;False;False;True;True;10.044430381276952
300;273;2016-02-01;43494.94968459875;830.4409150732681;5.0;18.0;False;False;False;False;False;True;True;12.181250227658523
300;273;2016-03-01;40808.84103242362;830.4409150732681;5.0;18.0;False;False;False;False;False;True;True;12.515167674172917
300;273;2016-04-01;28704.966087451645;830.4409150732681;5.0;18.0;False;False;False;False;False;True;True;15.29589403743588
300;273;2016-05-01;25429.99763972705;830.4409150732681;5.0;18.0;False;False;False;False;False;True;True;16.96185797726271
300;273;2016-06-01;31943.544687972444;830.4409150732681;5.0;18.0;False;False;False;False;False;True;True;19.401180382433072
300;273;2016-07-01;46368.009325543615;830.4409150732681;5.0;18.0;False;False;False;False;False;True;True;21.32305825008297
300;273;2016-08-01;42341.84853876621;830.4409150732681;5.0;18.0;False;False;False;False;False;True;True;20.742745780697103
300;273;2016-09-01;25572.24046091872;830.4409150732681;5.0;18.0;False;False;False;False;False;True;True;19.343314778472426
300;273;2016-10-01;27757.31794756224;830.4409150732681;5.0;18.0;False;False;False;False;False;True;True;15.324236311387889
300;273;2016-11-01;42493.62544667511;830.4409150732681;5.0;18.0;False;False;False;False;False;True;True;12.177426391472933
300;273;2016-12-01;51778.03408574051;830.4409150732681;5.0;18.0;False;False;False;False;False;True;True;9.090210333213026
300;273;2017-01-01;47727.09124455918;830.4409150732681;5.0;18.0;False;False;False;False;False;True;True;8.220158448422033
300;273;2017-02-01;45745.45345244382;830.4409150732681;5.0;18.0;False;False;False;False;False;True;True;11.089617159986588
300;273;2017-03-01;36559.899029893786;830.4409150732681;5.0;18.0;False;False;False;False;False;True;True;13.587104379909494
300;273;2017-04-01;30629.560696588305;830.4409150732681;5.0;18.0;False;False;False;False;False;True;True;14.894739608181292
300;273;2017-05-01;23118.32206676597;830.4409150732681;5.0;18.0;False;False;False;False;False;True;True;17.435992917198842
300;273;2017-06-01;36403.39959336296;830.4409150732681;5.0;18.0;False;False;False;False;False;True;True;20.887620035041337
300;273;2017-07-01;42946.572364888896;830.4409150732681;5.0;18.0;False;False;False;False;False;True;True;21.37875162596229
300;273;2017-08-01;46208.73730439733;830.4409150732681;5.0;18.0;False;False;False;False;False;True;True;22.11828355029739
300;273;2017-09-01;30581.97163912353;830.4409150732681;5.0;18.0;False;False;False;False;False;True;True;18.007116473367873
301;274;2013-08-01;380798.7649717772;1468.2466904430185;5.0;18.0;False;False;False;False;False;True;True;10.718845608782434
301;274;2013-09-01;292078.1784950315;1468.2466904430185;5.0;18.0;False;False;False;False;False;True;True;11.332531404826844
301;274;2013-10-01;146130.85329838214;1468.2466904430185;5.0;18.0;False;False;False;False;False;True;True;13.491441487583788
301;274;2013-11-01;90817.1613698194;1468.2466904430185;5.0;18.0;False;False;False;False;False;True;True;15.371231557821652
301;274;2013-12-01;84778.77672228267;1468.2466904430185;5.0;18.0;False;False;False;False;False;True;True;14.390944069096545
301;274;2014-01-01;89240.20448245342;1468.2466904430185;5.0;18.0;False;False;False;False;False;True;True;11.1431840880552
301;274;2014-02-01;88916.70470673339;1468.2466904430185;5.0;18.0;False;False;False;False;False;True;True;12.204535957921411
301;274;2014-03-01;62101.15803313788;1468.2466904430185;5.0;18.0;False;False;False;False;False;True;True;13.182095292577824
301;274;2014-04-01;68958.42683647678;1468.2466904430185;5.0;18.0;False;False;False;False;False;True;True;15.084608638230538
301;274;2014-05-01;157203.57506153916;1468.2466904430185;5.0;18.0;False;False;False;False;False;True;True;15.007417672450508
301;274;2014-06-01;312536.82282402326;1468.2466904430185;5.0;18.0;False;False;False;False;False;True;True;17.60630221210198
301;274;2014-07-01;467619.847752006;1468.2466904430185;5.0;18.0;False;False;False;False;False;True;True;17.02814087022849
302;274;2014-09-01;103803.345579344;1468.2466904430185;5.0;18.0;False;False;False;False;False;True;True;16.227282433689336
302;274;2014-10-01;101202.6473155126;1468.2466904430185;5.0;18.0;False;False;False;False;False;True;True;14.53081529820492
302;274;2014-11-01;38840.88944114106;1468.2466904430185;5.0;18.0;False;False;False;False;False;True;True;12.603836181081192
302;274;2014-12-01;47399.04446796499;1468.2466904430185;5.0;18.0;False;False;False;False;False;True;True;9.994714275622268
303;274;2015-02-01;107153.18600772426;1468.2466904430185;5.0;18.0;False;False;False;False;False;True;True;8.827408379093514
303;274;2015-03-01;110824.67779704597;1468.2466904430185;5.0;18.0;False;False;False;False;False;True;True;12.60792026996771
303;274;2015-04-01;78795.17103195177;1468.2466904430185;5.0;18.0;False;False;False;False;False;True;True;14.895697905434822
303;274;2015-05-01;189006.10683631792;1468.2466904430185;5.0;18.0;False;False;False;False;False;True;True;17.141654142366107
303;274;2015-06-01;243650.1128870912;1468.2466904430185;5.0;18.0;False;False;False;False;False;True;True;19.39294481553273
303;274;2015-07-01;418893.9638258346;1468.2466904430185;5.0;18.0;False;False;False;False;False;True;True;21.53785193429267
303;274;2015-08-01;377110.4610304536;1468.2466904430185;5.0;18.0;False;False;False;False;False;True;True;20.49907454866584
303;274;2015-09-01;332749.1204507963;1468.2466904430185;5.0;18.0;False;False;False;False;False;True;True;17.621727802535418
303;274;2015-10-01;145629.85226255548;1468.2466904430185;5.0;18.0;False;False;False;False;False;True;True;14.792289238072366
303;274;2015-11-01;82604.98296970525;1468.2466904430185;5.0;18.0;False;False;False;False;False;True;True;12.474742852144688
303;274;2015-12-01;104054.80593222036;1468.2466904430185;5.0;18.0;False;False;False;False;False;True;True;10.585770904643011
303;274;2016-01-01;107355.98190760368;1468.2466904430185;5.0;18.0;False;False;False;False;False;True;True;10.044430381276952
303;274;2016-02-01;91516.78759982392;1468.2466904430185;5.0;18.0;False;False;False;False;False;True;True;12.181250227658523
304;274;2016-04-01;138018.44935352338;1468.2466904430185;5.0;18.0;False;False;False;False;False;True;True;15.29589403743588
304;274;2016-05-01;149673.7107952237;1468.2466904430185;5.0;18.0;False;False;False;False;False;True;True;16.96185797726271
304;274;2016-06-01;257307.8588911706;1468.2466904430185;5.0;18.0;False;False;False;False;False;True;True;19.401180382433072
304;274;2016-07-01;386804.58906402986;1468.2466904430185;5.0;18.0;False;False;False;False;False;True;True;21.32305825008297
305;275;2014-01-01;1608542.5212936243;2479.178923471016;5.0;18.0;False;False;False;False;False;True;True;11.1431840880552
305;275;2014-02-01;1592705.384583566;2479.178923471016;5.0;18.0;False;False;False;False;False;True;True;12.204535957921411
305;275;2014-03-01;1749461.78076291;2479.178923471016;5.0;18.0;False;False;False;False;False;True;True;13.182095292577824
305;275;2014-04-01;1865881.4791866755;2479.178923471016;5.0;18.0;False;False;False;False;False;True;True;15.084608638230538
305;275;2014-05-01;2189319.848571468;2479.178923471016;5.0;18.0;False;False;False;False;False;True;True;15.007417672450508
305;275;2014-06-01;2676974.8907460715;2479.178923471016;5.0;18.0;False;False;False;False;False;True;True;17.60630221210198
305;275;2014-07-01;3171177.371370573;2479.178923471016;5.0;18.0;False;False;False;False;False;True;True;17.02814087022849
305;275;2014-08-01;2912651.9849942606;2479.178923471016;5.0;18.0;False;False;False;False;False;True;True;16.768820314896253
305;275;2014-09-01;3014694.5655139224;2479.178923471016;5.0;18.0;False;False;False;False;False;True;True;16.227282433689336
305;275;2014-10-01;3412580.0122865653;2479.178923471016;5.0;18.0;False;False;False;False;False;True;True;14.53081529820492
305;275;2014-11-01;2325895.3096686467;2479.178923471016;5.0;18.0;False;False;False;False;False;True;True;12.603836181081192
305;275;2014-12-01;1633068.9697278636;2479.178923471016;5.0;18.0;False;False;False;False;False;True;True;9.994714275622268
305;275;2015-01-01;1435451.134332119;2479.178923471016;5.0;18.0;False;False;False;False;False;True;True;9.817247733789548
306;275;2015-03-01;1270129.3606312585;2479.178923471016;5.0;18.0;False;False;False;False;False;True;True;12.60792026996771
306;275;2015-04-01;1559172.703552798;2479.178923471016;5.0;18.0;False;False;False;False;False;True;True;14.895697905434822
306;275;2015-05-01;1772124.8852526995;2479.178923471016;5.0;18.0;False;False;False;False;False;True;True;17.141654142366107
306;275;2015-06-01;2035217.727999821;2479.178923471016;5.0;18.0;False;False;False;False;False;True;True;19.39294481553273
307;275;2015-08-01;2221958.401830543;2479.178923471016;5.0;18.0;False;False;False;False;False;True;True;20.49907454866584
307;275;2015-09-01;2253096.255475296;2479.178923471016;5.0;18.0;False;False;False;False;False;True;True;17.621727802535418
307;275;2015-10-01;1763009.9252417614;2479.178923471016;5.0;18.0;False;False;False;False;False;True;True;14.792289238072366
307;275;2015-11-01;1651615.957834034;2479.178923471016;5.0;18.0;False;False;False;False;False;True;True;12.474742852144688
307;275;2015-12-01;1623511.266544479;2479.178923471016;5.0;18.0;False;False;False;False;False;True;True;10.585770904643011
307;275;2016-01-01;1452717.677983842;2479.178923471016;5.0;18.0;False;False;False;False;False;True;True;10.044430381276952
307;275;2016-02-01;1829949.419971608;2479.178923471016;5.0;18.0;False;False;False;False;False;True;True;12.181250227658523
307;275;2016-03-01;1731052.7522075507;2479.178923471016;5.0;18.0;False;False;False;False;False;True;True;12.515167674172917
307;275;2016-04-01;1986302.397427708;2479.178923471016;5.0;18.0;False;False;False;False;False;True;True;15.29589403743588
307;275;2016-05-01;1928460.55900672;2479.178923471016;5.0;18.0;False;False;False;False;False;True;True;16.96185797726271
307;275;2016-06-01;2373215.1406740258;2479.178923471016;5.0;18.0;False;False;False;False;False;True;True;19.401180382433072
307;275;2016-07-01;2333811.49285865;2479.178923471016;5.0;18.0;False;False;False;False;False;True;True;21.32305825008297
307;275;2016-08-01;2212012.819620552;2479.178923471016;5.0;18.0;False;False;False;False;False;True;True;20.742745780697103
308;275;2016-10-01;1448285.7874839865;2479.178923471016;5.0;18.0;False;False;False;False;False;True;True;15.324236311387889
308;275;2016-11-01;1667850.265328427;2479.178923471016;5.0;18.0;False;False;False;False;False;True;True;12.177426391472933
308;275;2016-12-01;1608269.3059015798;2479.178923471016;5.0;18.0;False;False;False;False;False;True;True;9.090210333213026
308;275;2017-01-01;1301497.3873212158;2479.178923471016;5.0;18.0;False;False;False;False;False;True;True;8.220158448422033
309;276;2014-03-01;5527.282317504806;621.276731195394;5.0;18.0;False;False;False;False;False;True;True;13.182095292577824
309;276;2014-04-01;5539.876074824703;621.276731195394;5.0;18.0;False;False;False;False;False;True;True;15.084608638230538
309;276;2014-05-01;7193.2139008093445;621.276731195394;5.0;18.0;False;False;False;False;False;True;True;15.007417672450508
309;276;2014-06-01;7943.791236196521;621.276731195394;5.0;18.0;False;False;False;False;False;True;True;17.60630221210198
309;276;2014-07-01;9179.246345780968;621.276731195394;5.0;18.0;False;False;False;False;False;True;True;17.02814087022849
309;276;2014-08-01;8470.020995569605;621.276731195394;5.0;18.0;False;False;False;False;False;True;True;16.768820314896253
309;276;2014-09-01;7809.953298470198;621.276731195394;5.0;18.0;False;False;False;False;False;True;True;16.227282433689336
309;276;2014-10-01;6305.592268361844;621.276731195394;5.0;18.0;False;False;False;False;False;True;True;14.53081529820492
309;276;2014-11-01;5250.523551875873;621.276731195394;5.0;18.0;False;False;False;False;False;True;True;12.603836181081192
309;276;2014-12-01;6864.723703533284;621.276731195394;5.0;18.0;False;False;False;False;False;True;True;9.994714275622268
309;276;2015-01-01;6002.219979037092;621.276731195394;5.0;18.0;False;False;False;False;False;True;True;9.817247733789548
309;276;2015-02-01;6181.618903692541;621.276731195394;5.0;18.0;False;False;False;False;False;True;True;8.827408379093514
309;276;2015-03-01;5677.213360813196;621.276731195394;5.0;18.0;False;False;False;False;False;True;True;12.60792026996771
309;276;2015-04-01;6818.581332392641;621.276731195394;5.0;18.0;False;False;False;False;False;True;True;14.895697905434822
309;276;2015-05-01;7467.340860382273;621.276731195394;5.0;18.0;False;False;False;False;False;True;True;17.141654142366107
309;276;2015-06-01;7885.276810556815;621.276731195394;5.0;18.0;False;False;False;False;False;True;True;19.39294481553273
309;276;2015-07-01;9324.70984148328;621.276731195394;5.0;18.0;False;False;False;False;False;True;True;21.53785193429267
309;276;2015-08-01;8458.866172389042;621.276731195394;5.0;18.0;False;False;False;False;False;True;True;20.49907454866584
309;276;2015-09-01;7461.655283973446;621.276731195394;5.0;18.0;False;False;False;False;False;True;True;17.621727802535418
309;276;2015-10-01;6771.908576672131;621.276731195394;5.0;18.0;False;False;False;False;False;True;True;14.792289238072366
309;276;2015-11-01;6682.373980959084;621.276731195394;5.0;18.0;False;False;False;False;False;True;True;12.474742852144688
309;276;2015-12-01;6728.907276602857;621.276731195394;5.0;18.0;False;False;False;False;False;True;True;10.585770904643011
309;276;2016-01-01;6038.57618468784;621.276731195394;5.0;18.0;False;False;False;False;False;True;True;10.044430381276952
309;276;2016-02-01;5521.75983786052;621.276731195394;5.0;18.0;False;False;False;False;False;True;True;12.181250227658523
309;276;2016-03-01;4316.150650871492;621.276731195394;5.0;18.0;False;False;False;False;False;True;True;12.515167674172917
309;276;2016-04-01;5109.047231933872;621.276731195394;5.0;18.0;False;False;False;False;False;True;True;15.29589403743588
309;276;2016-05-01;5192.594451364746;621.276731195394;5.0;18.0;False;False;False;False;False;True;True;16.96185797726271
309;276;2016-06-01;7211.894541884766;621.276731195394;5.0;18.0;False;False;False;False;False;True;True;19.401180382433072
309;276;2016-07-01;7310.336050460428;621.276731195394;5.0;18.0;False;False;False;False;False;True;True;21.32305825008297
309;276;2016-08-01;7537.022026943843;621.276731195394;5.0;18.0;False;False;False;False;False;True;True;20.742745780697103
309;276;2016-09-01;6639.247565200403;621.276731195394;5.0;18.0;False;False;False;False;False;True;True;19.343314778472426
309;276;2016-10-01;4683.703478407947;621.276731195394;5.0;18.0;False;False;False;False;False;True;True;15.324236311387889
309;276;2016-11-01;5013.322390058236;621.276731195394;5.0;18.0;False;False;False;False;False;True;True;12.177426391472933
309;276;2016-12-01;5891.977031416701;621.276731195394;5.0;18.0;False;False;False;False;False;True;True;9.090210333213026
309;276;2017-01-01;5825.979217118135;621.276731195394;5.0;18.0;False;False;False;False;False;True;True;8.220158448422033
309;276;2017-02-01;4710.47223385014;621.276731195394;5.0;18.0;False;False;False;False;False;True;True;11.089617159986588
309;276;2017-03-01;4267.464210322596;621.276731195394;5.0;18.0;False;False;False;False;False;True;True;13.587104379909494
309;276;2017-04-01;4309.007954077297;621.276731195394;5.0;18.0;False;False;False;False;False;True;True;14.894739608181292
309;276;2017-05-01;5266.649598983228;621.276731195394;5.0;18.0;False;False;False;False;False;True;True;17.435992917198842
309;276;2017-06-01;6412.31363205476;621.276731195394;5.0;18.0;False;False;False;False;False;True;True;20.887620035041337
309;276;2017-07-01;7463.180787878698;621.276731195394;5.0;18.0;False;False;False;False;False;True;True;21.37875162596229
309;276;2017-08-01;8038.928984774441;621.276731195394;5.0;18.0;False;False;False;False;False;True;True;22.11828355029739
309;276;2017-09-01;5995.1746650872365;621.276731195394;5.0;18.0;False;False;False;False;False;True;True;18.007116473367873
309;276;2017-10-01;4798.670414799149;621.276731195394;5.0;18.0;False;False;False;False;False;True;True;15.89606581655819
310;277;2014-06-01;22929.02756348328;680.5766567313112;5.0;18.0;False;False;False;False;False;True;True;17.60630221210198
310;277;2014-07-01;24339.516793982268;680.5766567313112;5.0;18.0;False;False;False;False;False;True;True;17.02814087022849
310;277;2014-08-01;22085.612947975034;680.5766567313112;5.0;18.0;False;False;False;False;False;True;True;16.768820314896253
310;277;2014-09-01;22215.23452971224;680.5766567313112;5.0;18.0;False;False;False;False;False;True;True;16.227282433689336
310;277;2014-10-01;20092.043599767247;680.5766567313112;5.0;18.0;False;False;False;False;False;True;True;14.53081529820492
310;277;2014-11-01;18462.9300023286;680.5766567313112;5.0;18.0;False;False;False;False;False;True;True;12.603836181081192
310;277;2014-12-01;17942.090796510845;680.5766567313112;5.0;18.0;False;False;False;False;False;True;True;9.994714275622268
310;277;2015-01-01;17878.621984681587;680.5766567313112;5.0;18.0;False;False;False;False;False;True;True;9.817247733789548
310;277;2015-02-01;17179.882562727118;680.5766567313112;5.0;18.0;False;False;False;False;False;True;True;8.827408379093514
310;277;2015-03-01;16218.17598037446;680.5766567313112;5.0;18.0;False;False;False;False;False;True;True;12.60792026996771
310;277;2015-04-01;18897.53146583626;680.5766567313112;5.0;18.0;False;False;False;False;False;True;True;14.895697905434822
310;277;2015-05-01;21483.40392956465;680.5766567313112;5.0;18.0;False;False;False;False;False;True;True;17.141654142366107
310;277;2015-06-01;23612.365077393195;680.5766567313112;5.0;18.0;False;False;False;False;False;True;True;19.39294481553273
310;277;2015-07-01;26589.313599042234;680.5766567313112;5.0;18.0;False;False;False;False;False;True;True;21.53785193429267
310;277;2015-08-01;24316.94546274869;680.5766567313112;5.0;18.0;False;False;False;False;False;True;True;20.49907454866584
310;277;2015-09-01;25554.442565008805;680.5766567313112;5.0;18.0;False;False;False;False;False;True;True;17.621727802535418
310;277;2015-10-01;22032.494633268547;680.5766567313112;5.0;18.0;False;False;False;False;False;True;True;14.792289238072366
310;277;2015-11-01;19172.950047571696;680.5766567313112;5.0;18.0;False;False;False;False;False;True;True;12.474742852144688
310;277;2015-12-01;18819.990672364787;680.5766567313112;5.0;18.0;False;False;False;False;False;True;True;10.585770904643011
310;277;2016-01-01;16985.36016442729;680.5766567313112;5.0;18.0;False;False;False;False;False;True;True;10.044430381276952
310;277;2016-02-01;18703.640194689666;680.5766567313112;5.0;18.0;False;False;False;False;False;True;True;12.181250227658523
310;277;2016-03-01;17924.297835330515;680.5766567313112;5.0;18.0;False;False;False;False;False;True;True;12.515167674172917
310;277;2016-04-01;21173.839606314523;680.5766567313112;5.0;18.0;False;False;False;False;False;True;True;15.29589403743588
310;277;2016-05-01;20916.980811716818;680.5766567313112;5.0;18.0;False;False;False;False;False;True;True;16.96185797726271
310;277;2016-06-01;24520.243250565985;680.5766567313112;5.0;18.0;False;False;False;False;False;True;True;19.401180382433072
310;277;2016-07-01;26726.748991614662;680.5766567313112;5.0;18.0;False;False;False;False;False;True;True;21.32305825008297
310;277;2016-08-01;25359.949694259187;680.5766567313112;5.0;18.0;False;False;False;False;False;True;True;20.742745780697103
310;277;2016-09-01;24794.315435620083;680.5766567313112;5.0;18.0;False;False;False;False;False;True;True;19.343314778472426
310;277;2016-10-01;20214.01732925974;680.5766567313112;5.0;18.0;False;False;False;False;False;True;True;15.324236311387889
310;277;2016-11-01;11287.09856981153;680.5766567313112;5.0;18.0;False;False;False;False;False;True;True;12.177426391472933
310;277;2016-12-01;12746.73678308003;680.5766567313112;5.0;18.0;False;False;False;False;False;True;True;9.090210333213026
310;277;2017-01-01;11190.412609122;680.5766567313112;5.0;18.0;False;False;False;False;False;True;True;8.220158448422033
310;277;2017-02-01;10261.475700922514;680.5766567313112;5.0;18.0;False;False;False;False;False;True;True;11.089617159986588
310;277;2017-03-01;9534.656831296315;680.5766567313112;5.0;18.0;False;False;False;False;False;True;True;13.587104379909494
310;277;2017-04-01;8834.13691365066;680.5766567313112;5.0;18.0;False;False;False;False;False;True;True;14.894739608181292
310;277;2017-05-01;11857.076607776386;680.5766567313112;5.0;18.0;False;False;False;False;False;True;True;17.435992917198842
310;277;2017-06-01;14285.25288745994;680.5766567313112;5.0;18.0;False;False;False;False;False;True;True;20.887620035041337
310;277;2017-07-01;16163.654413109663;680.5766567313112;5.0;18.0;False;False;False;False;False;True;True;21.37875162596229
310;277;2017-08-01;16302.33690982063;680.5766567313112;5.0;18.0;False;False;False;False;False;True;True;22.11828355029739
310;277;2017-09-01;14112.878324949806;680.5766567313112;5.0;18.0;False;False;False;False;False;True;True;18.007116473367873
310;277;2017-10-01;9772.189206760027;680.5766567313112;5.0;18.0;False;False;False;False;False;True;True;15.89606581655819
310;277;2017-11-01;8477.050962195788;680.5766567313112;5.0;18.0;False;False;False;False;False;True;True;11.848114658126905
311;279;2013-05-01;412033.4899639048;1287.6780248886207;5.0;18.0;False;False;False;False;False;True;True;11.437205108882877
311;279;2013-06-01;420738.4101321561;1287.6780248886207;5.0;18.0;False;False;False;False;False;True;True;9.34033570701933
311;279;2013-07-01;529616.6305372316;1287.6780248886207;5.0;18.0;False;False;False;False;False;True;True;9.28215510971985
311;279;2013-08-01;526793.8979239634;1287.6780248886207;5.0;18.0;False;False;False;False;False;True;True;10.718845608782434
311;279;2013-09-01;438511.9788756889;1287.6780248886207;5.0;18.0;False;False;False;False;False;True;True;11.332531404826844
311;279;2013-10-01;258349.81970313896;1287.6780248886207;5.0;18.0;False;False;False;False;False;True;True;13.491441487583788
311;279;2013-11-01;197811.2560633543;1287.6780248886207;5.0;18.0;False;False;False;False;False;True;True;15.371231557821652
311;279;2013-12-01;101831.27701338624;1287.6780248886207;5.0;18.0;False;False;False;False;False;True;True;14.390944069096545
311;279;2014-01-01;88564.90177632467;1287.6780248886207;5.0;18.0;False;False;False;False;False;True;True;11.1431840880552
311;279;2014-02-01;99031.9474141187;1287.6780248886207;5.0;18.0;False;False;False;False;False;True;True;12.204535957921411
311;279;2014-03-01;103269.35406053669;1287.6780248886207;5.0;18.0;False;False;False;False;False;True;True;13.182095292577824
311;279;2014-04-01;198358.94363394016;1287.6780248886207;5.0;18.0;False;False;False;False;False;True;True;15.084608638230538
311;279;2014-05-01;288302.9225724039;1287.6780248886207;5.0;18.0;False;False;False;False;False;True;True;15.007417672450508
312;279;2014-07-01;655551.3096706892;1287.6780248886207;5.0;18.0;False;False;False;False;False;True;True;17.02814087022849
312;279;2014-08-01;590016.5411459493;1287.6780248886207;5.0;18.0;False;False;False;False;False;True;True;16.768820314896253
312;279;2014-09-01;472363.1017299733;1287.6780248886207;5.0;18.0;False;False;False;False;False;True;True;16.227282433689336
312;279;2014-10-01;321183.0194079202;1287.6780248886207;5.0;18.0;False;False;False;False;False;True;True;14.53081529820492
313;279;2014-12-01;107793.98043641503;1287.6780248886207;5.0;18.0;False;False;False;False;False;True;True;9.994714275622268
313;279;2015-01-01;152370.76649345423;1287.6780248886207;5.0;18.0;False;False;False;False;False;True;True;9.817247733789548
313;279;2015-02-01;136326.17063495243;1287.6780248886207;5.0;18.0;False;False;False;False;False;True;True;8.827408379093514
313;279;2015-03-01;74350.86588868836;1287.6780248886207;5.0;18.0;False;False;False;False;False;True;True;12.60792026996771
313;279;2015-04-01;120980.69153835048;1287.6780248886207;5.0;18.0;False;False;False;False;False;True;True;14.895697905434822
313;279;2015-05-01;275097.7318978153;1287.6780248886207;5.0;18.0;False;False;False;False;False;True;True;17.141654142366107
313;279;2015-06-01;335204.44247893034;1287.6780248886207;5.0;18.0;False;False;False;False;False;True;True;19.39294481553273
313;279;2015-07-01;480598.8056117361;1287.6780248886207;5.0;18.0;False;False;False;False;False;True;True;21.53785193429267
313;279;2015-08-01;535248.7744744784;1287.6780248886207;5.0;18.0;False;False;False;False;False;True;True;20.49907454866584
313;279;2015-09-01;474229.0609660392;1287.6780248886207;5.0;18.0;False;False;False;False;False;True;True;17.621727802535418
313;279;2015-10-01;252587.86397886687;1287.6780248886207;5.0;18.0;False;False;False;False;False;True;True;14.792289238072366
313;279;2015-11-01;152452.04814663815;1287.6780248886207;5.0;18.0;False;False;False;False;False;True;True;12.474742852144688
313;279;2015-12-01;106633.46606104307;1287.6780248886207;5.0;18.0;False;False;False;False;False;True;True;10.585770904643011
314;279;2016-02-01;101739.57537554344;1287.6780248886207;5.0;18.0;False;False;False;False;False;True;True;12.181250227658523
314;279;2016-03-01;101616.16493180917;1287.6780248886207;5.0;18.0;False;False;False;False;False;True;True;12.515167674172917
314;279;2016-04-01;117571.70593912726;1287.6780248886207;5.0;18.0;False;False;False;False;False;True;True;15.29589403743588
314;279;2016-05-01;78389.17351512906;1287.6780248886207;5.0;18.0;False;False;False;False;False;True;True;16.96185797726271
315;280;2015-09-01;4662.504930882058;407.1703832810745;5.0;18.0;False;False;False;False;False;True;True;17.621727802535418
315;280;2015-10-01;3436.816816533813;407.1703832810745;5.0;18.0;False;False;False;False;False;True;True;14.792289238072366
315;280;2015-11-01;2689.666999752648;407.1703832810745;5.0;18.0;False;False;False;False;False;True;True;12.474742852144688
315;280;2015-12-01;2727.9980203486234;407.1703832810745;5.0;18.0;False;False;False;False;False;True;True;10.585770904643011
315;280;2016-01-01;2973.6819999413747;407.1703832810745;5.0;18.0;False;False;False;False;False;True;True;10.044430381276952
315;280;2016-02-01;3210.719997153069;407.1703832810745;5.0;18.0;False;False;False;False;False;True;True;12.181250227658523
315;280;2016-03-01;2942.7811630151546;407.1703832810745;5.0;18.0;False;False;False;False;False;True;True;12.515167674172917
315;280;2016-04-01;2555.8566413146327;407.1703832810745;5.0;18.0;False;False;False;False;False;True;True;15.29589403743588
315;280;2016-05-01;2267.3070852420087;407.1703832810745;5.0;18.0;False;False;False;False;False;True;True;16.96185797726271
315;280;2016-06-01;3689.087137248738;407.1703832810745;5.0;18.0;False;False;False;False;False;True;True;19.401180382433072
315;280;2016-07-01;4217.312104067458;407.1703832810745;5.0;18.0;False;False;False;False;False;True;True;21.32305825008297
315;280;2016-08-01;4656.582273579994;407.1703832810745;5.0;18.0;False;False;False;False;False;True;True;20.742745780697103
315;280;2016-09-01;3501.429846440661;407.1703832810745;5.0;18.0;False;False;False;False;False;True;True;19.343314778472426
315;280;2016-10-01;2595.7636857439657;407.1703832810745;5.0;18.0;False;False;False;False;False;True;True;15.324236311387889
315;280;2016-11-01;3376.697589989348;407.1703832810745;5.0;18.0;False;False;False;False;False;True;True;12.177426391472933
315;280;2016-12-01;4170.823881193497;407.1703832810745;5.0;18.0;False;False;False;False;False;True;True;9.090210333213026
315;280;2017-01-01;4054.651341194578;407.1703832810745;5.0;18.0;False;False;False;False;False;True;True;8.220158448422033
315;280;2017-02-01;3894.264941493388;407.1703832810745;5.0;18.0;False;False;False;False;False;True;True;11.089617159986588
315;280;2017-03-01;2999.944325209136;407.1703832810745;5.0;18.0;False;False;False;False;False;True;True;13.587104379909494
315;280;2017-04-01;2428.7613170276645;407.1703832810745;5.0;18.0;False;False;False;False;False;True;True;14.894739608181292
315;280;2017-05-01;2592.606533992607;407.1703832810745;5.0;18.0;False;False;False;False;False;True;True;17.435992917198842
315;280;2017-06-01;3661.869529198256;407.1703832810745;5.0;18.0;False;False;False;False;False;True;True;20.887620035041337
315;280;2017-07-01;3873.555345608788;407.1703832810745;5.0;18.0;False;False;False;False;False;True;True;21.37875162596229
315;280;2017-08-01;4157.533057811321;407.1703832810745;5.0;18.0;False;False;False;False;False;True;True;22.11828355029739
315;280;2017-09-01;3907.224757234916;407.1703832810745;5.0;18.0;False;False;False;False;False;True;True;18.007116473367873
315;280;2017-10-01;2709.6316038569803;407.1703832810745;5.0;18.0;False;False;False;False;False;True;True;15.89606581655819
315;280;2017-11-01;2900.441314130414;407.1703832810745;5.0;18.0;False;False;False;False;False;True;True;11.848114658126905
316;281;2013-05-01;19321.36666679187;2171.888160341304;5.0;18.0;False;False;False;False;False;True;True;11.437205108882877
316;281;2013-06-01;15502.31639727992;2171.888160341304;5.0;18.0;False;False;False;False;False;True;True;9.34033570701933
316;281;2013-07-01;16851.860858864562;2171.888160341304;5.0;18.0;False;False;False;False;False;True;True;9.28215510971985
316;281;2013-08-01;16707.196725983467;2171.888160341304;5.0;18.0;False;False;False;False;False;True;True;10.718845608782434
316;281;2013-09-01;16481.085650619625;2171.888160341304;5.0;18.0;False;False;False;False;False;True;True;11.332531404826844
316;281;2013-10-01;15383.968052259774;2171.888160341304;5.0;18.0;False;False;False;False;False;True;True;13.491441487583788
316;281;2013-11-01;16539.774723156464;2171.888160341304;5.0;18.0;False;False;False;False;False;True;True;15.371231557821652
316;281;2013-12-01;15663.344202251095;2171.888160341304;5.0;18.0;False;False;False;False;False;True;True;14.390944069096545
316;281;2014-01-01;14143.717362921663;2171.888160341304;5.0;18.0;False;False;False;False;False;True;True;11.1431840880552
316;281;2014-02-01;16020.083419825383;2171.888160341304;5.0;18.0;False;False;False;False;False;True;True;12.204535957921411
316;281;2014-03-01;14114.76694660984;2171.888160341304;5.0;18.0;False;False;False;False;False;True;True;13.182095292577824
316;281;2014-04-01;15612.72488532106;2171.888160341304;5.0;18.0;False;False;False;False;False;True;True;15.084608638230538
316;281;2014-05-01;16237.544646360966;2171.888160341304;5.0;18.0;False;False;False;False;False;True;True;15.007417672450508
316;281;2014-06-01;15372.83576759138;2171.888160341304;5.0;18.0;False;False;False;False;False;True;True;17.60630221210198
316;281;2014-07-01;15421.744521303546;2171.888160341304;5.0;18.0;False;False;False;False;False;True;True;17.02814087022849
316;281;2014-08-01;13755.001952380902;2171.888160341304;5.0;18.0;False;False;False;False;False;True;True;16.768820314896253
316;281;2014-09-01;15221.561494522026;2171.888160341304;5.0;18.0;False;False;False;False;False;True;True;16.227282433689336
316;281;2014-10-01;14646.78902127427;2171.888160341304;5.0;18.0;False;False;False;False;False;True;True;14.53081529820492
316;281;2014-11-01;14400.08402108725;2171.888160341304;5.0;18.0;False;False;False;False;False;True;True;12.603836181081192
316;281;2014-12-01;16010.223455531712;2171.888160341304;5.0;18.0;False;False;False;False;False;True;True;9.994714275622268
316;281;2015-01-01;13536.585204837173;2171.888160341304;5.0;18.0;False;False;False;False;False;True;True;9.817247733789548
316;281;2015-02-01;13650.425597242658;2171.888160341304;5.0;18.0;False;False;False;False;False;True;True;8.827408379093514
316;281;2015-03-01;13348.369492526244;2171.888160341304;5.0;18.0;False;False;False;False;False;True;True;12.60792026996771
316;281;2015-04-01;14273.624092019869;2171.888160341304;5.0;18.0;False;False;False;False;False;True;True;14.895697905434822
316;281;2015-05-01;14333.077392366826;2171.888160341304;5.0;18.0;False;False;False;False;False;True;True;17.141654142366107
316;281;2015-06-01;14880.489760342089;2171.888160341304;5.0;18.0;False;False;False;False;False;True;True;19.39294481553273
316;281;2015-07-01;14985.512331544953;2171.888160341304;5.0;18.0;False;False;False;False;False;True;True;21.53785193429267
316;281;2015-08-01;13101.603749414258;2171.888160341304;5.0;18.0;False;False;False;False;False;True;True;20.49907454866584
316;281;2015-09-01;14437.860048231174;2171.888160341304;5.0;18.0;False;False;False;False;False;True;True;17.621727802535418
316;281;2015-10-01;14806.345273731464;2171.888160341304;5.0;18.0;False;False;False;False;False;True;True;14.792289238072366
316;281;2015-11-01;14458.09523268802;2171.888160341304;5.0;18.0;False;False;False;False;False;True;True;12.474742852144688
316;281;2015-12-01;15312.647441281935;2171.888160341304;5.0;18.0;False;False;False;False;False;True;True;10.585770904643011
316;281;2016-01-01;13057.4955050531;2171.888160341304;5.0;18.0;False;False;False;False;False;True;True;10.044430381276952
316;281;2016-02-01;15018.169757471918;2171.888160341304;5.0;18.0;False;False;False;False;False;True;True;12.181250227658523
316;281;2016-03-01;10287.258330853365;2171.888160341304;5.0;18.0;False;False;False;False;False;True;True;12.515167674172917
316;281;2016-04-01;11209.216133135962;2171.888160341304;5.0;18.0;False;False;False;False;False;True;True;15.29589403743588
316;281;2016-05-01;9051.502938832798;2171.888160341304;5.0;18.0;False;False;False;False;False;True;True;16.96185797726271
316;281;2016-06-01;9925.718070098968;2171.888160341304;5.0;18.0;False;False;False;False;False;True;True;19.401180382433072
316;281;2016-07-01;8740.273816533272;2171.888160341304;5.0;18.0;False;False;False;False;False;True;True;21.32305825008297
316;281;2016-08-01;9142.317248432297;2171.888160341304;5.0;18.0;False;False;False;False;False;True;True;20.742745780697103
316;281;2016-09-01;9679.672786836722;2171.888160341304;5.0;18.0;False;False;False;False;False;True;True;19.343314778472426
316;281;2016-10-01;10008.724692632446;2171.888160341304;5.0;18.0;False;False;False;False;False;True;True;15.324236311387889
316;281;2016-11-01;10275.036283338151;2171.888160341304;5.0;18.0;False;False;False;False;False;True;True;12.177426391472933
316;281;2016-12-01;10148.678944341496;2171.888160341304;5.0;18.0;False;False;False;False;False;True;True;9.090210333213026
316;281;2017-01-01;9563.929286829549;2171.888160341304;5.0;18.0;False;False;False;False;False;True;True;8.220158448422033
316;281;2017-02-01;9616.375750233914;2171.888160341304;5.0;18.0;False;False;False;False;False;True;True;11.089617159986588
316;281;2017-03-01;9645.662070811237;2171.888160341304;5.0;18.0;False;False;False;False;False;True;True;13.587104379909494
316;281;2017-04-01;9121.157718102697;2171.888160341304;5.0;18.0;False;False;False;False;False;True;True;14.894739608181292
316;281;2017-05-01;9153.81928370981;2171.888160341304;5.0;18.0;False;False;False;False;False;True;True;17.435992917198842
316;281;2017-06-01;9499.953353057988;2171.888160341304;5.0;18.0;False;False;False;False;False;True;True;20.887620035041337
316;281;2017-07-01;9261.578073899627;2171.888160341304;5.0;18.0;False;False;False;False;False;True;True;21.37875162596229
316;281;2017-08-01;9494.383104988505;2171.888160341304;5.0;18.0;False;False;False;False;False;True;True;22.11828355029739
316;281;2017-09-01;9075.136843070906;2171.888160341304;5.0;18.0;False;False;False;False;False;True;True;18.007116473367873
316;281;2017-10-01;9041.212285109825;2171.888160341304;5.0;18.0;False;False;False;False;False;True;True;15.89606581655819
316;281;2017-11-01;9727.490877850189;2171.888160341304;5.0;18.0;False;False;False;False;False;True;True;11.848114658126905
317;282;2013-05-01;1548668.0326693663;2632.4945629108693;5.0;18.0;False;False;False;False;False;True;True;11.437205108882877
317;282;2013-06-01;1275342.337814493;2632.4945629108693;5.0;18.0;False;False;False;False;False;True;True;9.34033570701933
317;282;2013-07-01;1694277.152214152;2632.4945629108693;5.0;18.0;False;False;False;False;False;True;True;9.28215510971985
317;282;2013-08-01;1784334.7487517432;2632.4945629108693;5.0;18.0;False;False;False;False;False;True;True;10.718845608782434
317;282;2013-09-01;1350907.7286186048;2632.4945629108693;5.0;18.0;False;False;False;False;False;True;True;11.332531404826844
317;282;2013-10-01;493937.8562442644;2632.4945629108693;5.0;18.0;False;False;False;False;False;True;True;13.491441487583788
317;282;2013-11-01;233264.0269722507;2632.4945629108693;5.0;18.0;False;False;False;False;False;True;True;15.371231557821652
317;282;2013-12-01;396832.8453106156;2632.4945629108693;5.0;18.0;False;False;False;False;False;True;True;14.390944069096545
317;282;2014-01-01;204973.3155644764;2632.4945629108693;5.0;18.0;False;False;False;False;False;True;True;11.1431840880552
317;282;2014-02-01;226671.64947191268;2632.4945629108693;5.0;18.0;False;False;False;False;False;True;True;12.204535957921411
317;282;2014-03-01;206520.4014820665;2632.4945629108693;5.0;18.0;False;False;False;False;False;True;True;13.182095292577824
317;282;2014-04-01;118562.50949892664;2632.4945629108693;5.0;18.0;False;False;False;False;False;True;True;15.084608638230538
317;282;2014-05-01;479980.5399100697;2632.4945629108693;5.0;18.0;False;False;False;False;False;True;True;15.007417672450508
318;282;2014-07-01;1752528.1374030004;2632.4945629108693;5.0;18.0;False;False;False;False;False;True;True;17.02814087022849
318;282;2014-08-01;1590588.456370219;2632.4945629108693;5.0;18.0;False;False;False;False;False;True;True;16.768820314896253
318;282;2014-09-01;1237471.1979076085;2632.4945629108693;5.0;18.0;False;False;False;False;False;True;True;16.227282433689336
318;282;2014-10-01;738857.9659453256;2632.4945629108693;5.0;18.0;False;False;False;False;False;True;True;14.53081529820492
319;282;2014-12-01;416995.7143155519;2632.4945629108693;5.0;18.0;False;False;False;False;False;True;True;9.994714275622268
319;282;2015-01-01;388316.47771865886;2632.4945629108693;5.0;18.0;False;False;False;False;False;True;True;9.817247733789548
319;282;2015-02-01;429063.285073308;2632.4945629108693;5.0;18.0;False;False;False;False;False;True;True;8.827408379093514
319;282;2015-03-01;270417.48422835494;2632.4945629108693;5.0;18.0;False;False;False;False;False;True;True;12.60792026996771
319;282;2015-04-01;281478.896140453;2632.4945629108693;5.0;18.0;False;False;False;False;False;True;True;14.895697905434822
319;282;2015-05-01;706951.9566127929;2632.4945629108693;5.0;18.0;False;False;False;False;False;True;True;17.141654142366107
319;282;2015-06-01;1037353.3487260625;2632.4945629108693;5.0;18.0;False;False;False;False;False;True;True;19.39294481553273
319;282;2015-07-01;1544035.1253025748;2632.4945629108693;5.0;18.0;False;False;False;False;False;True;True;21.53785193429267
319;282;2015-08-01;1424777.5310900654;2632.4945629108693;5.0;18.0;False;False;False;False;False;True;True;20.49907454866584
319;282;2015-09-01;1250764.6511210103;2632.4945629108693;5.0;18.0;False;False;False;False;False;True;True;17.621727802535418
319;282;2015-10-01;628525.2730288085;2632.4945629108693;5.0;18.0;False;False;False;False;False;True;True;14.792289238072366
319;282;2015-11-01;343257.47416950663;2632.4945629108693;5.0;18.0;False;False;False;False;False;True;True;12.474742852144688
319;282;2015-12-01;590412.9555756911;2632.4945629108693;5.0;18.0;False;False;False;False;False;True;True;10.585770904643011
320;282;2016-02-01;62245.60815821116;2632.4945629108693;5.0;18.0;False;False;False;False;False;True;True;12.181250227658523
320;282;2016-03-01;250303.5273841269;2632.4945629108693;5.0;18.0;False;False;False;False;False;True;True;12.515167674172917
320;282;2016-04-01;254603.86477247777;2632.4945629108693;5.0;18.0;False;False;False;False;False;True;True;15.29589403743588
320;282;2016-05-01;294106.46068479365;2632.4945629108693;5.0;18.0;False;False;False;False;False;True;True;16.96185797726271
321;283;2015-12-01;122330.42311953976;10363.82371387584;15.0;18.0;False;False;False;False;False;True;True;10.585770904643011
321;283;2016-01-01;155238.3444931366;10363.82371387584;15.0;18.0;False;False;False;False;False;True;True;10.044430381276952
321;283;2016-02-01;154550.88269499;10363.82371387584;15.0;18.0;False;False;False;False;False;True;True;12.181250227658523
321;283;2016-03-01;150428.84318800003;10363.82371387584;15.0;18.0;False;False;False;False;False;True;True;12.515167674172917
321;283;2016-04-01;151464.1063126716;10363.82371387584;15.0;18.0;False;False;False;False;False;True;True;15.29589403743588
321;283;2016-05-01;140144.3609175453;10363.82371387584;15.0;18.0;False;False;False;False;False;True;True;16.96185797726271
321;283;2016-06-01;160104.69109311778;10363.82371387584;15.0;18.0;False;False;False;False;False;True;True;19.401180382433072
321;283;2016-07-01;212627.90949317545;10363.82371387584;15.0;18.0;False;False;False;False;False;True;True;21.32305825008297
321;283;2016-08-01;220973.0555264632;10363.82371387584;15.0;18.0;False;False;False;False;False;True;True;20.742745780697103
321;283;2016-09-01;213501.1823139977;10363.82371387584;15.0;18.0;False;False;False;False;False;True;True;19.343314778472426
321;283;2016-10-01;143009.4817810178;10363.82371387584;15.0;18.0;False;False;False;False;False;True;True;15.324236311387889
321;283;2016-11-01;146210.71310386338;10363.82371387584;15.0;18.0;False;False;False;False;False;True;True;12.177426391472933
321;283;2016-12-01;131171.74914143878;10363.82371387584;15.0;18.0;False;False;False;False;False;True;True;9.090210333213026
321;283;2017-01-01;146305.83012420632;10363.82371387584;15.0;18.0;False;False;False;False;False;True;True;8.220158448422033
321;283;2017-02-01;148986.18949200318;10363.82371387584;15.0;18.0;False;False;False;False;False;True;True;11.089617159986588
321;283;2017-03-01;154593.34398459076;10363.82371387584;15.0;18.0;False;False;False;False;False;True;True;13.587104379909494
321;283;2017-04-01;149448.24501754856;10363.82371387584;15.0;18.0;False;False;False;False;False;True;True;14.894739608181292
321;283;2017-05-01;167539.31356463672;10363.82371387584;15.0;18.0;False;False;False;False;False;True;True;17.435992917198842
321;283;2017-06-01;219809.6393600212;10363.82371387584;15.0;18.0;False;False;False;False;False;True;True;20.887620035041337
321;283;2017-07-01;200205.65720173475;10363.82371387584;15.0;18.0;False;False;False;False;False;True;True;21.37875162596229
321;283;2017-08-01;219179.54979229005;10363.82371387584;15.0;18.0;False;False;False;False;False;True;True;22.11828355029739
321;283;2017-09-01;181033.4728515464;10363.82371387584;15.0;18.0;False;False;False;False;False;True;True;18.007116473367873
321;283;2017-10-01;179434.4481369447;10363.82371387584;15.0;18.0;False;False;False;False;False;True;True;15.89606581655819
322;284;2015-10-01;104130.78296450232;5703.070018789732;15.0;18.0;False;False;False;False;False;True;True;14.792289238072366
322;284;2015-11-01;86251.26525323655;5703.070018789732;15.0;18.0;False;False;False;False;False;True;True;12.474742852144688
322;284;2015-12-01;66002.67566127314;5703.070018789732;15.0;18.0;False;False;False;False;False;True;True;10.585770904643011
322;284;2016-01-01;71946.25319015747;5703.070018789732;15.0;18.0;False;False;False;False;False;True;True;10.044430381276952
322;284;2016-02-01;83653.881592128;5703.070018789732;15.0;18.0;False;False;False;False;False;True;True;12.181250227658523
322;284;2016-03-01;76697.78860396454;5703.070018789732;15.0;18.0;False;False;False;False;False;True;True;12.515167674172917
322;284;2016-04-01;87870.40568153882;5703.070018789732;15.0;18.0;False;False;False;False;False;True;True;15.29589403743588
322;284;2016-05-01;85579.47914359834;5703.070018789732;15.0;18.0;False;False;False;False;False;True;True;16.96185797726271
322;284;2016-06-01;84146.75665971065;5703.070018789732;15.0;18.0;False;False;False;False;False;True;True;19.401180382433072
322;284;2016-07-01;100535.1076224494;5703.070018789732;15.0;18.0;False;False;False;False;False;True;True;21.32305825008297
322;284;2016-08-01;92745.4035137546;5703.070018789732;15.0;18.0;False;False;False;False;False;True;True;20.742745780697103
322;284;2016-09-01;98896.19842416092;5703.070018789732;15.0;18.0;False;False;False;False;False;True;True;19.343314778472426
322;284;2016-10-01;88182.54134731794;5703.070018789732;15.0;18.0;False;False;False;False;False;True;True;15.324236311387889
322;284;2016-11-01;86313.8550948058;5703.070018789732;15.0;18.0;False;False;False;False;False;True;True;12.177426391472933
322;284;2016-12-01;70978.48537294398;5703.070018789732;15.0;18.0;False;False;False;False;False;True;True;9.090210333213026
322;284;2017-01-01;68193.2962981944;5703.070018789732;15.0;18.0;False;False;False;False;False;True;True;8.220158448422033
322;284;2017-02-01;77801.58740143118;5703.070018789732;15.0;18.0;False;False;False;False;False;True;True;11.089617159986588
322;284;2017-03-01;68010.02760858196;5703.070018789732;15.0;18.0;False;False;False;False;False;True;True;13.587104379909494
322;284;2017-04-01;79565.04821853235;5703.070018789732;15.0;18.0;False;False;False;False;False;True;True;14.894739608181292
322;284;2017-05-01;89451.68502701285;5703.070018789732;15.0;18.0;False;False;False;False;False;True;True;17.435992917198842
322;284;2017-06-01;93376.76509459986;5703.070018789732;15.0;18.0;False;False;False;False;False;True;True;20.887620035041337
322;284;2017-07-01;86239.65507589454;5703.070018789732;15.0;18.0;False;False;False;False;False;True;True;21.37875162596229
322;284;2017-08-01;79406.10989143023;5703.070018789732;15.0;18.0;False;False;False;False;False;True;True;22.11828355029739
322;284;2017-09-01;84315.50264156629;5703.070018789732;15.0;18.0;False;False;False;False;False;True;True;18.007116473367873
322;284;2017-10-01;80158.06204968682;5703.070018789732;15.0;18.0;False;False;False;False;False;True;True;15.89606581655819
322;284;2017-11-01;72242.31704809316;5703.070018789732;15.0;18.0;False;False;False;False;False;True;True;11.848114658126905
323;285;2016-04-01;26865.287697256124;5996.254722215235;15.0;18.0;False;False;False;False;False;True;True;15.29589403743588
323;285;2016-05-01;25575.820012110453;5996.254722215235;15.0;18.0;False;False;False;False;False;True;True;16.96185797726271
323;285;2016-06-01;28639.09837166353;5996.254722215235;15.0;18.0;False;False;False;False;False;True;True;19.401180382433072
323;285;2016-07-01;29884.337191207265;5996.254722215235;15.0;18.0;False;False;False;False;False;True;True;21.32305825008297
323;285;2016-08-01;27695.300021122654;5996.254722215235;15.0;18.0;False;False;False;False;False;True;True;20.742745780697103
323;285;2016-09-01;28482.65538872201;5996.254722215235;15.0;18.0;False;False;False;False;False;True;True;19.343314778472426
323;285;2016-10-01;27938.804398777564;5996.254722215235;15.0;18.0;False;False;False;False;False;True;True;15.324236311387889
323;285;2016-11-01;29807.386133882894;5996.254722215235;15.0;18.0;False;False;False;False;False;True;True;12.177426391472933
323;285;2016-12-01;33574.72759276641;5996.254722215235;15.0;18.0;False;False;False;False;False;True;True;9.090210333213026
323;285;2017-01-01;36387.50734517783;5996.254722215235;15.0;18.0;False;False;False;False;False;True;True;8.220158448422033
323;285;2017-02-01;36997.94131344231;5996.254722215235;15.0;18.0;False;False;False;False;False;True;True;11.089617159986588
323;285;2017-03-01;32305.610291427703;5996.254722215235;15.0;18.0;False;False;False;False;False;True;True;13.587104379909494
323;285;2017-04-01;27253.564027015607;5996.254722215235;15.0;18.0;False;False;False;False;False;True;True;14.894739608181292
323;285;2017-05-01;27444.98081753943;5996.254722215235;15.0;18.0;False;False;False;False;False;True;True;17.435992917198842
323;285;2017-06-01;31986.11282042572;5996.254722215235;15.0;18.0;False;False;False;False;False;True;True;20.887620035041337
323;285;2017-07-01;31091.88932077721;5996.254722215235;15.0;18.0;False;False;False;False;False;True;True;21.37875162596229
323;285;2017-08-01;31229.052028317245;5996.254722215235;15.0;18.0;False;False;False;False;False;True;True;22.11828355029739
323;285;2017-09-01;24919.71784278709;5996.254722215235;15.0;18.0;False;False;False;False;False;True;True;18.007116473367873
323;285;2017-10-01;28852.50199601186;5996.254722215235;15.0;18.0;False;False;False;False;False;True;True;15.89606581655819
324;286;2014-10-01;25374.219100548555;3580.1489907316864;5.0;18.0;False;False;False;False;False;True;True;14.53081529820492
324;286;2014-11-01;11218.097794321711;3580.1489907316864;5.0;18.0;False;False;False;False;False;True;True;12.603836181081192
324;286;2014-12-01;17013.301390413748;3580.1489907316864;5.0;18.0;False;False;False;False;False;True;True;9.994714275622268
324;286;2015-01-01;15397.858902771615;3580.1489907316864;5.0;18.0;False;False;False;False;False;True;True;9.817247733789548
324;286;2015-02-01;15505.420303210722;3580.1489907316864;5.0;18.0;False;False;False;False;False;True;True;8.827408379093514
324;286;2015-03-01;19061.134122358373;3580.1489907316864;5.0;18.0;False;False;False;False;False;True;True;12.60792026996771
324;286;2015-04-01;15827.89767911611;3580.1489907316864;5.0;18.0;False;False;False;False;False;True;True;14.895697905434822
324;286;2015-05-01;17854.32235507861;3580.1489907316864;5.0;18.0;False;False;False;False;False;True;True;17.141654142366107
324;286;2015-06-01;33148.927530925546;3580.1489907316864;5.0;18.0;False;False;False;False;False;True;True;19.39294481553273
324;286;2015-07-01;39199.36244701534;3580.1489907316864;5.0;18.0;False;False;False;False;False;True;True;21.53785193429267
324;286;2015-08-01;39367.78314401103;3580.1489907316864;5.0;18.0;False;False;False;False;False;True;True;20.49907454866584
324;286;2015-09-01;37918.62803225492;3580.1489907316864;5.0;18.0;False;False;False;False;False;True;True;17.621727802535418
324;286;2015-10-01;14094.79609579684;3580.1489907316864;5.0;18.0;False;False;False;False;False;True;True;14.792289238072366
324;286;2015-11-01;11806.413808080191;3580.1489907316864;5.0;18.0;False;False;False;False;False;True;True;12.474742852144688
324;286;2015-12-01;12429.144879128782;3580.1489907316864;5.0;18.0;False;False;False;False;False;True;True;10.585770904643011
324;286;2016-01-01;12891.580398878805;3580.1489907316864;5.0;18.0;False;False;False;False;False;True;True;10.044430381276952
324;286;2016-02-01;13084.596257119185;3580.1489907316864;5.0;18.0;False;False;False;False;False;True;True;12.181250227658523
324;286;2016-03-01;15133.097006569493;3580.1489907316864;5.0;18.0;False;False;False;False;False;True;True;12.515167674172917
324;286;2016-04-01;14302.432673713767;3580.1489907316864;5.0;18.0;False;False;False;False;False;True;True;15.29589403743588
324;286;2016-05-01;25190.41473207493;3580.1489907316864;5.0;18.0;False;False;False;False;False;True;True;16.96185797726271
324;286;2016-06-01;41797.25899417111;3580.1489907316864;5.0;18.0;False;False;False;False;False;True;True;19.401180382433072
324;286;2016-07-01;42540.92693883509;3580.1489907316864;5.0;18.0;False;False;False;False;False;True;True;21.32305825008297
324;286;2016-08-01;46187.37760250807;3580.1489907316864;5.0;18.0;False;False;False;False;False;True;True;20.742745780697103
324;286;2016-09-01;39815.26410279529;3580.1489907316864;5.0;18.0;False;False;False;False;False;True;True;19.343314778472426
324;286;2016-10-01;31989.3256078588;3580.1489907316864;5.0;18.0;False;False;False;False;False;True;True;15.324236311387889
324;286;2016-11-01;22634.3962513312;3580.1489907316864;5.0;18.0;False;False;False;False;False;True;True;12.177426391472933
324;286;2016-12-01;22068.382883773;3580.1489907316864;5.0;18.0;False;False;False;False;False;True;True;9.090210333213026
324;286;2017-01-01;24427.161174599405;3580.1489907316864;5.0;18.0;False;False;False;False;False;True;True;8.220158448422033
324;286;2017-02-01;78536.35385953933;3580.1489907316864;5.0;18.0;False;False;False;False;False;True;True;11.089617159986588
324;286;2017-03-01;33715.38221089551;3580.1489907316864;5.0;18.0;False;False;False;False;False;True;True;13.587104379909494
324;286;2017-04-01;20614.27819767225;3580.1489907316864;5.0;18.0;False;False;False;False;False;True;True;14.894739608181292
324;286;2017-05-01;21782.70346182318;3580.1489907316864;5.0;18.0;False;False;False;False;False;True;True;17.435992917198842
324;286;2017-06-01;43151.02412232909;3580.1489907316864;5.0;18.0;False;False;False;False;False;True;True;20.887620035041337
324;286;2017-07-01;53825.99049377252;3580.1489907316864;5.0;18.0;False;False;False;False;False;True;True;21.37875162596229
324;286;2017-08-01;58775.15987695411;3580.1489907316864;5.0;18.0;False;False;False;False;False;True;True;22.11828355029739
324;286;2017-09-01;43053.243095291175;3580.1489907316864;5.0;18.0;False;False;False;False;False;True;True;18.007116473367873
324;286;2017-10-01;24759.296887504;3580.1489907316864;5.0;18.0;False;False;False;False;False;True;True;15.89606581655819
324;286;2017-11-01;21749.88666671204;3580.1489907316864;5.0;18.0;False;False;False;False;False;True;True;11.848114658126905
325;287;2014-11-01;12663.117095115218;22495.50705551915;15.0;18.0;False;False;False;False;False;True;True;12.603836181081192
325;287;2014-12-01;11209.294942795404;22495.50705551915;15.0;18.0;False;False;False;False;False;True;True;9.994714275622268
325;287;2015-01-01;10584.951538524314;22495.50705551915;15.0;18.0;False;False;False;False;False;True;True;9.817247733789548
325;287;2015-02-01;11178.347695237546;22495.50705551915;15.0;18.0;False;False;False;False;False;True;True;8.827408379093514
325;287;2015-03-01;10647.240660731952;22495.50705551915;15.0;18.0;False;False;False;False;False;True;True;12.60792026996771
325;287;2015-04-01;9240.971483083951;22495.50705551915;15.0;18.0;False;False;False;False;False;True;True;14.895697905434822
325;287;2015-05-01;10184.9807052672;22495.50705551915;15.0;18.0;False;False;False;False;False;True;True;17.141654142366107
325;287;2015-06-01;10835.372306093906;22495.50705551915;15.0;18.0;False;False;False;False;False;True;True;19.39294481553273
325;287;2015-07-01;11127.8512059263;22495.50705551915;15.0;18.0;False;False;False;False;False;True;True;21.53785193429267
325;287;2015-08-01;10241.481156408934;22495.50705551915;15.0;18.0;False;False;False;False;False;True;True;20.49907454866584
325;287;2015-09-01;11056.822866578124;22495.50705551915;15.0;18.0;False;False;False;False;False;True;True;17.621727802535418
325;287;2015-10-01;10846.286896201613;22495.50705551915;15.0;18.0;False;False;False;False;False;True;True;14.792289238072366
325;287;2015-11-01;12536.84390334143;22495.50705551915;15.0;18.0;False;False;False;False;False;True;True;12.474742852144688
325;287;2015-12-01;12280.342537180455;22495.50705551915;15.0;18.0;False;False;False;False;False;True;True;10.585770904643011
325;287;2016-01-01;11103.972970542638;22495.50705551915;15.0;18.0;False;False;False;False;False;True;True;10.044430381276952
325;287;2016-02-01;11138.504148262233;22495.50705551915;15.0;18.0;False;False;False;False;False;True;True;12.181250227658523
325;287;2016-03-01;13237.206188037831;22495.50705551915;15.0;18.0;False;False;False;False;False;True;True;12.515167674172917
325;287;2016-04-01;9373.481141168775;22495.50705551915;15.0;18.0;False;False;False;False;False;True;True;15.29589403743588
325;287;2016-05-01;9127.580601286574;22495.50705551915;15.0;18.0;False;False;False;False;False;True;True;16.96185797726271
325;287;2016-06-01;10176.957572414947;22495.50705551915;15.0;18.0;False;False;False;False;False;True;True;19.401180382433072
325;287;2016-07-01;10712.13334174892;22495.50705551915;15.0;18.0;False;False;False;False;False;True;True;21.32305825008297
325;287;2016-08-01;10318.749964779396;22495.50705551915;15.0;18.0;False;False;False;False;False;True;True;20.742745780697103
325;287;2016-09-01;10258.747215456047;22495.50705551915;15.0;18.0;False;False;False;False;False;True;True;19.343314778472426
325;287;2016-10-01;10056.919720643784;22495.50705551915;15.0;18.0;False;False;False;False;False;True;True;15.324236311387889
325;287;2016-11-01;11272.820786654049;22495.50705551915;15.0;18.0;False;False;False;False;False;True;True;12.177426391472933
325;287;2016-12-01;12805.411865503464;22495.50705551915;15.0;18.0;False;False;False;False;False;True;True;9.090210333213026
325;287;2017-01-01;14905.916633367458;22495.50705551915;15.0;18.0;False;False;False;False;False;True;True;8.220158448422033
325;287;2017-02-01;11314.97092170678;22495.50705551915;15.0;18.0;False;False;False;False;False;True;True;11.089617159986588
325;287;2017-03-01;9415.393243106317;22495.50705551915;15.0;18.0;False;False;False;False;False;True;True;13.587104379909494
325;287;2017-04-01;7785.832767687631;22495.50705551915;15.0;18.0;False;False;False;False;False;True;True;14.894739608181292
325;287;2017-05-01;10227.389049254554;22495.50705551915;15.0;18.0;False;False;False;False;False;True;True;17.435992917198842
325;287;2017-06-01;11851.307432991804;22495.50705551915;15.0;18.0;False;False;False;False;False;True;True;20.887620035041337
325;287;2017-07-01;11097.880704312209;22495.50705551915;15.0;18.0;False;False;False;False;False;True;True;21.37875162596229
325;287;2017-08-01;7279.726882137853;22495.50705551915;15.0;18.0;False;False;False;False;False;True;True;22.11828355029739
325;287;2017-09-01;3810.820573500216;22495.50705551915;15.0;18.0;False;False;False;False;False;True;True;18.007116473367873
325;287;2017-10-01;3323.0945801874286;22495.50705551915;15.0;18.0;False;False;False;False;False;True;True;15.89606581655819
326;289;2015-11-01;11015623.04132984;14578.774718102068;15.0;18.0;False;False;False;False;False;False;True;12.474742852144688
326;289;2015-12-01;11532504.362927992;14578.774718102068;15.0;18.0;False;False;False;False;False;False;True;10.585770904643011
326;289;2016-01-01;10435419.034344258;14578.774718102068;15.0;18.0;False;False;False;False;False;False;True;10.044430381276952
326;289;2016-02-01;11810135.127368968;14578.774718102068;15.0;18.0;False;False;False;False;False;False;True;12.181250227658523
326;289;2016-03-01;11256649.409026887;14578.774718102068;15.0;18.0;False;False;False;False;False;False;True;12.515167674172917
326;289;2016-04-01;13363943.719718477;14578.774718102068;15.0;18.0;False;False;False;False;False;False;True;15.29589403743588
326;289;2016-05-01;13206147.71310699;14578.774718102068;15.0;18.0;False;False;False;False;False;False;True;16.96185797726271
326;289;2016-06-01;18029391.66652329;14578.774718102068;15.0;18.0;False;False;False;False;False;False;True;19.401180382433072
326;289;2016-07-01;19111093.550630383;14578.774718102068;15.0;18.0;False;False;False;False;False;False;True;21.32305825008297
326;289;2016-08-01;20047579.269131232;14578.774718102068;15.0;18.0;False;False;False;False;False;False;True;20.742745780697103
326;289;2016-09-01;16389828.135165269;14578.774718102068;15.0;18.0;False;False;False;False;False;False;True;19.343314778472426
326;289;2016-10-01;12936581.685204154;14578.774718102068;15.0;18.0;False;False;False;False;False;False;True;15.324236311387889
326;289;2016-11-01;12576843.777593171;14578.774718102068;15.0;18.0;False;False;False;False;False;False;True;12.177426391472933
327;289;2017-01-01;11582270.85707303;14578.774718102068;15.0;18.0;False;False;False;False;False;False;True;8.220158448422033
327;289;2017-02-01;10983162.358078932;14578.774718102068;15.0;18.0;False;False;False;False;False;False;True;11.089617159986588
327;289;2017-03-01;10431275.088173095;14578.774718102068;15.0;18.0;False;False;False;False;False;False;True;13.587104379909494
327;289;2017-04-01;10477186.698301146;14578.774718102068;15.0;18.0;False;False;False;False;False;False;True;14.894739608181292
328;290;2010-01-01;8019370.293055052;34549.56465698639;15.0;18.0;False;False;False;False;False;True;True;
328;290;2010-02-01;8092477.283389538;34549.56465698639;15.0;18.0;False;False;False;False;False;True;True;
328;290;2010-03-01;8160052.811854366;34549.56465698639;15.0;18.0;False;False;False;False;False;True;True;
328;290;2010-04-01;8097277.796240586;34549.56465698639;15.0;18.0;False;False;False;False;False;True;True;
328;290;2010-05-01;8100866.638402735;34549.56465698639;15.0;18.0;False;False;False;False;False;True;True;
328;290;2010-06-01;8248884.804918426;34549.56465698639;15.0;18.0;False;False;False;False;False;True;True;
328;290;2010-07-01;8327919.859215353;34549.56465698639;15.0;18.0;False;False;False;False;False;True;True;
328;290;2010-08-01;8090569.019514603;34549.56465698639;15.0;18.0;False;False;False;False;False;True;True;
328;290;2010-09-01;8099221.60115291;34549.56465698639;15.0;18.0;False;False;False;False;False;True;True;
328;290;2010-10-01;8214549.974595721;34549.56465698639;15.0;18.0;False;False;False;False;False;True;True;
328;290;2010-11-01;8176832.654436334;34549.56465698639;15.0;18.0;False;False;False;False;False;True;True;
328;290;2010-12-01;7698474.718175949;34549.56465698639;15.0;18.0;False;False;False;False;False;True;True;
329;290;2011-02-01;8258908.951713122;34549.56465698639;15.0;18.0;False;False;False;False;False;True;True;
329;290;2011-03-01;8520169.700327972;34549.56465698639;15.0;18.0;False;False;False;False;False;True;True;
329;290;2011-04-01;8630984.493257467;34549.56465698639;15.0;18.0;False;False;False;False;False;True;True;
329;290;2011-05-01;8709610.388020648;34549.56465698639;15.0;18.0;False;False;False;False;False;True;True;
330;290;2011-07-01;8581010.926097048;34549.56465698639;15.0;18.0;False;False;False;False;False;True;True;
330;290;2011-08-01;8720938.749827726;34549.56465698639;15.0;18.0;False;False;False;False;False;True;True;
330;290;2011-09-01;8560054.624032823;34549.56465698639;15.0;18.0;False;False;False;False;False;True;True;
330;290;2011-10-01;8464009.000748573;34549.56465698639;15.0;18.0;False;False;False;False;False;True;True;
330;290;2011-11-01;8380078.329331515;34549.56465698639;15.0;18.0;False;False;False;False;False;True;True;
330;290;2011-12-01;8135760.838003492;34549.56465698639;15.0;18.0;False;False;False;False;False;True;True;
330;290;2012-01-01;8511047.966220198;34549.56465698639;15.0;18.0;False;False;False;False;False;True;True;18.790131466337012
330;290;2012-02-01;8943221.624679843;34549.56465698639;15.0;18.0;False;False;False;False;False;True;True;18.076381067060307
330;290;2012-03-01;9215679.90508652;34549.56465698639;15.0;18.0;False;False;False;False;False;True;True;17.446431513266955
330;290;2012-04-01;8967655.362605015;34549.56465698639;15.0;18.0;False;False;False;False;False;True;True;14.77075102592344
330;290;2012-05-01;9144490.48970264;34549.56465698639;15.0;18.0;False;False;False;False;False;True;True;11.437205108882877
330;290;2012-06-01;9177371.191232778;34549.56465698639;15.0;18.0;False;False;False;False;False;True;True;9.34033570701933
330;290;2012-07-01;9134050.408295698;34549.56465698639;15.0;18.0;False;False;False;False;False;True;True;9.28215510971985
331;290;2012-09-01;9024957.61510742;34549.56465698639;15.0;18.0;False;False;False;False;False;True;True;11.332531404826844
331;290;2012-10-01;9279316.240170488;34549.56465698639;15.0;18.0;False;False;False;False;False;True;True;13.491441487583788
331;290;2012-11-01;9213030.620068844;34549.56465698639;15.0;18.0;False;False;False;False;False;True;True;15.371231557821652
331;290;2012-12-01;8433536.284991207;34549.56465698639;15.0;18.0;False;False;False;False;False;True;True;15.034115050458448
332;290;2013-02-01;8906733.414336769;34549.56465698639;15.0;18.0;False;False;False;False;False;True;True;17.943591401421234
332;290;2013-03-01;8837580.09420828;34549.56465698639;15.0;18.0;False;False;False;False;False;True;True;17.44643151326696
332;290;2013-04-01;8787178.395990584;34549.56465698639;15.0;18.0;False;False;False;False;False;True;True;14.77075102592344
332;290;2013-05-01;8767308.681380888;34549.56465698639;15.0;18.0;False;False;False;False;False;True;True;11.437205108882877
332;290;2013-06-01;8969150.790696822;34549.56465698639;15.0;18.0;False;False;False;False;False;True;True;9.34033570701933
332;290;2013-07-01;8992797.980450407;34549.56465698639;15.0;18.0;False;False;False;False;False;True;True;9.28215510971985
332;290;2013-08-01;9012051.56487836;34549.56465698639;15.0;18.0;False;False;False;False;False;True;True;10.718845608782434
332;290;2013-09-01;9031157.532219104;34549.56465698639;15.0;18.0;False;False;False;False;False;True;True;11.332531404826844
332;290;2013-10-01;9127849.009972204;34549.56465698639;15.0;18.0;False;False;False;False;False;True;True;13.491441487583788
332;290;2013-11-01;9000231.48444796;34549.56465698639;15.0;18.0;False;False;False;False;False;True;True;15.371231557821652
332;290;2013-12-01;8115556.45248041;34549.56465698639;15.0;18.0;False;False;False;False;False;True;True;14.390944069096545
332;290;2014-01-01;8663295.068780288;34549.56465698639;15.0;18.0;False;False;False;False;False;True;True;11.1431840880552
332;290;2014-02-01;8691167.133219479;34549.56465698639;15.0;18.0;False;False;False;False;False;True;True;12.204535957921411
333;290;2014-04-01;8918784.390976539;34549.56465698639;15.0;18.0;False;False;False;False;False;True;True;15.084608638230538
333;290;2014-05-01;9021613.841520531;34549.56465698639;15.0;18.0;False;False;False;False;False;True;True;15.007417672450508
333;290;2014-06-01;8853238.295357889;34549.56465698639;15.0;18.0;False;False;False;False;False;True;True;17.60630221210198
333;290;2014-07-01;8930692.323814439;34549.56465698639;15.0;18.0;False;False;False;False;False;True;True;17.02814087022849
334;290;2014-09-01;8973720.611153042;34549.56465698639;15.0;18.0;False;False;False;False;False;True;True;16.227282433689336
334;290;2014-10-01;9123987.222431917;34549.56465698639;15.0;18.0;False;False;False;False;False;True;True;14.53081529820492
334;290;2014-11-01;9280332.505441148;34549.56465698639;15.0;18.0;False;False;False;False;False;True;True;12.603836181081192
334;290;2014-12-01;8738775.811017875;34549.56465698639;15.0;18.0;False;False;False;False;False;True;True;9.994714275622268
334;290;2015-01-01;8742402.696468791;34549.56465698639;15.0;18.0;False;False;False;False;False;True;True;9.817247733789548
334;290;2015-02-01;8676692.656641142;34549.56465698639;15.0;18.0;False;False;False;False;False;True;True;8.827408379093514
334;290;2015-03-01;9117925.320533752;34549.56465698639;15.0;18.0;False;False;False;False;False;True;True;12.60792026996771
334;290;2015-04-01;9117128.764717648;34549.56465698639;15.0;18.0;False;False;False;False;False;True;True;14.895697905434822
334;290;2015-05-01;9110903.924982382;34549.56465698639;15.0;18.0;False;False;False;False;False;True;True;17.141654142366107
334;290;2015-06-01;9144594.2540573;34549.56465698639;15.0;18.0;False;False;False;False;False;True;True;19.39294481553273
334;290;2015-07-01;9070266.558115408;34549.56465698639;15.0;18.0;False;False;False;False;False;True;True;21.53785193429267
334;290;2015-08-01;8761366.075051319;34549.56465698639;15.0;18.0;False;False;False;False;False;True;True;20.49907454866584
334;290;2015-09-01;8830550.554391729;34549.56465698639;15.0;18.0;False;False;False;False;False;True;True;17.621727802535418
335;290;2015-11-01;9159651.424987394;34549.56465698639;15.0;18.0;False;False;False;False;False;True;True;12.474742852144688
335;290;2015-12-01;8640624.341189487;34549.56465698639;15.0;18.0;False;False;False;False;False;True;True;10.585770904643011
335;290;2016-01-01;8928135.87680611;34549.56465698639;15.0;18.0;False;False;False;False;False;True;True;10.044430381276952
336;290;2016-03-01;9270232.349976333;34549.56465698639;15.0;18.0;False;False;False;False;False;True;True;12.515167674172917
336;290;2016-04-01;9158190.24317355;34549.56465698639;15.0;18.0;False;False;False;False;False;True;True;15.29589403743588
336;290;2016-05-01;9434113.854059337;34549.56465698639;15.0;18.0;False;False;False;False;False;True;True;16.96185797726271
336;290;2016-06-01;9136163.349035598;34549.56465698639;15.0;18.0;False;False;False;False;False;True;True;19.401180382433072
336;290;2016-07-01;8875301.211828629;34549.56465698639;15.0;18.0;False;False;False;False;False;True;True;21.32305825008297
336;290;2016-08-01;8916088.71101267;34549.56465698639;15.0;18.0;False;False;False;False;False;True;True;20.742745780697103
336;290;2016-09-01;8586805.548050918;34549.56465698639;15.0;18.0;False;False;False;False;False;True;True;19.343314778472426
336;290;2016-10-01;9024789.352276256;34549.56465698639;15.0;18.0;False;False;False;False;False;True;True;15.324236311387889
336;290;2016-11-01;9208658.638130393;34549.56465698639;15.0;18.0;False;False;False;False;False;True;True;12.177426391472933
336;290;2016-12-01;8645921.665306533;34549.56465698639;15.0;18.0;False;False;False;False;False;True;True;9.090210333213026
336;290;2017-01-01;8697104.67166615;34549.56465698639;15.0;18.0;False;False;False;False;False;True;True;8.220158448422033
336;290;2017-02-01;9236754.522360165;34549.56465698639;15.0;18.0;False;False;False;False;False;True;True;11.089617159986588
336;290;2017-03-01;9459102.745238148;34549.56465698639;15.0;18.0;False;False;False;False;False;True;True;13.587104379909494
337;290;2017-05-01;8900092.333431413;34549.56465698639;15.0;18.0;False;False;False;False;False;True;True;17.435992917198842
337;290;2017-06-01;8963331.331130708;34549.56465698639;15.0;18.0;False;False;False;False;False;True;True;20.887620035041337
337;290;2017-07-01;9219603.488566834;34549.56465698639;15.0;18.0;False;False;False;False;False;True;True;21.37875162596229
337;290;2017-08-01;9159138.64539618;34549.56465698639;15.0;18.0;False;False;False;False;False;True;True;22.11828355029739
338;292;2015-01-01;167524.8867032754;16748.180709546432;10.0;18.0;False;False;False;False;False;True;True;9.817247733789548
338;292;2015-02-01;166387.6440422937;16748.180709546432;10.0;18.0;False;False;False;False;False;True;True;8.827408379093514
338;292;2015-03-01;117034.5999791546;16748.180709546432;10.0;18.0;False;False;False;False;False;True;True;12.60792026996771
338;292;2015-04-01;92856.8739487633;16748.180709546432;10.0;18.0;False;False;False;False;False;True;True;14.895697905434822
338;292;2015-05-01;76491.03940744328;16748.180709546432;10.0;18.0;False;False;False;False;False;True;True;17.141654142366107
338;292;2015-06-01;115530.37905574712;16748.180709546432;10.0;18.0;False;False;False;False;False;True;True;19.39294481553273
338;292;2015-07-01;127212.42093056592;16748.180709546432;10.0;18.0;False;False;False;False;False;True;True;21.53785193429267
338;292;2015-08-01;101763.02956168684;16748.180709546432;10.0;18.0;False;False;False;False;False;True;True;20.49907454866584
338;292;2015-09-01;84227.06118710552;16748.180709546432;10.0;18.0;False;False;False;False;False;True;True;17.621727802535418
338;292;2015-10-01;96513.31661127774;16748.180709546432;10.0;18.0;False;False;False;False;False;True;True;14.792289238072366
338;292;2015-11-01;111506.50865797645;16748.180709546432;10.0;18.0;False;False;False;False;False;True;True;12.474742852144688
338;292;2015-12-01;118724.59245958993;16748.180709546432;10.0;18.0;False;False;False;False;False;True;True;10.585770904643011
338;292;2016-01-01;135117.91662750096;16748.180709546432;10.0;18.0;False;False;False;False;False;True;True;10.044430381276952
338;292;2016-02-01;145409.65706212458;16748.180709546432;10.0;18.0;False;False;False;False;False;True;True;12.181250227658523
338;292;2016-03-01;118698.01747209138;16748.180709546432;10.0;18.0;False;False;False;False;False;True;True;12.515167674172917
338;292;2016-04-01;93523.49281570864;16748.180709546432;10.0;18.0;False;False;False;False;False;True;True;15.29589403743588
338;292;2016-05-01;84894.40906670231;16748.180709546432;10.0;18.0;False;False;False;False;False;True;True;16.96185797726271
338;292;2016-06-01;111009.21744987092;16748.180709546432;10.0;18.0;False;False;False;False;False;True;True;19.401180382433072
338;292;2016-07-01;128968.57551650584;16748.180709546432;10.0;18.0;False;False;False;False;False;True;True;21.32305825008297
338;292;2016-08-01;114228.79894632436;16748.180709546432;10.0;18.0;False;False;False;False;False;True;True;20.742745780697103
338;292;2016-09-01;115322.63126643232;16748.180709546432;10.0;18.0;False;False;False;False;False;True;True;19.343314778472426
338;292;2016-10-01;100369.04582712593;16748.180709546432;10.0;18.0;False;False;False;False;False;True;True;15.324236311387889
338;292;2016-11-01;127893.819616219;16748.180709546432;10.0;18.0;False;False;False;False;False;True;True;12.177426391472933
338;292;2016-12-01;141789.15232552614;16748.180709546432;10.0;18.0;False;False;False;False;False;True;True;9.090210333213026
338;292;2017-01-01;193657.09328397232;16748.180709546432;10.0;18.0;False;False;False;False;False;True;True;8.220158448422033
338;292;2017-02-01;137870.69856189543;16748.180709546432;10.0;18.0;False;False;False;False;False;True;True;11.089617159986588
338;292;2017-03-01;115902.76096215032;16748.180709546432;10.0;18.0;False;False;False;False;False;True;True;13.587104379909494
338;292;2017-04-01;97836.98485921902;16748.180709546432;10.0;18.0;False;False;False;False;False;True;True;14.894739608181292
338;292;2017-05-01;96049.40469786496;16748.180709546432;10.0;18.0;False;False;False;False;False;True;True;17.435992917198842
338;292;2017-06-01;126874.54255890648;16748.180709546432;10.0;18.0;False;False;False;False;False;True;True;20.887620035041337
338;292;2017-07-01;127322.3693623356;16748.180709546432;10.0;18.0;False;False;False;False;False;True;True;21.37875162596229
338;292;2017-08-01;124731.6640703118;16748.180709546432;10.0;18.0;False;False;False;False;False;True;True;22.11828355029739
338;292;2017-09-01;98492.90268542562;16748.180709546432;10.0;18.0;False;False;False;False;False;True;True;18.007116473367873
338;292;2017-10-01;91387.72999885584;16748.180709546432;10.0;18.0;False;False;False;False;False;True;True;15.89606581655819
338;292;2017-11-01;131571.35767770134;16748.180709546432;10.0;18.0;False;False;False;False;False;True;True;11.848114658126905
339;293;2015-01-01;2532697.1116998973;4253.565514925866;10.0;18.0;False;False;False;False;False;True;True;9.817247733789548
339;293;2015-02-01;2521064.620238385;4253.565514925866;10.0;18.0;False;False;False;False;False;True;True;8.827408379093514
339;293;2015-03-01;1793891.6014503276;4253.565514925866;10.0;18.0;False;False;False;False;False;True;True;12.60792026996771
339;293;2015-04-01;1428644.597556815;4253.565514925866;10.0;18.0;False;False;False;False;False;True;True;14.895697905434822
339;293;2015-05-01;1201940.041164805;4253.565514925866;10.0;18.0;False;False;False;False;False;True;True;17.141654142366107
339;293;2015-06-01;1767220.5952190813;4253.565514925866;10.0;18.0;False;False;False;False;False;True;True;19.39294481553273
339;293;2015-07-01;1919609.2335277817;4253.565514925866;10.0;18.0;False;False;False;False;False;True;True;21.53785193429267
339;293;2015-08-01;1492207.9913770226;4253.565514925866;10.0;18.0;False;False;False;False;False;True;True;20.49907454866584
339;293;2015-09-01;1283863.6220794658;4253.565514925866;10.0;18.0;False;False;False;False;False;True;True;17.621727802535418
339;293;2015-10-01;1479463.7345199306;4253.565514925866;10.0;18.0;False;False;False;False;False;True;True;14.792289238072366
339;293;2015-11-01;1715448.4880456503;4253.565514925866;10.0;18.0;False;False;False;False;False;True;True;12.474742852144688
339;293;2015-12-01;2002292.7659698103;4253.565514925866;10.0;18.0;False;False;False;False;False;True;True;10.585770904643011
340;294;2015-01-01;52646.962068662455;4737.008134718053;10.0;18.0;False;False;False;False;False;True;True;9.817247733789548
340;294;2015-02-01;52289.56817684256;4737.008134718053;10.0;18.0;False;False;False;False;False;True;True;8.827408379093514
340;294;2015-03-01;36779.70638915924;4737.008134718053;10.0;18.0;False;False;False;False;False;True;True;12.60792026996771
340;294;2015-04-01;29181.528886833334;4737.008134718053;10.0;18.0;False;False;False;False;False;True;True;14.895697905434822
340;294;2015-05-01;24038.34397100056;4737.008134718053;10.0;18.0;False;False;False;False;False;True;True;17.141654142366107
340;294;2015-06-01;36306.98461357141;4737.008134718053;10.0;18.0;False;False;False;False;False;True;True;19.39294481553273
340;294;2015-07-01;39978.22431754125;4737.008134718053;10.0;18.0;False;False;False;False;False;True;True;21.53785193429267
340;294;2015-08-01;31980.40877840244;4737.008134718053;10.0;18.0;False;False;False;False;False;True;True;20.49907454866584
340;294;2015-09-01;26469.49347488057;4737.008134718053;10.0;18.0;False;False;False;False;False;True;True;17.621727802535418
340;294;2015-10-01;30330.615461060355;4737.008134718053;10.0;18.0;False;False;False;False;False;True;True;14.792289238072366
340;294;2015-11-01;35042.428902658605;4737.008134718053;10.0;18.0;False;False;False;False;False;True;True;12.474742852144688
340;294;2015-12-01;37310.809389822025;4737.008134718053;10.0;18.0;False;False;False;False;False;True;True;10.585770904643011
340;294;2016-01-01;42462.633292714585;4737.008134718053;10.0;18.0;False;False;False;False;False;True;True;10.044430381276952
340;294;2016-02-01;45696.95195989774;4737.008134718053;10.0;18.0;False;False;False;False;False;True;True;12.181250227658523
340;294;2016-03-01;37302.45784047111;4737.008134718053;10.0;18.0;False;False;False;False;False;True;True;12.515167674172917
340;294;2016-04-01;29391.022884369875;4737.008134718053;10.0;18.0;False;False;False;False;False;True;True;15.29589403743588
340;294;2016-05-01;26679.21657450556;4737.008134718053;10.0;18.0;False;False;False;False;False;True;True;16.96185797726271
340;294;2016-06-01;34886.14841272411;4737.008134718053;10.0;18.0;False;False;False;False;False;True;True;19.401180382433072
340;294;2016-07-01;40530.11965495727;4737.008134718053;10.0;18.0;False;False;False;False;False;True;True;21.32305825008297
340;294;2016-08-01;35897.9454552792;4737.008134718053;10.0;18.0;False;False;False;False;False;True;True;20.742745780697103
340;294;2016-09-01;36241.69706018673;4737.008134718053;10.0;18.0;False;False;False;False;False;True;True;19.343314778472426
340;294;2016-10-01;31542.33053079408;4737.008134718053;10.0;18.0;False;False;False;False;False;True;True;15.324236311387889
340;294;2016-11-01;40192.36307306092;4737.008134718053;10.0;18.0;False;False;False;False;False;True;True;12.177426391472933
340;294;2016-12-01;44559.159365089305;4737.008134718053;10.0;18.0;False;False;False;False;False;True;True;9.090210333213026
340;294;2017-01-01;60859.36152583221;4737.008134718053;10.0;18.0;False;False;False;False;False;True;True;8.220158448422033
340;294;2017-02-01;43327.73225762277;4737.008134718053;10.0;18.0;False;False;False;False;False;True;True;11.089617159986588
340;294;2017-03-01;36424.010665564456;4737.008134718053;10.0;18.0;False;False;False;False;False;True;True;13.587104379909494
340;294;2017-04-01;30746.596115709537;4737.008134718053;10.0;18.0;False;False;False;False;False;True;True;14.894739608181292
340;294;2017-05-01;30184.82486606713;4737.008134718053;10.0;18.0;False;False;False;False;False;True;True;17.435992917198842
340;294;2017-06-01;39872.04146813521;4737.008134718053;10.0;18.0;False;False;False;False;False;True;True;20.887620035041337
340;294;2017-07-01;40012.77709970273;4737.008134718053;10.0;18.0;False;False;False;False;False;True;True;21.37875162596229
340;294;2017-08-01;39198.369582906336;4737.008134718053;10.0;18.0;False;False;False;False;False;True;True;22.11828355029739
340;294;2017-09-01;30952.727166420955;4737.008134718053;10.0;18.0;False;False;False;False;False;True;True;18.007116473367873
340;294;2017-10-01;28719.830524719648;4737.008134718053;10.0;18.0;False;False;False;False;False;True;True;15.89606581655819
340;294;2017-11-01;41348.079161810485;4737.008134718053;10.0;18.0;False;False;False;False;False;True;True;11.848114658126905
341;295;2015-01-01;38886.44674865245;10814.258272526786;10.0;18.0;False;False;False;False;False;True;True;9.817247733789548
341;295;2015-02-01;36387.87788462502;10814.258272526786;10.0;18.0;False;False;False;False;False;True;True;8.827408379093514
341;295;2015-03-01;27207.44365979142;10814.258272526786;10.0;18.0;False;False;False;False;False;True;True;12.60792026996771
341;295;2015-04-01;22196.517082589467;10814.258272526786;10.0;18.0;False;False;False;False;False;True;True;14.895697905434822
341;295;2015-05-01;18052.26710284513;10814.258272526786;10.0;18.0;False;False;False;False;False;True;True;17.141654142366107
341;295;2015-06-01;26029.86050823388;10814.258272526786;10.0;18.0;False;False;False;False;False;True;True;19.39294481553273
341;295;2015-07-01;28186.19042995602;10814.258272526786;10.0;18.0;False;False;False;False;False;True;True;21.53785193429267
341;295;2015-08-01;22537.010552609456;10814.258272526786;10.0;18.0;False;False;False;False;False;True;True;20.49907454866584
341;295;2015-09-01;18943.69807267081;10814.258272526786;10.0;18.0;False;False;False;False;False;True;True;17.621727802535418
341;295;2015-10-01;22153.416489672145;10814.258272526786;10.0;18.0;False;False;False;False;False;True;True;14.792289238072366
341;295;2015-11-01;27206.64831404305;10814.258272526786;10.0;18.0;False;False;False;False;False;True;True;12.474742852144688
341;295;2015-12-01;27238.206534689594;10814.258272526786;10.0;18.0;False;False;False;False;False;True;True;10.585770904643011
341;295;2016-01-01;31966.37670788636;10814.258272526786;10.0;18.0;False;False;False;False;False;True;True;10.044430381276952
341;295;2016-02-01;33952.67068340268;10814.258272526786;10.0;18.0;False;False;False;False;False;True;True;12.181250227658523
341;295;2016-03-01;29463.41927176095;10814.258272526786;10.0;18.0;False;False;False;False;False;True;True;12.515167674172917
341;295;2016-04-01;21085.395103295534;10814.258272526786;10.0;18.0;False;False;False;False;False;True;True;15.29589403743588
341;295;2016-05-01;20059.827670812065;10814.258272526786;10.0;18.0;False;False;False;False;False;True;True;16.96185797726271
341;295;2016-06-01;25691.35725748321;10814.258272526786;10.0;18.0;False;False;False;False;False;True;True;19.401180382433072
341;295;2016-07-01;29306.183783693687;10814.258272526786;10.0;18.0;False;False;False;False;False;True;True;21.32305825008297
341;295;2016-08-01;25990.23925460345;10814.258272526786;10.0;18.0;False;False;False;False;False;True;True;20.742745780697103
341;295;2016-09-01;27135.222199205306;10814.258272526786;10.0;18.0;False;False;False;False;False;True;True;19.343314778472426
341;295;2016-10-01;22549.682523537005;10814.258272526786;10.0;18.0;False;False;False;False;False;True;True;15.324236311387889
341;295;2016-11-01;27863.012513492937;10814.258272526786;10.0;18.0;False;False;False;False;False;True;True;12.177426391472933
341;295;2016-12-01;35193.23087338057;10814.258272526786;10.0;18.0;False;False;False;False;False;True;True;9.090210333213026
341;295;2017-01-01;44822.48876373888;10814.258272526786;10.0;18.0;False;False;False;False;False;True;True;8.220158448422033
341;295;2017-02-01;31540.669454931933;10814.258272526786;10.0;18.0;False;False;False;False;False;True;True;11.089617159986588
341;295;2017-03-01;26636.6363003244;10814.258272526786;10.0;18.0;False;False;False;False;False;True;True;13.587104379909494
341;295;2017-04-01;22794.024520881583;10814.258272526786;10.0;18.0;False;False;False;False;False;True;True;14.894739608181292
341;295;2017-05-01;22883.809642830685;10814.258272526786;10.0;18.0;False;False;False;False;False;True;True;17.435992917198842
341;295;2017-06-01;29085.991021627084;10814.258272526786;10.0;18.0;False;False;False;False;False;True;True;20.887620035041337
341;295;2017-07-01;29620.97250834805;10814.258272526786;10.0;18.0;False;False;False;False;False;True;True;21.37875162596229
341;295;2017-08-01;27165.64006986126;10814.258272526786;10.0;18.0;False;False;False;False;False;True;True;22.11828355029739
341;295;2017-09-01;22565.83926485211;10814.258272526786;10.0;18.0;False;False;False;False;False;True;True;18.007116473367873
341;295;2017-10-01;21587.07982575522;10814.258272526786;10.0;18.0;False;False;False;False;False;True;True;15.89606581655819
342;297;2009-06-01;87324.92597975208;19608.574928250164;15.0;18.0;False;False;False;False;False;False;True;
342;297;2009-07-01;86278.05594480761;19608.574928250164;15.0;18.0;False;False;False;False;False;False;True;
342;297;2009-08-01;86278.05649388285;19608.574928250164;15.0;18.0;False;False;False;False;False;False;True;
343;298;2014-09-01;31228.53373411484;3142.3696402926003;15.0;18.0;False;False;False;False;False;True;True;16.227282433689336
343;298;2014-10-01;19709.53381968082;3142.3696402926003;15.0;18.0;False;False;False;False;False;True;True;14.53081529820492
343;298;2014-11-01;18450.14102070563;3142.3696402926003;15.0;18.0;False;False;False;False;False;True;True;12.603836181081192
343;298;2014-12-01;9887.20905837984;3142.3696402926003;15.0;18.0;False;False;False;False;False;True;True;9.994714275622268
343;298;2015-01-01;3371.203544102124;3142.3696402926003;15.0;18.0;False;False;False;False;False;True;True;9.817247733789548
343;298;2015-02-01;2413.8756700539325;3142.3696402926003;15.0;18.0;False;False;False;False;False;True;True;8.827408379093514
343;298;2015-03-01;4201.449195073837;3142.3696402926003;15.0;18.0;False;False;False;False;False;True;True;12.60792026996771
343;298;2015-04-01;3560.946873171288;3142.3696402926003;15.0;18.0;False;False;False;False;False;True;True;14.895697905434822
343;298;2015-05-01;3311.4657879194783;3142.3696402926003;15.0;18.0;False;False;False;False;False;True;True;17.141654142366107
343;298;2015-06-01;2144.209961482137;3142.3696402926003;15.0;18.0;False;False;False;False;False;True;True;19.39294481553273
343;298;2015-07-01;1803.934247459697;3142.3696402926003;15.0;18.0;False;False;False;False;False;True;True;21.53785193429267
343;298;2015-08-01;10267.28363694249;3142.3696402926003;15.0;18.0;False;False;False;False;False;True;True;20.49907454866584
343;298;2015-09-01;31354.05145357188;3142.3696402926003;15.0;18.0;False;False;False;False;False;True;True;17.621727802535418
343;298;2015-10-01;26420.54368703014;3142.3696402926003;15.0;18.0;False;False;False;False;False;True;True;14.792289238072366
343;298;2015-11-01;12933.951323811463;3142.3696402926003;15.0;18.0;False;False;False;False;False;True;True;12.474742852144688
343;298;2015-12-01;9269.38690835587;3142.3696402926003;15.0;18.0;False;False;False;False;False;True;True;10.585770904643011
343;298;2016-01-01;6658.118265193473;3142.3696402926003;15.0;18.0;False;False;False;False;False;True;True;10.044430381276952
343;298;2016-02-01;5879.506828077128;3142.3696402926003;15.0;18.0;False;False;False;False;False;True;True;12.181250227658523
343;298;2016-03-01;11059.858148831252;3142.3696402926003;15.0;18.0;False;False;False;False;False;True;True;12.515167674172917
343;298;2016-04-01;11035.61659723075;3142.3696402926003;15.0;18.0;False;False;False;False;False;True;True;15.29589403743588
343;298;2016-05-01;4346.3683824707305;3142.3696402926003;15.0;18.0;False;False;False;False;False;True;True;16.96185797726271
343;298;2016-06-01;1772.2773828650593;3142.3696402926003;15.0;18.0;False;False;False;False;False;True;True;19.401180382433072
343;298;2016-07-01;1789.2552108106872;3142.3696402926003;15.0;18.0;False;False;False;False;False;True;True;21.32305825008297
343;298;2016-08-01;6327.012008171236;3142.3696402926003;15.0;18.0;False;False;False;False;False;True;True;20.742745780697103
343;298;2016-09-01;26766.178349814592;3142.3696402926003;15.0;18.0;False;False;False;False;False;True;True;19.343314778472426
343;298;2016-10-01;26167.837027248133;3142.3696402926003;15.0;18.0;False;False;False;False;False;True;True;15.324236311387889
343;298;2016-11-01;14716.440249296793;3142.3696402926003;15.0;18.0;False;False;False;False;False;True;True;12.177426391472933
343;298;2016-12-01;7240.590030933565;3142.3696402926003;15.0;18.0;False;False;False;False;False;True;True;9.090210333213026
343;298;2017-01-01;6618.535447949575;3142.3696402926003;15.0;18.0;False;False;False;False;False;True;True;8.220158448422033
343;298;2017-02-01;5526.268421492242;3142.3696402926003;15.0;18.0;False;False;False;False;False;True;True;11.089617159986588
343;298;2017-03-01;5883.823468023267;3142.3696402926003;15.0;18.0;False;False;False;False;False;True;True;13.587104379909494
343;298;2017-04-01;6663.817555517371;3142.3696402926003;15.0;18.0;False;False;False;False;False;True;True;14.894739608181292
343;298;2017-05-01;2002.017937643284;3142.3696402926003;15.0;18.0;False;False;False;False;False;True;True;17.435992917198842
343;298;2017-06-01;1710.4517080954545;3142.3696402926003;15.0;18.0;False;False;False;False;False;True;True;20.887620035041337
343;298;2017-07-01;1689.1346109405456;3142.3696402926003;15.0;18.0;False;False;False;False;False;True;True;21.37875162596229
343;298;2017-08-01;2088.086290215968;3142.3696402926003;15.0;18.0;False;False;False;False;False;True;True;22.11828355029739
343;298;2017-09-01;24456.059639919004;3142.3696402926003;15.0;18.0;False;False;False;False;False;True;True;18.007116473367873
343;298;2017-10-01;22310.932016822404;3142.3696402926003;15.0;18.0;False;False;False;False;False;True;True;15.89606581655819
344;299;2015-03-01;52069.221308425;71.12641336861999;15.0;18.0;False;False;False;False;False;True;True;12.60792026996771
344;299;2015-04-01;53251.72926016992;71.12641336861999;15.0;18.0;False;False;False;False;False;True;True;14.895697905434822
344;299;2015-05-01;50211.17527748024;71.12641336861999;15.0;18.0;False;False;False;False;False;True;True;17.141654142366107
344;299;2015-06-01;49025.27923378423;71.12641336861999;15.0;18.0;False;False;False;False;False;True;True;19.39294481553273
344;299;2015-07-01;48404.25463385908;71.12641336861999;15.0;18.0;False;False;False;False;False;True;True;21.53785193429267
344;299;2015-08-01;48429.19476654672;71.12641336861999;15.0;18.0;False;False;False;False;False;True;True;20.49907454866584
344;299;2015-09-01;48121.95007519831;71.12641336861999;15.0;18.0;False;False;False;False;False;True;True;17.621727802535418
344;299;2015-10-01;45413.85930379702;71.12641336861999;15.0;18.0;False;False;False;False;False;True;True;14.792289238072366
344;299;2015-11-01;46860.12008443008;71.12641336861999;15.0;18.0;False;False;False;False;False;True;True;12.474742852144688
344;299;2015-12-01;52144.49444085874;71.12641336861999;15.0;18.0;False;False;False;False;False;True;True;10.585770904643011
344;299;2016-01-01;47281.24887078366;71.12641336861999;15.0;18.0;False;False;False;False;False;True;True;10.044430381276952
344;299;2016-02-01;56280.67584166252;71.12641336861999;15.0;18.0;False;False;False;False;False;True;True;12.181250227658523
345;299;2016-04-01;63984.25457021;71.12641336861999;15.0;18.0;False;False;False;False;False;True;True;15.29589403743588
345;299;2016-05-01;57484.22962049279;71.12641336861999;15.0;18.0;False;False;False;False;False;True;True;16.96185797726271
345;299;2016-06-01;52598.030103703386;71.12641336861999;15.0;18.0;False;False;False;False;False;True;True;19.401180382433072
345;299;2016-07-01;50439.52364487964;71.12641336861999;15.0;18.0;False;False;False;False;False;True;True;21.32305825008297
346;300;2015-02-01;10695.378448035255;3813.660202402389;15.0;18.0;False;False;False;False;False;True;True;8.827408379093514
346;300;2015-03-01;10807.907429577814;3813.660202402389;15.0;18.0;False;False;False;False;False;True;True;12.60792026996771
346;300;2015-04-01;9897.852358624952;3813.660202402389;15.0;18.0;False;False;False;False;False;True;True;14.895697905434822
346;300;2015-05-01;10730.211517969286;3813.660202402389;15.0;18.0;False;False;False;False;False;True;True;17.141654142366107
346;300;2015-06-01;15872.001302644609;3813.660202402389;15.0;18.0;False;False;False;False;False;True;True;19.39294481553273
346;300;2015-07-01;23872.755549754675;3813.660202402389;15.0;18.0;False;False;False;False;False;True;True;21.53785193429267
346;300;2015-08-01;17280.124603406122;3813.660202402389;15.0;18.0;False;False;False;False;False;True;True;20.49907454866584
346;300;2015-09-01;12214.103199951012;3813.660202402389;15.0;18.0;False;False;False;False;False;True;True;17.621727802535418
346;300;2015-10-01;10863.070789461462;3813.660202402389;15.0;18.0;False;False;False;False;False;True;True;14.792289238072366
346;300;2015-11-01;10816.636031972004;3813.660202402389;15.0;18.0;False;False;False;False;False;True;True;12.474742852144688
346;300;2015-12-01;11114.44211259737;3813.660202402389;15.0;18.0;False;False;False;False;False;True;True;10.585770904643011
346;300;2016-01-01;11014.49057892872;3813.660202402389;15.0;18.0;False;False;False;False;False;True;True;10.044430381276952
346;300;2016-02-01;11122.270191132911;3813.660202402389;15.0;18.0;False;False;False;False;False;True;True;12.181250227658523
346;300;2016-03-01;10605.57256385427;3813.660202402389;15.0;18.0;False;False;False;False;False;True;True;12.515167674172917
346;300;2016-04-01;10036.056117832097;3813.660202402389;15.0;18.0;False;False;False;False;False;True;True;15.29589403743588
346;300;2016-05-01;8521.568123772315;3813.660202402389;15.0;18.0;False;False;False;False;False;True;True;16.96185797726271
346;300;2016-06-01;12328.525953921957;3813.660202402389;15.0;18.0;False;False;False;False;False;True;True;19.401180382433072
346;300;2016-07-01;17760.06116114086;3813.660202402389;15.0;18.0;False;False;False;False;False;True;True;21.32305825008297
346;300;2016-08-01;15487.191488209448;3813.660202402389;15.0;18.0;False;False;False;False;False;True;True;20.742745780697103
346;300;2016-09-01;16007.309785427082;3813.660202402389;15.0;18.0;False;False;False;False;False;True;True;19.343314778472426
346;300;2016-10-01;10210.367287216312;3813.660202402389;15.0;18.0;False;False;False;False;False;True;True;15.324236311387889
346;300;2016-11-01;10642.972405507053;3813.660202402389;15.0;18.0;False;False;False;False;False;True;True;12.177426391472933
346;300;2016-12-01;11147.685197599474;3813.660202402389;15.0;18.0;False;False;False;False;False;True;True;9.090210333213026
346;300;2017-01-01;11608.44323183801;3813.660202402389;15.0;18.0;False;False;False;False;False;True;True;8.220158448422033
346;300;2017-02-01;11452.871393109126;3813.660202402389;15.0;18.0;False;False;False;False;False;True;True;11.089617159986588
346;300;2017-03-01;10589.87441525515;3813.660202402389;15.0;18.0;False;False;False;False;False;True;True;13.587104379909494
346;300;2017-04-01;9209.8894983184;3813.660202402389;15.0;18.0;False;False;False;False;False;True;True;14.894739608181292
346;300;2017-05-01;11409.313062280014;3813.660202402389;15.0;18.0;False;False;False;False;False;True;True;17.435992917198842
346;300;2017-06-01;19527.80784892757;3813.660202402389;15.0;18.0;False;False;False;False;False;True;True;20.887620035041337
346;300;2017-07-01;19478.106978702195;3813.660202402389;15.0;18.0;False;False;False;False;False;True;True;21.37875162596229
346;300;2017-08-01;20971.10123705461;3813.660202402389;15.0;18.0;False;False;False;False;False;True;True;22.11828355029739
346;300;2017-09-01;12913.331315484676;3813.660202402389;15.0;18.0;False;False;False;False;False;True;True;18.007116473367873
346;300;2017-10-01;10393.884796730676;3813.660202402389;15.0;18.0;False;False;False;False;False;True;True;15.89606581655819
347;301;2010-01-01;1874226.7020732444;21849.456801203545;15.0;18.0;False;False;False;False;False;True;True;
347;301;2010-02-01;1961325.653759192;21849.456801203545;15.0;18.0;False;False;False;False;False;True;True;
347;301;2010-03-01;2094295.0451823247;21849.456801203545;15.0;18.0;False;False;False;False;False;True;True;
347;301;2010-04-01;1623947.6226583323;21849.456801203545;15.0;18.0;False;False;False;False;False;True;True;
347;301;2010-05-01;1940319.297172008;21849.456801203545;15.0;18.0;False;False;False;False;False;True;True;
347;301;2010-06-01;1994706.8851391368;21849.456801203545;15.0;18.0;False;False;False;False;False;True;True;
347;301;2010-07-01;2008736.6891488307;21849.456801203545;15.0;18.0;False;False;False;False;False;True;True;
347;301;2010-08-01;2025885.8974398165;21849.456801203545;15.0;18.0;False;False;False;False;False;True;True;
347;301;2010-09-01;1896651.973482716;21849.456801203545;15.0;18.0;False;False;False;False;False;True;True;
347;301;2010-10-01;1989928.108952956;21849.456801203545;15.0;18.0;False;False;False;False;False;True;True;
347;301;2010-11-01;1989928.108952956;21849.456801203545;15.0;18.0;False;False;False;False;False;True;True;
347;301;2010-12-01;1989928.108952956;21849.456801203545;15.0;18.0;False;False;False;False;False;True;True;
348;301;2011-02-01;1989928.108952956;21849.456801203545;15.0;18.0;False;False;False;False;False;True;True;
348;301;2011-03-01;1989928.108952956;21849.456801203545;15.0;18.0;False;False;False;False;False;True;True;
348;301;2011-04-01;1989928.108952956;21849.456801203545;15.0;18.0;False;False;False;False;False;True;True;
348;301;2011-05-01;1989928.108952956;21849.456801203545;15.0;18.0;False;False;False;False;False;True;True;
349;301;2011-07-01;1989928.108952956;21849.456801203545;15.0;18.0;False;False;False;False;False;True;True;
349;301;2011-08-01;1989928.108952956;21849.456801203545;15.0;18.0;False;False;False;False;False;True;True;
349;301;2011-09-01;1989928.108952956;21849.456801203545;15.0;18.0;False;False;False;False;False;True;True;
349;301;2011-10-01;1982512.4610111413;21849.456801203545;15.0;18.0;False;False;False;False;False;True;True;
349;301;2011-11-01;1520375.5924670144;21849.456801203545;15.0;18.0;False;False;False;False;False;True;True;
349;301;2011-12-01;1520375.5924670144;21849.456801203545;15.0;18.0;False;False;False;False;False;True;True;
349;301;2012-01-01;1526472.0111909634;21849.456801203545;15.0;18.0;False;False;False;False;False;True;True;18.790131466337012
349;301;2012-02-01;1906395.637625996;21849.456801203545;15.0;18.0;False;False;False;False;False;True;True;18.076381067060307
349;301;2012-03-01;1906395.6376259965;21849.456801203545;15.0;18.0;False;False;False;False;False;True;True;17.446431513266955
349;301;2012-04-01;1906395.637625996;21849.456801203545;15.0;18.0;False;False;False;False;False;True;True;14.77075102592344
349;301;2012-05-01;1906395.6376259965;21849.456801203545;15.0;18.0;False;False;False;False;False;True;True;11.437205108882877
349;301;2012-06-01;1906395.637625996;21849.456801203545;15.0;18.0;False;False;False;False;False;True;True;9.34033570701933
349;301;2012-07-01;1906395.637625996;21849.456801203545;15.0;18.0;False;False;False;False;False;True;True;9.28215510971985
350;301;2012-09-01;1734385.2946124307;21849.456801203545;15.0;18.0;False;False;False;False;False;True;True;11.332531404826844
350;301;2012-10-01;1732131.124636253;21849.456801203545;15.0;18.0;False;False;False;False;False;True;True;13.491441487583788
350;301;2012-11-01;1436165.1472751552;21849.456801203545;15.0;18.0;False;False;False;False;False;True;True;15.371231557821652
350;301;2012-12-01;1436165.1472751552;21849.456801203545;15.0;18.0;False;False;False;False;False;True;True;15.034115050458448
351;301;2013-02-01;1436165.1472751552;21849.456801203545;15.0;18.0;False;False;False;False;False;True;True;17.943591401421234
351;301;2013-03-01;1436165.1472751554;21849.456801203545;15.0;18.0;False;False;False;False;False;True;True;17.44643151326696
351;301;2013-04-01;1436165.1472751552;21849.456801203545;15.0;18.0;False;False;False;False;False;True;True;14.77075102592344
351;301;2013-05-01;1436165.1472751554;21849.456801203545;15.0;18.0;False;False;False;False;False;True;True;11.437205108882877
351;301;2013-06-01;1436165.1472751552;21849.456801203545;15.0;18.0;False;False;False;False;False;True;True;9.34033570701933
351;301;2013-07-01;1436165.1472751554;21849.456801203545;15.0;18.0;False;False;False;False;False;True;True;9.28215510971985
351;301;2013-08-01;1436165.1472751554;21849.456801203545;15.0;18.0;False;False;False;False;False;True;True;10.718845608782434
351;301;2013-09-01;1436165.1472751552;21849.456801203545;15.0;18.0;False;False;False;False;False;True;True;11.332531404826844
351;301;2013-10-01;1436165.1472751554;21849.456801203545;15.0;18.0;False;False;False;False;False;True;True;13.491441487583788
351;301;2013-11-01;1436165.1472751552;21849.456801203545;15.0;18.0;False;False;False;False;False;True;True;15.371231557821652
351;301;2013-12-01;1436165.1472751554;21849.456801203545;15.0;18.0;False;False;False;False;False;True;True;14.390944069096545
351;301;2014-01-01;1436165.1472751554;21849.456801203545;15.0;18.0;False;False;False;False;False;True;True;11.1431840880552
351;301;2014-02-01;1436165.1472751554;21849.456801203545;15.0;18.0;False;False;False;False;False;True;True;12.204535957921411
352;301;2014-04-01;1436165.1472751554;21849.456801203545;15.0;18.0;False;False;False;False;False;True;True;15.084608638230538
352;301;2014-05-01;1436165.1472751554;21849.456801203545;15.0;18.0;False;False;False;False;False;True;True;15.007417672450508
352;301;2014-06-01;1436165.1472751552;21849.456801203545;15.0;18.0;False;False;False;False;False;True;True;17.60630221210198
352;301;2014-07-01;1436165.1472751554;21849.456801203545;15.0;18.0;False;False;False;False;False;True;True;17.02814087022849
353;301;2014-09-01;1436165.1472751554;21849.456801203545;15.0;18.0;False;False;False;False;False;True;True;16.227282433689336
353;301;2014-10-01;1436165.1472751554;21849.456801203545;15.0;18.0;False;False;False;False;False;True;True;14.53081529820492
353;301;2014-11-01;1436165.1472751552;21849.456801203545;15.0;18.0;False;False;False;False;False;True;True;12.603836181081192
353;301;2014-12-01;1436165.1472751554;21849.456801203545;15.0;18.0;False;False;False;False;False;True;True;9.994714275622268
353;301;2015-01-01;1436165.1472751554;21849.456801203545;15.0;18.0;False;False;False;False;False;True;True;9.817247733789548
353;301;2015-02-01;1436165.1472751554;21849.456801203545;15.0;18.0;False;False;False;False;False;True;True;8.827408379093514
353;301;2015-03-01;1436165.1472751554;21849.456801203545;15.0;18.0;False;False;False;False;False;True;True;12.60792026996771
353;301;2015-04-01;1436165.1472751552;21849.456801203545;15.0;18.0;False;False;False;False;False;True;True;14.895697905434822
353;301;2015-05-01;1436165.1472751554;21849.456801203545;15.0;18.0;False;False;False;False;False;True;True;17.141654142366107
353;301;2015-06-01;1436165.1472751552;21849.456801203545;15.0;18.0;False;False;False;False;False;True;True;19.39294481553273
353;301;2015-07-01;1436165.1472751554;21849.456801203545;15.0;18.0;False;False;False;False;False;True;True;21.53785193429267
353;301;2015-08-01;1436165.1472751554;21849.456801203545;15.0;18.0;False;False;False;False;False;True;True;20.49907454866584
353;301;2015-09-01;1436165.1472751554;21849.456801203545;15.0;18.0;False;False;False;False;False;True;True;17.621727802535418
354;301;2015-11-01;1436165.1472751552;21849.456801203545;15.0;18.0;False;False;False;False;False;True;True;12.474742852144688
354;301;2015-12-01;1436165.1472751554;21849.456801203545;15.0;18.0;False;False;False;False;False;True;True;10.585770904643011
354;301;2016-01-01;1436165.1472751554;21849.456801203545;15.0;18.0;False;False;False;False;False;True;True;10.044430381276952
355;301;2016-03-01;1436165.1472751554;21849.456801203545;15.0;18.0;False;False;False;False;False;True;True;12.515167674172917
355;301;2016-04-01;1436165.1472751552;21849.456801203545;15.0;18.0;False;False;False;False;False;True;True;15.29589403743588
355;301;2016-05-01;1436165.1472751554;21849.456801203545;15.0;18.0;False;False;False;False;False;True;True;16.96185797726271
355;301;2016-06-01;1436165.1472751552;21849.456801203545;15.0;18.0;False;False;False;False;False;True;True;19.401180382433072
355;301;2016-07-01;1436165.1472751554;21849.456801203545;15.0;18.0;False;False;False;False;False;True;True;21.32305825008297
355;301;2016-08-01;1436165.1472751554;21849.456801203545;15.0;18.0;False;False;False;False;False;True;True;20.742745780697103
355;301;2016-09-01;1436165.1472751552;21849.456801203545;15.0;18.0;False;False;False;False;False;True;True;19.343314778472426
355;301;2016-10-01;1436165.1472751554;21849.456801203545;15.0;18.0;False;False;False;False;False;True;True;15.324236311387889
355;301;2016-11-01;1436165.1472751552;21849.456801203545;15.0;18.0;False;False;False;False;False;True;True;12.177426391472933
355;301;2016-12-01;1436165.1472751554;21849.456801203545;15.0;18.0;False;False;False;False;False;True;True;9.090210333213026
355;301;2017-01-01;1436165.1472751554;21849.456801203545;15.0;18.0;False;False;False;False;False;True;True;8.220158448422033
355;301;2017-02-01;1436165.1472751554;21849.456801203545;15.0;18.0;False;False;False;False;False;True;True;11.089617159986588
355;301;2017-03-01;1436165.1472751554;21849.456801203545;15.0;18.0;False;False;False;False;False;True;True;13.587104379909494
356;301;2017-05-01;1436165.1472751554;21849.456801203545;15.0;18.0;False;False;False;False;False;True;True;17.435992917198842
356;301;2017-06-01;1436165.1472751552;21849.456801203545;15.0;18.0;False;False;False;False;False;True;True;20.887620035041337
356;301;2017-07-01;1436165.1472751554;21849.456801203545;15.0;18.0;False;False;False;False;False;True;True;21.37875162596229
356;301;2017-08-01;1436165.1472751554;21849.456801203545;15.0;18.0;False;False;False;False;False;True;True;22.11828355029739
357;302;2009-12-01;50225.75868068165;21284.57862198667;15.0;18.0;False;False;False;False;False;True;True;
357;302;2010-01-01;50242.42639665793;21284.57862198667;15.0;18.0;False;False;False;False;False;True;True;
357;302;2010-02-01;51144.96548516111;21284.57862198667;15.0;18.0;False;False;False;False;False;True;True;
357;302;2010-03-01;52106.8260752134;21284.57862198667;15.0;18.0;False;False;False;False;False;True;True;
357;302;2010-04-01;49657.24830120014;21284.57862198667;15.0;18.0;False;False;False;False;False;True;True;
357;302;2010-05-01;49143.79280718784;21284.57862198667;15.0;18.0;False;False;False;False;False;True;True;
357;302;2010-06-01;50964.02240794376;21284.57862198667;15.0;18.0;False;False;False;False;False;True;True;
357;302;2010-07-01;47600.00677782249;21284.57862198667;15.0;18.0;False;False;False;False;False;True;True;
357;302;2010-08-01;45419.92590744966;21284.57862198667;15.0;18.0;False;False;False;False;False;True;True;
357;302;2010-09-01;49816.00482399688;21284.57862198667;15.0;18.0;False;False;False;False;False;True;True;
357;302;2010-10-01;54049.67772536947;21284.57862198667;15.0;18.0;False;False;False;False;False;True;True;
357;302;2010-11-01;55887.46931983276;21284.57862198667;15.0;18.0;False;False;False;False;False;True;True;
357;302;2010-12-01;53387.84319399249;21284.57862198667;15.0;18.0;False;False;False;False;False;True;True;
357;302;2011-01-01;53262.79988694318;21284.57862198667;15.0;18.0;False;False;False;False;False;True;True;
357;302;2011-02-01;53148.07385825312;21284.57862198667;15.0;18.0;False;False;False;False;False;True;True;
357;302;2011-03-01;52032.146198197646;21284.57862198667;15.0;18.0;False;False;False;False;False;True;True;
357;302;2011-04-01;49369.67248435883;21284.57862198667;15.0;18.0;False;False;False;False;False;True;True;
357;302;2011-05-01;48825.36461501903;21284.57862198667;15.0;18.0;False;False;False;False;False;True;True;
357;302;2011-06-01;44367.84757425899;21284.57862198667;15.0;18.0;False;False;False;False;False;True;True;
357;302;2011-07-01;44634.80587844776;21284.57862198667;15.0;18.0;False;False;False;False;False;True;True;
357;302;2011-08-01;45702.49118616615;21284.57862198667;15.0;18.0;False;False;False;False;False;True;True;
357;302;2011-09-01;44169.95856718184;21284.57862198667;15.0;18.0;False;False;False;False;False;True;True;
357;302;2011-10-01;47974.47023838588;21284.57862198667;15.0;18.0;False;False;False;False;False;True;True;
357;302;2011-11-01;50481.99270685881;21284.57862198667;15.0;18.0;False;False;False;False;False;True;True;
357;302;2011-12-01;46087.7250199625;21284.57862198667;15.0;18.0;False;False;False;False;False;True;True;
357;302;2012-01-01;45946.89504727439;21284.57862198667;15.0;18.0;False;False;False;False;False;True;True;18.790131466337012
357;302;2012-02-01;44162.79930538989;21284.57862198667;15.0;18.0;False;False;False;False;False;True;True;18.076381067060307
357;302;2012-03-01;44511.71357371408;21284.57862198667;15.0;18.0;False;False;False;False;False;True;True;17.446431513266955
357;302;2012-04-01;43624.73962945765;21284.57862198667;15.0;18.0;False;False;False;False;False;True;True;14.77075102592344
357;302;2012-05-01;44361.31906950124;21284.57862198667;15.0;18.0;False;False;False;False;False;True;True;11.437205108882877
357;302;2012-06-01;44905.23118126684;21284.57862198667;15.0;18.0;False;False;False;False;False;True;True;9.34033570701933
357;302;2012-07-01;41586.36100184556;21284.57862198667;15.0;18.0;False;False;False;False;False;True;True;9.28215510971985
357;302;2012-08-01;42237.80834239743;21284.57862198667;15.0;18.0;False;False;False;False;False;True;True;10.718845608782434
357;302;2012-09-01;43201.79674298703;21284.57862198667;15.0;18.0;False;False;False;False;False;True;True;11.332531404826844
357;302;2012-10-01;49413.85675436536;21284.57862198667;15.0;18.0;False;False;False;False;False;True;True;13.491441487583788
357;302;2012-11-01;50472.77609105462;21284.57862198667;15.0;18.0;False;False;False;False;False;True;True;15.371231557821652
357;302;2012-12-01;44989.18339324729;21284.57862198667;15.0;18.0;False;False;False;False;False;True;True;15.034115050458448
357;302;2013-01-01;45479.210610221424;21284.57862198667;15.0;18.0;False;False;False;False;False;True;True;18.67923836297071
357;302;2013-02-01;48109.589149561885;21284.57862198667;15.0;18.0;False;False;False;False;False;True;True;17.943591401421234
357;302;2013-03-01;46360.25971159405;21284.57862198667;15.0;18.0;False;False;False;False;False;True;True;17.44643151326696
357;302;2013-04-01;46739.01820999079;21284.57862198667;15.0;18.0;False;False;False;False;False;True;True;14.77075102592344
357;302;2013-05-01;48336.32933546078;21284.57862198667;15.0;18.0;False;False;False;False;False;True;True;11.437205108882877
357;302;2013-06-01;47859.43726574772;21284.57862198667;15.0;18.0;False;False;False;False;False;True;True;9.34033570701933
357;302;2013-07-01;43966.51947836888;21284.57862198667;15.0;18.0;False;False;False;False;False;True;True;9.28215510971985
357;302;2013-08-01;40017.5394037361;21284.57862198667;15.0;18.0;False;False;False;False;False;True;True;10.718845608782434
357;302;2013-09-01;41002.50320703272;21284.57862198667;15.0;18.0;False;False;False;False;False;True;True;11.332531404826844
357;302;2013-10-01;46270.882016307565;21284.57862198667;15.0;18.0;False;False;False;False;False;True;True;13.491441487583788
357;302;2013-11-01;46532.811485026265;21284.57862198667;15.0;18.0;False;False;False;False;False;True;True;15.371231557821652
357;302;2013-12-01;42157.07745917303;21284.57862198667;15.0;18.0;False;False;False;False;False;True;True;14.390944069096545
357;302;2014-01-01;43673.02595274655;21284.57862198667;15.0;18.0;False;False;False;False;False;True;True;11.1431840880552
357;302;2014-02-01;44997.20015286804;21284.57862198667;15.0;18.0;False;False;False;False;False;True;True;12.204535957921411
357;302;2014-03-01;44193.35704830057;21284.57862198667;15.0;18.0;False;False;False;False;False;True;True;13.182095292577824
357;302;2014-04-01;43703.48782053985;21284.57862198667;15.0;18.0;False;False;False;False;False;True;True;15.084608638230538
357;302;2014-05-01;44973.70615767057;21284.57862198667;15.0;18.0;False;False;False;False;False;True;True;15.007417672450508
357;302;2014-06-01;41508.67470291154;21284.57862198667;15.0;18.0;False;False;False;False;False;True;True;17.60630221210198
357;302;2014-07-01;42623.424099608885;21284.57862198667;15.0;18.0;False;False;False;False;False;True;True;17.02814087022849
357;302;2014-08-01;42606.16844658899;21284.57862198667;15.0;18.0;False;False;False;False;False;True;True;16.768820314896253
357;302;2014-09-01;44330.44788041954;21284.57862198667;15.0;18.0;False;False;False;False;False;True;True;16.227282433689336
357;302;2014-10-01;46523.87336541267;21284.57862198667;15.0;18.0;False;False;False;False;False;True;True;14.53081529820492
357;302;2014-11-01;45917.501667643046;21284.57862198667;15.0;18.0;False;False;False;False;False;True;True;12.603836181081192
357;302;2014-12-01;46876.78580137008;21284.57862198667;15.0;18.0;False;False;False;False;False;True;True;9.994714275622268
357;302;2015-01-01;44963.78192641554;21284.57862198667;15.0;18.0;False;False;False;False;False;True;True;9.817247733789548
357;302;2015-02-01;43957.67825856296;21284.57862198667;15.0;18.0;False;False;False;False;False;True;True;8.827408379093514
357;302;2015-03-01;45089.19918521748;21284.57862198667;15.0;18.0;False;False;False;False;False;True;True;12.60792026996771
357;302;2015-04-01;45032.80071260735;21284.57862198667;15.0;18.0;False;False;False;False;False;True;True;14.895697905434822
357;302;2015-05-01;45131.95299775912;21284.57862198667;15.0;18.0;False;False;False;False;False;True;True;17.141654142366107
357;302;2015-06-01;47310.06400534282;21284.57862198667;15.0;18.0;False;False;False;False;False;True;True;19.39294481553273
357;302;2015-07-01;47334.442975861646;21284.57862198667;15.0;18.0;False;False;False;False;False;True;True;21.53785193429267
357;302;2015-08-01;43133.460845818285;21284.57862198667;15.0;18.0;False;False;False;False;False;True;True;20.49907454866584
357;302;2015-09-01;44731.73234980921;21284.57862198667;15.0;18.0;False;False;False;False;False;True;True;17.621727802535418
357;302;2015-10-01;48108.51887556468;21284.57862198667;15.0;18.0;False;False;False;False;False;True;True;14.792289238072366
357;302;2015-11-01;47052.79140258199;21284.57862198667;15.0;18.0;False;False;False;False;False;True;True;12.474742852144688
357;302;2015-12-01;44101.90852728903;21284.57862198667;15.0;18.0;False;False;False;False;False;True;True;10.585770904643011
357;302;2016-01-01;44719.922878306505;21284.57862198667;15.0;18.0;False;False;False;False;False;True;True;10.044430381276952
357;302;2016-02-01;43259.10024423113;21284.57862198667;15.0;18.0;False;False;False;False;False;True;True;12.181250227658523
357;302;2016-03-01;42916.487822681695;21284.57862198667;15.0;18.0;False;False;False;False;False;True;True;12.515167674172917
357;302;2016-04-01;41885.40376815179;21284.57862198667;15.0;18.0;False;False;False;False;False;True;True;15.29589403743588
357;302;2016-05-01;38771.49525982626;21284.57862198667;15.0;18.0;False;False;False;False;False;True;True;16.96185797726271
357;302;2016-06-01;40317.15506392914;21284.57862198667;15.0;18.0;False;False;False;False;False;True;True;19.401180382433072
357;302;2016-07-01;39206.68404585119;21284.57862198667;15.0;18.0;False;False;False;False;False;True;True;21.32305825008297
357;302;2016-08-01;38554.20107083993;21284.57862198667;15.0;18.0;False;False;False;False;False;True;True;20.742745780697103
357;302;2016-09-01;36346.25370222748;21284.57862198667;15.0;18.0;False;False;False;False;False;True;True;19.343314778472426
357;302;2016-10-01;38265.45832363382;21284.57862198667;15.0;18.0;False;False;False;False;False;True;True;15.324236311387889
357;302;2016-11-01;38417.7100088081;21284.57862198667;15.0;18.0;False;False;False;False;False;True;True;12.177426391472933
357;302;2016-12-01;35472.64604590804;21284.57862198667;15.0;18.0;False;False;False;False;False;True;True;9.090210333213026
357;302;2017-01-01;36293.49950950284;21284.57862198667;15.0;18.0;False;False;False;False;False;True;True;8.220158448422033
357;302;2017-02-01;37304.20688662632;21284.57862198667;15.0;18.0;False;False;False;False;False;True;True;11.089617159986588
357;302;2017-03-01;35766.48926878315;21284.57862198667;15.0;18.0;False;False;False;False;False;True;True;13.587104379909494
357;302;2017-04-01;34317.69189196419;21284.57862198667;15.0;18.0;False;False;False;False;False;True;True;14.894739608181292
357;302;2017-05-01;35688.561203122095;21284.57862198667;15.0;18.0;False;False;False;False;False;True;True;17.435992917198842
357;302;2017-06-01;37263.19954747069;21284.57862198667;15.0;18.0;False;False;False;False;False;True;True;20.887620035041337
357;302;2017-07-01;33882.219264538835;21284.57862198667;15.0;18.0;False;False;False;False;False;True;True;21.37875162596229
357;302;2017-08-01;33571.478721361644;21284.57862198667;15.0;18.0;False;False;False;False;False;True;True;22.11828355029739
358;303;2010-01-01;10810440.449627746;17934.445926630986;15.0;18.0;False;False;False;False;False;True;True;
358;303;2010-02-01;11027864.056034764;17934.445926630986;15.0;18.0;False;False;False;False;False;True;True;
358;303;2010-03-01;10855012.246381238;17934.445926630986;15.0;18.0;False;False;False;False;False;True;True;
358;303;2010-04-01;10434706.786394969;17934.445926630986;15.0;18.0;False;False;False;False;False;True;True;
358;303;2010-05-01;10451447.58869012;17934.445926630986;15.0;18.0;False;False;False;False;False;True;True;
358;303;2010-06-01;10511740.70274913;17934.445926630986;15.0;18.0;False;False;False;False;False;True;True;
358;303;2010-07-01;10255427.901007446;17934.445926630986;15.0;18.0;False;False;False;False;False;True;True;
358;303;2010-08-01;10250297.838890333;17934.445926630986;15.0;18.0;False;False;False;False;False;True;True;
358;303;2010-09-01;10276257.79553918;17934.445926630986;15.0;18.0;False;False;False;False;False;True;True;
358;303;2010-10-01;10671283.99942171;17934.445926630986;15.0;18.0;False;False;False;False;False;True;True;
358;303;2010-11-01;11124508.774507038;17934.445926630986;15.0;18.0;False;False;False;False;False;True;True;
358;303;2010-12-01;10812320.270383954;17934.445926630986;15.0;18.0;False;False;False;False;False;True;True;
359;303;2011-02-01;10766231.355630487;17934.445926630986;15.0;18.0;False;False;False;False;False;True;True;
359;303;2011-03-01;10716627.650568567;17934.445926630986;15.0;18.0;False;False;False;False;False;True;True;
359;303;2011-04-01;10310811.93095286;17934.445926630986;15.0;18.0;False;False;False;False;False;True;True;
359;303;2011-05-01;10596317.872858204;17934.445926630986;15.0;18.0;False;False;False;False;False;True;True;
360;303;2011-07-01;10284212.872550871;17934.445926630986;15.0;18.0;False;False;False;False;False;True;True;
360;303;2011-08-01;10189495.871698407;17934.445926630986;15.0;18.0;False;False;False;False;False;True;True;
360;303;2011-09-01;10136866.191378403;17934.445926630986;15.0;18.0;False;False;False;False;False;True;True;
360;303;2011-10-01;10200787.830805674;17934.445926630986;15.0;18.0;False;False;False;False;False;True;True;
360;303;2011-11-01;10386138.817138758;17934.445926630986;15.0;18.0;False;False;False;False;False;True;True;
360;303;2011-12-01;10155496.435664698;17934.445926630986;15.0;18.0;False;False;False;False;False;True;True;
360;303;2012-01-01;10121645.888652686;17934.445926630986;15.0;18.0;False;False;False;False;False;True;True;18.790131466337012
360;303;2012-02-01;10624547.42379223;17934.445926630986;15.0;18.0;False;False;False;False;False;True;True;18.076381067060307
360;303;2012-03-01;10575842.286072643;17934.445926630986;15.0;18.0;False;False;False;False;False;True;True;17.446431513266955
360;303;2012-04-01;10301147.218337717;17934.445926630986;15.0;18.0;False;False;False;False;False;True;True;14.77075102592344
360;303;2012-05-01;10535569.09840344;17934.445926630986;15.0;18.0;False;False;False;False;False;True;True;11.437205108882877
360;303;2012-06-01;10512786.322947333;17934.445926630986;15.0;18.0;False;False;False;False;False;True;True;9.34033570701933
360;303;2012-07-01;10347125.691763252;17934.445926630986;15.0;18.0;False;False;False;False;False;True;True;9.28215510971985
361;303;2012-09-01;10235406.988229884;17934.445926630986;15.0;18.0;False;False;False;False;False;True;True;11.332531404826844
361;303;2012-10-01;10902980.083724948;17934.445926630986;15.0;18.0;False;False;False;False;False;True;True;13.491441487583788
361;303;2012-11-01;10990199.64644686;17934.445926630986;15.0;18.0;False;False;False;False;False;True;True;15.371231557821652
361;303;2012-12-01;10552333.632425198;17934.445926630986;15.0;18.0;False;False;False;False;False;True;True;15.034115050458448
362;303;2013-02-01;11146173.935454218;17934.445926630986;15.0;18.0;False;False;False;False;False;True;True;17.943591401421234
362;303;2013-03-01;11156798.867366789;17934.445926630986;15.0;18.0;False;False;False;False;False;True;True;17.44643151326696
362;303;2013-04-01;11005141.58721066;17934.445926630986;15.0;18.0;False;False;False;False;False;True;True;14.77075102592344
362;303;2013-05-01;10874775.136956368;17934.445926630986;15.0;18.0;False;False;False;False;False;True;True;11.437205108882877
362;303;2013-06-01;10678617.251928229;17934.445926630986;15.0;18.0;False;False;False;False;False;True;True;9.34033570701933
362;303;2013-07-01;10710125.27459411;17934.445926630986;15.0;18.0;False;False;False;False;False;True;True;9.28215510971985
362;303;2013-08-01;9927698.722978905;17934.445926630986;15.0;18.0;False;False;False;False;False;True;True;10.718845608782434
362;303;2013-09-01;10000980.210600743;17934.445926630986;15.0;18.0;False;False;False;False;False;True;True;11.332531404826844
362;303;2013-10-01;10547382.161221338;17934.445926630986;15.0;18.0;False;False;False;False;False;True;True;13.491441487583788
362;303;2013-11-01;10831295.51560723;17934.445926630986;15.0;18.0;False;False;False;False;False;True;True;15.371231557821652
362;303;2013-12-01;10443176.507774487;17934.445926630986;15.0;18.0;False;False;False;False;False;True;True;14.390944069096545
362;303;2014-01-01;10341011.877605624;17934.445926630986;15.0;18.0;False;False;False;False;False;True;True;11.1431840880552
362;303;2014-02-01;10650901.762525544;17934.445926630986;15.0;18.0;False;False;False;False;False;True;True;12.204535957921411
363;303;2014-04-01;10787678.563706806;17934.445926630986;15.0;18.0;False;False;False;False;False;True;True;15.084608638230538
363;303;2014-05-01;10846201.99339606;17934.445926630986;15.0;18.0;False;False;False;False;False;True;True;15.007417672450508
363;303;2014-06-01;10618804.010687971;17934.445926630986;15.0;18.0;False;False;False;False;False;True;True;17.60630221210198
363;303;2014-07-01;10422125.11897141;17934.445926630986;15.0;18.0;False;False;False;False;False;True;True;17.02814087022849
364;303;2014-09-01;10521671.917911597;17934.445926630986;15.0;18.0;False;False;False;False;False;True;True;16.227282433689336
364;303;2014-10-01;10671887.440086264;17934.445926630986;15.0;18.0;False;False;False;False;False;True;True;14.53081529820492
364;303;2014-11-01;10720492.425011272;17934.445926630986;15.0;18.0;False;False;False;False;False;True;True;12.603836181081192
364;303;2014-12-01;10502130.17120891;17934.445926630986;15.0;18.0;False;False;False;False;False;True;True;9.994714275622268
364;303;2015-01-01;10753483.48472754;17934.445926630986;15.0;18.0;False;False;False;False;False;True;True;9.817247733789548
364;303;2015-02-01;10759317.100537524;17934.445926630986;15.0;18.0;False;False;False;False;False;True;True;8.827408379093514
364;303;2015-03-01;11325420.777341891;17934.445926630986;15.0;18.0;False;False;False;False;False;True;True;12.60792026996771
364;303;2015-04-01;11068737.55561937;17934.445926630986;15.0;18.0;False;False;False;False;False;True;True;14.895697905434822
364;303;2015-05-01;10440607.002631608;17934.445926630986;15.0;18.0;False;False;False;False;False;True;True;17.141654142366107
364;303;2015-06-01;10530428.73990461;17934.445926630986;15.0;18.0;False;False;False;False;False;True;True;19.39294481553273
364;303;2015-07-01;10609900.999537297;17934.445926630986;15.0;18.0;False;False;False;False;False;True;True;21.53785193429267
364;303;2015-08-01;10756575.379429951;17934.445926630986;15.0;18.0;False;False;False;False;False;True;True;20.49907454866584
364;303;2015-09-01;6415262.900763027;17934.445926630986;15.0;18.0;False;False;False;False;False;True;True;17.621727802535418
365;303;2015-11-01;11220839.75564562;17934.445926630986;15.0;18.0;False;False;False;False;False;True;True;12.474742852144688
365;303;2015-12-01;10870751.241318116;17934.445926630986;15.0;18.0;False;False;False;False;False;True;True;10.585770904643011
365;303;2016-01-01;10972032.44531894;17934.445926630986;15.0;18.0;False;False;False;False;False;True;True;10.044430381276952
366;303;2016-03-01;11572208.706189008;17934.445926630986;15.0;18.0;False;False;False;False;False;True;True;12.515167674172917
366;303;2016-04-01;11275896.82146722;17934.445926630986;15.0;18.0;False;False;False;False;False;True;True;15.29589403743588
366;303;2016-05-01;11042671.36943202;17934.445926630986;15.0;18.0;False;False;False;False;False;True;True;16.96185797726271
366;303;2016-06-01;10928250.77727939;17934.445926630986;15.0;18.0;False;False;False;False;False;True;True;19.401180382433072
366;303;2016-07-01;10741912.63291162;17934.445926630986;15.0;18.0;False;False;False;False;False;True;True;21.32305825008297
366;303;2016-08-01;10833200.8001126;17934.445926630986;15.0;18.0;False;False;False;False;False;True;True;20.742745780697103
366;303;2016-09-01;10582544.839220516;17934.445926630986;15.0;18.0;False;False;False;False;False;True;True;19.343314778472426
366;303;2016-10-01;10992840.91907551;17934.445926630986;15.0;18.0;False;False;False;False;False;True;True;15.324236311387889
366;303;2016-11-01;11450034.455365833;17934.445926630986;15.0;18.0;False;False;False;False;False;True;True;12.177426391472933
366;303;2016-12-01;10858116.025290854;17934.445926630986;15.0;18.0;False;False;False;False;False;True;True;9.090210333213026
366;303;2017-01-01;10880088.107780028;17934.445926630986;15.0;18.0;False;False;False;False;False;True;True;8.220158448422033
366;303;2017-02-01;10971187.797862988;17934.445926630986;15.0;18.0;False;False;False;False;False;True;True;11.089617159986588
366;303;2017-03-01;11055000.008095836;17934.445926630986;15.0;18.0;False;False;False;False;False;True;True;13.587104379909494
367;303;2017-05-01;10557389.00367012;17934.445926630986;15.0;18.0;False;False;False;False;False;True;True;17.435992917198842
367;303;2017-06-01;10619144.679166682;17934.445926630986;15.0;18.0;False;False;False;False;False;True;True;20.887620035041337
367;303;2017-07-01;10322311.824359706;17934.445926630986;15.0;18.0;False;False;False;False;False;True;True;21.37875162596229
367;303;2017-08-01;10539869.99514083;17934.445926630986;15.0;18.0;False;False;False;False;False;True;True;22.11828355029739
368;304;2015-03-01;103806.19812423394;1258.8978868491251;15.0;18.0;False;False;False;False;False;True;True;12.60792026996771
368;304;2015-04-01;117076.60991035496;1258.8978868491251;15.0;18.0;False;False;False;False;False;True;True;14.895697905434822
368;304;2015-05-01;139807.90908869082;1258.8978868491251;15.0;18.0;False;False;False;False;False;True;True;17.141654142366107
368;304;2015-06-01;210603.92470889512;1258.8978868491251;15.0;18.0;False;False;False;False;False;True;True;19.39294481553273
368;304;2015-07-01;278153.024132034;1258.8978868491251;15.0;18.0;False;False;False;False;False;True;True;21.53785193429267
368;304;2015-08-01;231403.2652412652;1258.8978868491251;15.0;18.0;False;False;False;False;False;True;True;20.49907454866584
368;304;2015-09-01;182469.773670378;1258.8978868491251;15.0;18.0;False;False;False;False;False;True;True;17.621727802535418
368;304;2015-10-01;139094.14781155877;1258.8978868491251;15.0;18.0;False;False;False;False;False;True;True;14.792289238072366
368;304;2015-11-01;121620.29303693598;1258.8978868491251;15.0;18.0;False;False;False;False;False;True;True;12.474742852144688
368;304;2015-12-01;115741.62693277592;1258.8978868491251;15.0;18.0;False;False;False;False;False;True;True;10.585770904643011
368;304;2016-01-01;109669.49257032572;1258.8978868491251;15.0;18.0;False;False;False;False;False;True;True;10.044430381276952
368;304;2016-02-01;125897.83871549998;1258.8978868491251;15.0;18.0;False;False;False;False;False;True;True;12.181250227658523
369;304;2016-04-01;118346.96950742153;1258.8978868491251;15.0;18.0;False;False;False;False;False;True;True;15.29589403743588
369;304;2016-05-01;129299.26637841274;1258.8978868491251;15.0;18.0;False;False;False;False;False;True;True;16.96185797726271
369;304;2016-06-01;163190.93650904673;1258.8978868491251;15.0;18.0;False;False;False;False;False;True;True;19.401180382433072
369;304;2016-07-01;212033.17076025304;1258.8978868491251;15.0;18.0;False;False;False;False;False;True;True;21.32305825008297
